path,text
000001.png,Dirt floor tile with scattered reddish-brown specks on a dark purple-brown surface
000002.png,Cobblestone floor tile with scattered reddish-brown square stones on dark purple background
000003.png,Circular cobblestone tile featuring reddish-brown square stones arranged in a round cluster
000004.png,Circular stone pattern tile with reddish-brown square pavers centered on dark ground
000005.png,Mossy floor tile with bright green flecked patches on dark purple ground
000006.png,Mossy ground tile decorated with bright green diamond-shaped clusters and small dots
000007.png,Grass floor tile featuring bright green stepped and zigzag patches on dark ground
000008.png,Pathway tile with reddish-brown pavement flanked by dark vertical striped borders
000009.png,Curved corner wall tile with reddish-brown border framing dark square interior marks
000010.png,"Wall border tile with reddish-brown surface, dark vertical trim, and center dashes"
000011.png,Carved stone tile featuring a central dark cross and reddish-brown corner brackets
000012.png,Arched wall tile with a reddish-brown arch border enclosing a central rectangular slot
000013.png,Dark purple floor tile with a thin reddish-brown stripe along the right edge
000014.png,Dark wall tile featuring a notched reddish-brown border along its right side
000015.png,Corner border tile with dark purple surface and reddish-brown right and bottom edges
000016.png,Pavement tile composed of interlocking reddish-brown rectangular bricks with dark mortar lines
000017.png,Ornamental floor tile displaying a symmetrical reddish-brown geometric pattern on dark ground
000018.png,Crumbling stone wall corner tile with cream edge framing dark purple broken bricks
000019.png,Crumbling stone wall top tile featuring cream trim above dark purple broken bricks
000020.png,Crumbling stone wall corner tile with cream top-right trim over dark purple bricks
000061.png,Skeleton figure in pale beige bone color with dark eye sockets and stout limbs
000062.png,Hooded robed character in pale beige facing forward with hands held at sides
000063.png,Hooded traveler in pale beige robes holding an upright staff in one hand
000064.png,Sprouting grass shoots in bright green consisting of three thin vertical leafy stems
000065.png,Branching cactus in bright green with multiple horizontal and vertical limbs spreading outwards
000066.png,Twisting vine plant in bright green with a central stem and small leaves
000067.png,Two conical pine trees in bright green standing together side by side
000068.png,Deciduous tree with a rounded bright green foliage canopy and thick central trunk
000069.png,Cluster of smooth stone boulders and pebbles in pale beige with rounded edges
000070.png,Leafless dead shrub in light brown with angled bare woody branches spreading outward
000071.png,Palm tree in bright green featuring drooping canopy fronds atop a slender stem
000072.png,Vertical dirt road segment in reddish brown with dark borders and central dashes
000073.png,Corner wall tile in reddish brown with dark crenellated top and left edges
000074.png,Straight wall segment in reddish brown with a dark left border and accents
000075.png,Ground floor tile in reddish brown featuring dark corner notches and central accents
000076.png,Fortified wall section in reddish brown with crenellations and a small base notch
000077.png,Stone post in pale beige featuring a hollow circular top above a square block
000078.png,Stone column connector in pale beige with a central ring between two rectangular blocks
000079.png,Stone corner junction in pale beige with a hollow ring connecting two adjoining blocks
000080.png,Four-way stone cross junction in pale beige with a central ring and four arms
000081.png,Paving stone junction with a central hollow beige square and three connected blocks
000082.png,Stone wall corner composed of beige brick blocks lining the left and bottom
000083.png,Stone wall section composed of stacked beige bricks along the bottom edge
000084.png,Stone wall corner showing jagged beige bricks along the bottom and right edges
000085.png,Grass stalks in reddish brown growing in vertical lines from the bottom edge
000086.png,Wooden walkway section featuring a horizontal reddish-brown plank crossing two vertical posts
000087.png,Wooden crate face with a light beige border and a diagonal cross brace
000088.png,Cloaked figure wearing a hooded beige robe with long sleeves hanging downward
000089.png,"Alien humanoid figure with a round beige head, short antenna ears, and limbs"
000090.png,Humanoid character wearing a wide-brimmed beige hat with square torso and limbs
000091.png,Horned humanoid creature in beige holding an upright three-pronged pitchfork
000092.png,Humanoid warrior in beige holding an upright staff or spear beside its body
000093.png,Goblin creature in beige with wide horizontal pointed ears and short legs
000094.png,Humanoid warrior in beige holding two downward-pointing daggers at its sides
000095.png,Humanoid traveler in beige wearing a wide hat and holding a walking staff
000096.png,Wooden fence segment in reddish brown with vertical pickets connected by beams
000097.png,Wooden bookshelf in reddish brown with books standing on two horizontal shelves
000098.png,Wooden wall shelf in reddish brown with vertical dividers and two horizontal planks
000099.png,Wooden door in reddish brown positioned inside a matching vertical rectangular doorframe
000100.png,Corridor path in dark purple bordered by vertical reddish-brown segmented wooden walls
000101.png,"Portcullis gate, vertical beige bars and horizontal crossbeams on a dark brown field"
000102.png,"Raised portcullis gate, open doorway framed by beige tooth-like bars top and bottom"
000103.png,"Wall border, two vertical reddish-brown stripes running down the left dark edge"
000104.png,"Corner wall trim, reddish-brown double angled stripes turning around the upper-left corner"
000105.png,"Corner wall accent, small reddish-brown right-angled block in the lower-left corner"
000106.png,"Wall pillar borders, two sets of twin reddish-brown vertical stripes on both sides"
000107.png,"Archway outline, reddish-brown rounded doorway frame surrounding a dark central passage"
000108.png,"Wall border, reddish-brown vertical stripes on right with small corner piece bottom-left"
000109.png,"Stone pillar base, short beige rectangular block standing upright against a dark ground"
000110.png,"Stone pillar, tall beige rectangular column extending vertically through the dark center"
000111.png,"Corner wall segment, beige right-angled beam bending from bottom to the right"
000112.png,"Crossroads wall junction, four-way beige stone cross with a square hollow center"
000113.png,"T-junction wall, beige vertical stone beam joining a single horizontal branch extending right"
000114.png,"Loose stone bricks, small pile of light beige blocks in the bottom-right corner"
000115.png,"Crumbling stone wall, light beige rectangular bricks clustered along the bottom-left corner"
000116.png,"Diagonal stone staircase, beige stepped slope rising toward top-right with scattered debris underneath"
000117.png,"Diagonal stone staircase, beige stepped slope descending toward bottom-right with scattered rubble underneath"
000118.png,"Decorated floor tile, concentric beige square frames surrounding a dark brown interior"
000119.png,"Mosaic floor tile, beige and dark checkered grid enclosed within a square frame"
000120.png,"Skeleton monster, beige bone humanoid with dark eye sockets and broad rectangular body"
000021.png,Wooden fence with two vertical reddish-brown posts connected by two horizontal rails
000022.png,Suspension bridge featuring two white triangular cable towers over a flat horizontal base
000023.png,Engraved square stone tile with concentric beige borders and a central cross emblem
000024.png,"Hooded robed figure rendered in beige, standing upright with a shrouded face"
000025.png,"Humanoid figure in beige with two dark eyes, square torso, and straight limbs"
000026.png,Skeleton warrior in beige holding a vertical spear or staff on the right
000027.png,"Beige warrior with two dark eyes, holding a square shield and a sword"
000028.png,"Armored beige knight wearing a helmet, holding a square shield and raised sword"
000029.png,Armored beige spearman holding a square shield on left and a segmented spear
000030.png,"Beige skeleton creature with hollow eyes, outstretched bent arms, and angled legs"
000031.png,Horned beige warrior holding a large square shield and an upright weapon
000032.png,Pine tree with a solid bright green triangular canopy and tiny trunk
000033.png,Tiered pine tree with layered bright green foliage branches and a small trunk
000034.png,Deciduous tree with an upright oval green canopy and a small trunk
000035.png,Two green trees with rounded canopies and small trunks standing side-by-side
000036.png,Rounded green tree with an egg-shaped canopy and a tiny square trunk
000037.png,Broad canopy tree with a wide green top and branching trunk below
000038.png,Saguaro cactus in bright green with a central stem and two branches
000039.png,Two slender green cacti with vertical stems and short upward-pointing side arms
000040.png,Dirt path rendered in reddish brown with uneven edges running vertically through
000041.png,Reddish-brown terrain corner tile curving across a dark purple square
000042.png,Reddish-brown vertical wall tile with a ragged edge on a dark purple square
000043.png,Reddish-brown solid ground tile with notched dark purple corners
000044.png,Reddish-brown rounded mound tile on a dark purple square
000048.png,Crosshair reticle in reddish-brown with a central plus and four outer dots
000050.png,Stone brick wall edge made of light beige blocks against dark purple
000051.png,Crumbling stone debris composed of scattered beige fragments on dark purple
000052.png,Stone brick wall edge in light beige with exposed right border
000053.png,Ladder with orange rungs set between two vertical wooden rails
000054.png,Vertical striped wall border in reddish-brown and purple with a serrated edge
000055.png,Stone puzzle block with a cream border and
000121.png,"Skeleton figure in beige with round skull, visible ribs, outstretched arms and short legs"
000122.png,"Armored warrior in beige with horizontal helmet visor, bent arms, and wide stance"
000123.png,"Winged creature in beige with rounded head, curved side appendages, and two legs"
000124.png,"King figure in beige with three-spiked crown, facial beard, and wide robed shoulders"
000125.png,"Queen figure in beige wearing a rounded crown, side veil, and tiered gown"
000126.png,"Small adventurer in beige with rounded helmet visor, compact torso, and short limbs"
000127.png,"Young girl in beige with twin pigtails, rounded head, simple dress, and spread arms"
000128.png,Grated fence in beige with a horizontal top rail and diagonal lattice pattern
000129.png,Barred window in beige with square outer frame and full diagonal crosshatch lattice
000130.png,Window grate in beige with outer frame and two separated diagonal lattice panels
000131.png,"Stone door in beige with vertical slab, rectangular keyhole, and outer border brackets"
000132.png,Dungeon floor opening with dark purple center surrounded by broken beige corner brackets
000133.png,"Ornate wall alcove in beige featuring vertical pillars, central niche, and dotted base"
000134.png,"Architectural facade in beige with triple arched openings, upper pediment, and base plinth"
000135.png,"Large chest in beige with thick horizontal rectangular body, top beam, and feet"
000136.png,Water channel in bright blue flowing vertically between dark purple notched stone banks
000137.png,Water pond corner in bright blue curving into the bottom-right on dark purple ground
000138.png,Water shoreline in bright blue covering the right half against a notched dark bank
000139.png,Square water basin in bright blue enclosed by four dark purple corner blocks
000140.png,Arched water pool in bright blue framed by a curved dark purple stone archway
000181.png,A compressed spring platform with a red curved pad and a flat base
000182.png,A partially extended spring platform with a red cap and zigzag metal coil
000183.png,A fully extended spring platform with a red top pad on a zigzag spring
000184.png,"A scorpion in beige with front pincers, a segmented body, and curved stinger"
000185.png,"A crab in beige with two curved front claws, wide shell, and walking legs"
000186.png,"A fly in beige with two spread wings, striped body, antennae, and legs"
000187.png,A spider in beige with eight jointed legs extending from a round body
000188.png,A spider in beige with a round body and long curved downward legs
000189.png,"A beetle in beige with a rounded dome shell, small head, and short legs"
000190.png,"A beetle in beige with a segmented shell, two antennae, and spreading side legs"
000191.png,A stag beetle in beige with two large upward-curving horns and tiny legs
000192.png,A wooden ladder in brown with two vertical side rails and three horizontal rungs
000193.png,A wooden ladder in brown with vertical side rails and staggered rectangular steps
000194.png,A descending staircase in brown with four stepped vertical pillars inside a half-frame
000195.png,A bar chart in brown with three descending vertical bars inside a square border
000196.png,A wooden ladder in brown with two vertical sides and four evenly spaced rungs
000197.png,A wooden bookshelf in brown with two shelves filled with books of varying angles
000198.png,A wooden doorway frame in brown with two vertical posts and angled top braces
000199.png,A ringed planet in brown with a central sphere encircled by an angled ring
000200.png,A treasure chest in brown with a rounded hinged lid and a center clasp
000141.png,"Dead end corridor, formed by an inverted U-shaped beige line with an opening below"
000142.png,"Straight pathway, consisting of two parallel vertical beige lines running from top to bottom"
000143.png,"Corner pathway, formed by two concentric right-angled beige lines bending toward the right"
000144.png,"Four-way cross intersection, formed by four right-angled beige corners meeting around a central gap"
000145.png,"T-junction pathway, featuring a vertical beige line and a horizontal branch extending rightward"
000146.png,"Broken stone wall, consisting of fragmented beige rectangular blocks clustered in the upper-right"
000147.png,"Masonry corner, featuring beige rectangular bricks arranged haphazardly in the top-left corner"
000148.png,"Diagonal tunnel wall, formed by a stepped beige diagonal line with crumbling rocks above"
000149.png,"Diagonal wall, featuring a stepped beige boundary line with scattered rock fragments above it"
000150.png,"Gold coin or ring, shaped as a hollow yellow rectangle with rounded outer edges"
000151.png,"Blue gemstone, shaped like a cut diamond with a wide top and tapering point"
000152.png,"Humanoid figure wearing large beige headphones, featuring long hair, rectangular eyes, and legs"
000153.png,"Man wearing a beige fedora hat, with a grinning face, arms, and legs"
000154.png,"Man wearing a beige cap, featuring a round head, wide shoulders, and stubby legs"
000155.png,"Character wearing a wide beige hat, round spectacles, and standing with outstretched arms"
000156.png,"Detective wearing a beige fedora and trench coat, holding a cane in one hand"
000157.png,"Robot figure, rendered in beige with large square eye sockets and thin mechanical limbs"
000158.png,"Character wearing a beige beanie and goggles, with a buttoned coat and dangling hands"
000159.png,"Skeleton character, shown in beige with hollow eyes, open mouth, and square body structure"
000160.png,"Railroad tracks, composed of two vertical beige rails connected by three horizontal cross ties"
000201.png,"Treasure chest, brown rectangular box with horizontal bands and a central square latch"
000202.png,"Square safe, beige mechanical box with vertical borders and a central checkered pattern"
000203.png,"Storage chest, cream-colored container with a jagged top band and central square slot"
000204.png,"Three vertical tracks, reddish-brown wooden ribbed posts standing side by side"
000205.png,"Four plant sprouts, bright green two-leaf seedlings arranged in a two-by-two grid"
000206.png,"Four cross-shaped sprouts, bright green plant shoots arranged in a two-by-two grid"
000207.png,"Four leafy bushes, bright green rounded clover-shaped shrubs in a two-by-two grid"
000208.png,"Four branched sprouts, bright green seedlings with side leaves in a two-by-two grid"
000209.png,"Two tall stalks, bright green twin flowering stems pointing downwards side by side"
000210.png,"Tree stump, thick brown wooden base with cut top and small side protrusions"
000211.png,"Tree trunk, tall brown wooden trunk with short stubby branches jutting from sides"
000212.png,"Tree trunk, brown vertical wooden pole with alternating staggered notches on sides"
000213.png,"Cavern ceiling, beige jagged rock overhang with a single long hanging stalactite"
000214.png,"Cavern ceiling, beige rocky overhang with multiple hanging stalactites across the top"
000215.png,"Cavern ceiling, beige jagged rock ledge tapering downwards from the top edge"
000216.png,"Elderly wizard, cream-colored humanoid figure with a hooded cloak and long beard"
000217.png,"Stout dwarf, cream-colored warrior figure with a horned helmet and bushy beard"
000218.png,"Pointed ghost, cream-colored floating creature with dark eyes and a tapered tail"
000219.png,"Skeletal phantom, cream-colored floating figure with square skull, hollow eyes, and arms"
000220.png,"Bulky monster, cream-colored ape-like creature with wide shoulders and short legs"
000161.png,"Stone wall corner, beige geometric segments forming an inner angle on dark brown ground"
000162.png,"Stone wall segment, beige vertical column and curved arch on dark brown ground"
000163.png,"Stone wall intersection, beige crossing forming an open square on dark brown ground"
000164.png,"Stone wall junction, beige vertical bar connected to horizontal bars on dark ground"
000165.png,"Fence railing, beige horizontal beams holding two rows of vertical posts on dark ground"
000166.png,"Wooden arch gate, brown timber posts, horizontal railings, and a rounded curved top"
000167.png,"Wooden fence, brown horizontal timber rails connected by vertical slats with two base pegs"
000168.png,"Water surface, a solid cyan blue square completely filling the entire cell"
000169.png,"Water shoreline, cyan blue pool bordered on the left by dark brown notched edge"
000170.png,"Water shoreline corner, rounded cyan blue water framed by dark brown edges"
000171.png,"Water tile, large cyan blue water surface with a dark brown top left corner"
000172.png,"River stream, vertical cyan blue waterway flowing between dark brown banks with small notches"
000173.png,"River bend, an L shaped cyan blue water stream turning across dark brown ground"
000174.png,"Water pond, circular cyan blue pool with vertical inlet channels on dark brown ground"
000175.png,"Stone floor ruins, fragmented brown rectangular bricks and paved pathways on dark ground"
000176.png,"Wooden fence panel, brown vertical balusters enclosed between top and bottom horizontal rails"
000177.png,"Wooden wall panel, brown frame with square cutouts and a dotted lower base"
000178.png,"Cloud formation, two layered beige horizontal puffy clouds floating near the top edge"
000179.png,"Pine tree, conical bright green foliage with dark square accents on dark brown ground"
000180.png,"Deciduous tree, rounded bright green foliage canopy with dark square details on dark ground"
000261.png,"Bed frame in brown wood, featuring tall headboard, mattress, and checkered blanket"
000262.png,"Bed in brown wood with footboard, side rail, legs, and a checkered blanket"
000263.png,Fireplace made of beige stone with brick chimney above and lower hearth opening
000264.png,"Armchair in beige fabric featuring high back cushion, padded armrests, and patterned base"
000265.png,"Clay pot in brown ceramic with rounded belly, thick rim, and side handles"
000266.png,Dresser in cream wood featuring two upper drawers and one wide lower drawer
000267.png,Bookcase in cream wood with four open square cubbies and flat top surface
000268.png,"Nightstand in cream wood with an upper drawer, hollow lower compartment, and legs"
000269.png,Shop sign in brown wood hanging from an iron bracket displaying a carved emblem
000270.png,Shop sign in brown wood hanging from a metal bracket displaying a round emblem
000271.png,Doorframe in brown wood consisting of two vertical posts and a horizontal lintel
000272.png,Flag in red fabric attached to a vertical pole and waving toward the right
000273.png,"Monster in bright yellow with pointed ears, round body, stubby feet, and small face"
000274.png,"Monster in bright yellow with pointed ears, round torso, and one foot raised forward"
000275.png,"Monster in bright yellow with pointed ears, round body, and arms outstretched sideways"
000276.png,"Monster in bright yellow with pointed ears, round body, and legs spread wide apart"
000277.png,Monster in bright yellow squatting down with upright pointed ears and dark facial features
000278.png,"Monster in bright yellow peeking from bottom right corner, showing head and pointed ears"
000279.png,"Humanoid outline in beige lines with a rounded head, broad shoulders, and short legs"
000280.png,"Octopus monster in beige showing two dark eyes, flanking tentacles, and hanging lower arms"
000221.png,"Skeleton in off-white with a rounded skull, thin ribcage, bent arms, and two legs"
000222.png,"Robot monster in off-white with a square head, broad shoulders, heavy arms, and legs"
000223.png,"Armored robot figure in off-white with rectangular head, wide shoulders, and curved bracket arms"
000224.png,Directional signpost in brown wood with two stacked rectangular boards on a central post
000225.png,Wooden notice sign in brown featuring a large horizontal board on a single post
000226.png,Wooden workbench in brown with stacked horizontal beams supported by two thick square legs
000227.png,Shop counter in brown wood with a patterned base and item on top
000228.png,Building entrance in brown wood featuring an upper awning above closed double doors
000229.png,Open doorway in brown with a wide upper awning above a tall empty entryway
000230.png,Storefront facade in brown with a large upper panel above closed double doors
000231.png,Storefront entrance in brown with a large upper panel over an open framed doorway
000232.png,Building facade in brown wood with an upper awning above two square window frames
000233.png,Service window in brown with an upper awning above a wide horizontal opening
000321.png,"Floor hatch, square light-grey plate bordered in bright blue with four small dots"
000322.png,"Lever switch, bright blue handle tilted diagonally up and left from a base"
000323.png,"Lever switch, bright blue handle tilted diagonally up and right from a base"
000324.png,"Arched doorway, off-white frame enclosing an interior panel and small square window"
000325.png,"Arched entryway, off-white frame containing an intercom panel with small square cutouts"
000326.png,"Garage door, off-white roll-up shutter with horizontal slats inside a heavy frame"
000327.png,"Empty doorway, off-white rectangular archway framing a hollow, dark open passage"
000328.png,"Service window, off-white corner walls enclosing a checkered glass pane and counter"
000329.png,"Shutter wall, off-white corner frame enclosing multiple horizontal roll-up metal slats"
000330.png,"Corner wall, off-white thick L-shaped border along the top and left edges"
000331.png,"Toilet, off-white side profile showing a tall water tank and rounded bowl"
000332.png,"Bathtub, off-white rectangular basin seen from the side with interior water marks"
000333.png,"Campfire, bright reddish-orange teardrop flame burning upright with scattered glowing sparks"
000334.png,"Flame, bright reddish-orange teardrop fire burning upward with a darker inner core"
000335.png,"Brown chair, U-shaped upper seat resting on two square legs beneath a bar"
000336.png,"Pedestal chair, brown U-shaped seat supported by a single central vertical post"
000337.png,"Green cabin, rounded domed roof over a square hut with front doorway"
000338.png,"Green tent, triangular A-frame shelter with a pitched roof and front entrance"
000339.png,"Orange dresser, rectangular wooden frame on small feet with an inner panel"
000340.png,"Hanging signboard, orange rectangular board suspended from a tall L-shaped wooden post"
000241.png,"Creature, light blue, with round ears, smiling face, and tiny standing limbs"
000242.png,"Creature, light blue, walking with round ears, a smile, and one raised foot"
000243.png,"Creature, light blue, with round ears and smiling face, standing with feet apart"
000244.png,"Creature, light blue, leaping in mid-air with outstretched arms and spread legs"
000245.png,"Creature, light blue, with round ears, smiling face, and raised arms"
000246.png,"Creature, light blue, with round ears peeking up from the lower frame"
000247.png,"Robot, beige, standing facing forward with a square head and blocky limbs"
000248.png,"Duck, beige, facing right with a rounded body, beak, and wing outline"
000249.png,"Bird, beige, facing right with a small crest, beak, and round body"
000250.png,"Cow, beige, facing right with horns, four blocky legs, and short tail"
000251.png,"Horse, beige, facing right with an upright mane, legs, and tail"
000252.png,"Pig, beige, facing right with a stout body, ears, and curly tail"
000253.png,"Cat, beige, sitting facing forward with pointed ears and an upright curved tail"
000254.png,"Dog, beige, facing right with perked ears, snout, and an upright tail"
000255.png,"Mirror, brown wood, standing upright in a frame with diagonal glass reflections"
000256.png,"Stool, brown wood, with a rounded seat, backrest, and two short legs"
000257.png,"Table, brown wood, with a wide rectangular top and two blocky legs"
000258.png,"Counter, brown wood, with an open right side and a left leg"
000259.png,"Shelves, brown wood, consisting of two parallel horizontal beams or empty frame"
000260.png,"Bed, brown wood, with a tall headboard, mattress, pillow, and patterned blanket"
000301.png,"Trampoline, cream-colored rounded rectangular frame resting on two short straight legs"
000302.png,"Table or bench, cream-colored rectangular flat top resting on two straight legs"
000303.png,Two vertical brown poles standing parallel along the left and right edges
000304.png,"Checkpoint flag, orange-red waving pennant attached to a vertical left flagpole"
000305.png,"Green alien monster, smiling round body with two antennae rising from the ground"
000306.png,"Green alien monster, smiling round body with two antennae walking to the left"
000307.png,"Green alien monster, smiling round body with two antennae running with bent legs"
000308.png,"Green alien monster, smiling round body with two antennae leaping in the air"
000309.png,"Green alien monster, smiling round body with two antennae running towards the right"
000310.png,"Green alien monster, partially submerged or ducking with antennae and eye visible"
000311.png,"Humanoid brawler, beige muscular figure with square head and hands on hips"
000312.png,"Humanoid warrior, beige muscular fighter with bald head and diagonal chest sash"
000313.png,"Wizard, beige humanoid figure wearing a tall pointed conical hat and robes"
000314.png,"Astronaut, beige humanoid figure wearing a large rounded dome helmet and suit"
000315.png,"Robot, beige mechanical humanoid figure with boxy head, torso, and straight limbs"
000316.png,"Soldier, beige armored humanoid figure wearing a flat-topped helmet and chest plate"
000317.png,"Commando, beige humanoid figure wearing a slanted beret and diagonal shoulder strap"
000318.png,"Mermaid, beige humanoid figure with flowing long hair and a curved tail"
000319.png,"Padlock, bright blue rectangular body with a curved top shackle and dark keyhole"
000320.png,"Metal block, square tile with concentric blue borders and four corner rivets"
000421.png,Red brick wall texture with scattered rectangular bricks and zigzag mortar patterns
000422.png,Glowing red square button with a minus dash inside a dashed border
000423.png,Stone pillar capital forming a grey T-shape supported by angled brackets
000424.png,Grey stone gate or double arch structure with suspended vertical hook pillars
000425.png,"High-tech floor tile with red horizontal stripes, side lights, and diagonal treads"
000426.png,Vertical metal grating texture with parallel stripes and diagonal stair-step grooves
000427.png,Crane hook or fishing hook mechanism in grey with mounting block above
000428.png,Red robotic barrel or dispenser unit with segmented cylindrical rounded body
000429.png,Red tiered fire urn or beehive shape emitting a small flame top
000430.png,Grey vehicle or robot head with visor bar and two square eyes
000431.png,Stone wall corner border featuring crenelated outer rim and inner jagged trim
000432.png,Horizontal stone wall edge with top battlements and bottom sawtooth fringe
000433.png,Right-facing stone wall corner with outer battlements and inner sawtooth fringe
000434.png,"Stone wall dead-end corridor piece with layered battlements, sawtooth, and base border"
000435.png,"Stone horizontal wall segment with upper battlements, middle sawtooth, and lower border"
000436.png,Grey stone corridor cul-de-sac wall segment forming a left-facing hollow bracket
000437.png,Grey horizontal road or corridor floor tile with top and bottom borders
000438.png,Curved grey stone corridor end with rounded outer wall and inner rounded cap
000439.png,Upward-pointing navigation arrow composed of a beige triangle atop a vertical shaft
000440.png,Vertical beige stripe pathway bordered by dark solid panels on both sides
000341.png,Bunting banner with beige triangular and rectangular flags strung across the upper edge
000342.png,Service counter kiosk in bright yellow outlines featuring an upper slot and lower bell
000343.png,"Young man's head with short rounded beige hair, dark eyes, and a small nose"
000344.png,"Woman's head with shoulder-length beige hair, straight bangs, dark eyes, and a mouth"
000345.png,"Man's head with wavy beige hair, dark eyes, and a beige goatee beard"
000346.png,"Elderly man's head with a bald top, beige side hair, and white-beige beard"
000347.png,"Man's head with cropped beige hair, a central widow's peak, and sideburns"
000348.png,"Man's head with wavy beige hair, prominent eyes, and a horizontal beige mustache"
000349.png,Woman's head with beige hair styled into side-swept bangs obscuring one eye
000350.png,"Woman's head with voluminous puffed beige hair, center bangs, and dark eyes"
000351.png,Square plaque with a double cyan border framing a central dark upright cross
000352.png,Stone staircase composed of beige rectangular blocks ascending to the upper right corner
000353.png,Masonry wall composed of staggered beige rectangular stone blocks along the lower section
000354.png,"Computer desk terminal with a beige frame, an upper screen, and four legs"
000355.png,"Weaving loom with a bright cyan frame, vertical top rods, and woven center"
000356.png,Window drapery with red top valances and two thick folded side curtain panels
000357.png,Portcullis gate with two red top horizontal bars above a red square grid
000358.png,Fabric valance with two horizontal red bars above scalloped red hanging cloth swags
000359.png,Rectangular doorway with a beige outer arch framing an interior vertical wooden ladder
000360.png,Arched doorway with a beige outer frame enclosing an inner paneled elevator door
000381.png,Cross mark in pale beige formed by two intersecting diagonal bars
000382.png,Lit candle in pale beige resting on a saucer with a curved handle
000383.png,Computer monitor in pale beige displaying a dark screen above small rectangular buttons
000384.png,Bell in pale beige with a rounded dome hanging over three rectangular base blocks
000385.png,Greek cross in pale beige centered within a broken square decorative border
000386.png,Two vertical notched tracks in pale beige bordering the left and right sides
000387.png,Church altar in pale beige showing a cross emblem above open support legs
000388.png,Crumbling staircase ramp in bright red with square cutouts and loose debris beneath
000389.png,Control panel in bright red featuring rectangular display screens and small button rows
000390.png,Triangular stone ramp in bright red sloping downwards with small scattered rubble beneath
000391.png,Curved mechanical tube in bright red bending downwards into a rectangular base cradle
000392.png,Spiked crusher block in bright red with two square holes and bottom teeth
000393.png,Pulley mechanism in bright red with a toothed top block and circular dial
000394.png,Hanging hook mechanism in bright red suspended downward from a toothed ceiling block
000395.png,Vertical notched track in pale beige running down the center of the tile
000396.png,Fire hydrant in bright red with a rounded top cap and side nozzles
000397.png,Deer head silhouette in pale beige outlining branching antlers and a narrow snout
000398.png,Diving helmet in pale beige with an outer curved hood and cross-patterned visor
000399.png,Stone cairn in pale beige composed of stacked rectangular blocks and scattered pebbles
000400.png,Planetary orbs in pale beige with two large spheres and scattered space dust
000441.png,"Dead-end road, beige vertical pathway terminating in a rounded tip on dark purple ground"
000442.png,"Fading pathway, beige vertical road transitioning downward into dithered pixels on dark purple ground"
000443.png,"Curved road tile, beige rounded corner connecting the bottom to the right side"
000444.png,"T-junction pathway, beige horizontal road joining a vertical lane on a dark background"
000445.png,"Right-angle road corner, beige ninety-degree bend connecting the bottom to the right side"
000446.png,"T-junction road, beige horizontal band with a single pathway extending downwards"
000447.png,"Arched doorway or tomb, beige arched frame around an inner door with a cross"
000448.png,"Gravestone, beige stone cross on a tiered plinth against a dark purple background"
000449.png,"Sarcophagus or altar, beige rectangular box surmounted by a bold upright cross"
000450.png,"Shelving unit, beige rectangular outer frame containing two horizontal racks with vertical pegs"
000451.png,"Cracked pot or jar, beige rounded vessel featuring a zigzag crack across its surface"
000452.png,"Cauldron, beige round-bellied cooking vessel with two side handles, open rim, and feet"
000453.png,"Brick wall pattern, glowing orange horizontal bricks, slats, and markings on dark purple"
000454.png,"Brick furnace, bright orange and dark rectangular structure with crenelated lower section"
000455.png,"Fireplace, beige rectangular mantle and hearth containing an irregular pile of burning embers"
000456.png,"Damaged fireplace, beige rectangular frame housing fractured stone rubble on a dark purple ground"
000457.png,"Monster-faced furnace, beige hearth frame showing two eye-like openings and sharp lower teeth"
000458.png,"Curved trail or snake, thin beige S-shaped wavy line across a dark purple surface"
000459.png,"Portcullis or barred gate, beige vertical bars above a lower horizontal slotted base"
000460.png,"Ladder or wooden fence, stack of six beige horizontal bars against dark purple"
000361.png,Closed arched door with a cream-coloured frame and a horizontal crossbar
000362.png,Arched door with a cream-coloured frame and four small square window openings
000363.png,Open arched doorway framed by cream-coloured stone leading into empty darkness
000364.png,"Arched bookshelf in beige, featuring two shelves filled with upright books"
000365.png,"Construction barricade in off-white, with two cross markers and a zigzag centre plank"
000366.png,Three diagonal stacks of cream-coloured round coins resting together
000367.png,Reddish-brown staircase descending from a vertical pillar to a horizontal base
000368.png,Reddish-brown post-and-lintel frame enclosing a cracked and broken stone doorway
000369.png,"Bright green bush with jagged leafy edges, interior holes, and grass at the base"
000370.png,Square bright green jar with a flat lid and floating interior specks
000371.png,Bright green foliage clump with jagged leafy edges and tall right-side blades
000372.png,Red Torii shrine gate featuring two
000401.png,"Mechanical wall fixture with reddish-brown pipes, banded vertical nozzle, and two horizontal beams"
000402.png,Prison window grate with reddish-brown iron bars over a checkered lower sill plate
000403.png,Wooden door in a reddish-brown frame featuring a side vertical slat and handle
000404.png,Geometric lattice window made of reddish-brown wood with concentric squares and crossbar dividers
000405.png,"Wooden shelving unit with reddish-brown horizontal boards, vertical side posts, and corner legs"
000406.png,Air vent grille composed of four thick horizontal beige slats across dark framing
000407.png,Upward direction arrow with a triangular beige head and thick vertical beige shaft
000408.png,Greek cross emblem formed by thick beige horizontal and vertical intersecting rectangular arms
000409.png,Geometric tile pattern featuring four beige triangular wedges converging at a central cross
000410.png,Ornate heraldic crest depicting a beige fleur-de-lis sprouting above a curved bowl basin
000411.png,Snowflake medallion composed of beige central square and eight radiating diamond-tipped spokes
000412.png,Circular particle ring formed by dotted beige square motes surrounding an open center
000413.png,Constellation starburst cluster with beige dotted sparkles radiating from a central diamond shape
000414.png,Decorative floor tile featuring a hollow beige square surrounded by symmetrical corner dots
000481.png,Cobweb: off-white geometric square spiderweb with radiating crosslines on dark purple tile
000482.png,Candle: reddish-brown vertical candlestick with small flame mounted on dark purple ground
000483.png,Torch: glowing yellow wall torch with vertical flame on dark purple ground
000484.png,Hanging hook: yellow metal chain hoist with double prongs and curved lower hook
000485.png,Brick wall: red horizontal bricks forming an incomplete wall edge with jagged mortar lines
000486.png,Brick wall: horizontal red bricks neatly stacked with small gap details between layers
000487.png,Vertical passage: two grey notched wall borders enclosing a central dark vertical corridor
000488.png,Corridor intersection: grey bordered walls forming an H-shaped pathway on dark purple ground
000489.png,Rock platform: brown stone block with diagonal stepped top and dark speckled texture
000490.png,Dirt platform: brown square terrain tile with speckled surface and bordered lower edge
000491.png,Rock terrain: brown diagonal stone surface with dark flecks and outlined lower corner
000492.png,Floor tile: brown stone square surrounded by a border of small rectangular segments
000493.png,Metal block: light grey panel with corner rivets and a bordered lower compartment
000494.png,Wall panel: grey stone block resembling a face with two dot eyes and mouth
000495.png,Corner wall: grey stone corner segment with jagged inner trim and straight borders
000496.png,Stone ledge: horizontal grey platform with a crenellated upper edge and flat base
000497.png,Corner wall: grey inner corner border with jagged decorative edges facing toward center
000498.png,Metal beam: horizontal grey rail with a capped or rounded left terminal end
000499.png,Metal pipe: straight grey horizontal beam running continuously across a dark square
000500.png,Pipe valve: grey horizontal pipe intersected by a vertical oval meter with zigzag pattern
000541.png,"Playing card showing Queen of Hearts, outlined in orange on dark background"
000542.png,"Playing card showing King of Hearts, outlined in orange on dark background"
000543.png,"Wall border, dark background with vertical cream stripes along the outer edges"
000544.png,"Checkered floor, dense grid of alternating dark purple and cream squares"
000545.png,"Checkered floor border, checkered pattern on right with vertical cream stripes left"
000546.png,"Floor corner, checkered triangle bordered by L-shaped cream stripes on dark field"
000547.png,"Corner border, dark background with diagonal dots inside cream L-shaped stripes"
000548.png,"Fireplace, arched dark hearth opening framed by cream masonry with lower grate"
000549.png,"Doorway, light cream rectangular door with doorknob inside a patterned wall frame"
000550.png,"Recessed archway, dark rectangular tunnel opening framed by concentric beige borders"
000551.png,"Doorway, dark door set into cream wall with patterned vertical side blocks"
000552.png,"Corridor floor, dark vertical path flanked symmetrically by double cream vertical stripes"
000553.png,"Brick wall, horizontal courses of beige stone bricks with dark mortar lines"
000554.png,"Stone panel, cream block border surrounding a dark center with horizontal slot"
000555.png,"Stone panel, cream block border surrounding dark center with two vertical bars"
000556.png,"Hollow stone border, square ring of beige blocks enclosing a dark square"
000557.png,"Furnace, red brick border framing a dark interior opening with small hearth"
000558.png,"Wall panel, red brick border framing a dark square with horizontal dash"
000559.png,"Wall border, dark background with vertical cream stripes and scattered cream specks"
000560.png,"Recessed niche, thick cream frame enclosing a dark horizontal rectangular opening"
000461.png,"Handheld game console, brown and orange, with dual rectangular screens in clamshell design"
000462.png,"Dual-screen handheld console, brown and orange, featuring two stacked horizontal display screens"
000463.png,"Vertical serrated track border, cream-colored, with notched square teeth along the edge"
000464.png,"Crushing trap gate, cream-colored, with crenellated borders and central jagged sharp teeth"
000465.png,"Vertical serrated track border, cream-colored, featuring interlocking zipper teeth on the side"
000466.png,"Circular crosshair reticle, cream-colored, with a notched outer ring and four cardinal tabs"
000467.png,"Circular crosshair reticle, cream-colored, with dashed ring segments and four thick cardinal bars"
000468.png,"Crosshair reticle, cream-colored, with a central dot, four cardinal dash bars, and dotted ring"
000469.png,"Circular crosshair reticle, cream-colored, with central square marker, cardinal bars, and curved corner arcs"
000501.png,Slider bar with a central octagonal checkered knob along a horizontal beige track
000502.png,Slider bar with a beige rectangular frame enclosing a solid right-aligned block
000503.png,Progress bar with a rectangular beige outline partially filled with checkered pattern
000504.png,Square panel featuring a solid beige surface within a thin border frame
000505.png,Concentric square frame with nested beige borders around a dark central square
000506.png,"Square button with a thick beige border, dark groove, and solid beige center"
000507.png,Computer mouse outline in beige featuring two top buttons and a scroll wheel
000508.png,Computer mouse outline in beige with a notched top contour and scroll wheel
000509.png,Computer mouse outline in beige with the right button filled solid beige
000510.png,"Video game controller in beige with a directional pad, buttons, and upper cord"
000511.png,Receding corridor wall formed by a stepped diagonal beige perspective line
000512.png,Corridor perspective showing parallel horizontal beige lines for ceiling and floor
000513.png,Receding corridor wall shaded with
000563.png,"Ace of diamonds playing card with a red border, letter A, and diamond suit"
000564.png,"Two of diamonds playing card with a red border, numeral two, and diamond suit"
000565.png,"Three of diamonds playing card with a red border, numeral three, and diamond suit"
000566.png,"Four of diamonds playing card with a red border, numeral four, and diamond suit"
000567.png,"Five of diamonds playing card with a red border, numeral five, and diamond suit"
000568.png,"Six of diamonds playing card with a red border, numeral six, and diamond suit"
000569.png,"Seven of diamonds playing card with a red border, numeral seven, and diamond suit"
000570.png,"Eight of diamonds playing card with a red border, numeral eight, and diamond suit"
000571.png,"Nine of diamonds playing card with a red border, numeral nine, and diamond suit"
000572.png,Jack of diamonds playing card with
000581.png,"Doorway tile, cream-coloured door and lintel posts set against a dark purple wall"
000582.png,"Wall panel tile, beige rectangular surface marked with dark horizontal stripes and notches"
000583.png,"Wall vent tile, beige rectangular panel featuring a dark nested square hollow in the centre"
000584.png,"Channel wall tile, dark purple interior framed by cream-coloured bottom and side lines"
000585.png,"Brick wall tile, beige rectangular bricks divided vertically by a central column"
000586.png,"Brick wall tile, beige rectangular bricks stacked in rows with dark mortar lines"
000587.png,"Grate floor tile, bright orange-red square border enclosing a fine checkered wire grid"
000588.png,"Crate panel, orange-red square border containing a prominent red cross or X mark"
000589.png,"Party hat or cone, bright cyan triangular shape with an open hollow oval base"
000590.png,"Tool or key, bright cyan vertical shaft connected to a notched lower circular ring"
000591.png,"Floor corner tile, dark surface with beige dust specks framed by left and bottom borders"
000592.png,"Floor edge tile, dark surface with upper dust specks and lower horizontal beige stripes"
000593.png,"Floor corner tile, dark surface with beige specks framed by right and bottom borders"
000594.png,"Blank playing card, plain beige rectangular face with dark borders on a dark panel"
000595.png,"Ace playing card, beige rectangular face with dark letter A and diamond suit symbol"
000596.png,"Two playing card, beige rectangular face displaying a dark number two and diamond suit"
000597.png,"Three playing card, beige rectangular face displaying a dark number three and diamond suit"
000598.png,"Four playing card, beige rectangular face displaying a dark number four and diamond suit"
000599.png,"Five playing card, beige rectangular face displaying a dark number five and diamond suit"
000600.png,"Six playing card, beige rectangular face displaying a dark number six and diamond suit"
000626.png,`Playing card in beige showing a large centered spade symbol within a rectangular border.`
000627.png,`Ace of clubs playing card in beige with letter A and club suit symbol.`
000628.png,`Two of clubs playing card in beige with number two and club suit symbol.`
000629.png,`Three of clubs playing card in beige with number three and club suit symbol.`
000630.png,`Four of clubs playing card in beige with number four and club suit symbol.`
000641.png,"Camping tent, beige, triangular shaped with a small central entrance opening"
000643.png,"House, beige, featuring an asymmetrical pitched roof, small chimney, and arched doorway"
000644.png,"Pagoda or shrine, beige, with layered horizontal roof eaves supported by pillars"
000645.png,"Camping tent, beige, triangular structure with diagonal patterned ropes and central entrance"
000646.png,"Camping tent, terracotta orange, with a triangular peak and patterned guyline flap"
000647.png,"House, terracotta orange, featuring an asymmetrical pitched roof and an arched doorway"
000648.png,"Train carriage, beige, rectangular vertical body with side railings and a central cabin"
000649.png,"Train carriage, beige, rectangular vertical body with side railings and a tapered window"
000650.png,"Military tank, beige, side view with bottom caterpillar treads and a cannon turret"
000651.png,"Cargo trailer, beige, side view of a semi-truck trailer with bottom wheels"
000652.png,"Truck cab, beige, side view of a semi-truck tractor unit with wheels"
000653.png,"Flying saucer, beige, with a rounded domed top and oval disc base"
000654.png,"Space rocket, beige, pointed nosecone top and stabilizing booster fins at bottom"
000655.png,"Parallel vertical lines, beige, representing a road lane or track along left side"
000656.png,"Square button frame, beige, concentric square border with rounded outer edges"
000657.png,"Parallel vertical lines, beige, representing a road lane or track along right side"
000658.png,"Upward-pointing arrow, beige, featuring a stem with a right-angled bend at bottom"
000659.png,"Right-pointing arrow, beige, curving upward from the bottom and pointing to the right"
000660.png,"Downward-pointing arrow, beige, extending horizontally from left then bending down to the point"
000681.png,Orange boxy machine with a wide rectangular screen and two short bottom legs
000682.png,Orange boxy machine with a wide rectangular screen and three short bottom legs
000683.png,"Robot head, beige, featuring tall twin antennae, a forehead crest, and visor slits"
000684.png,"Beige upright electronic device with a rectangular screen, lower dials, and flanking side pods"
000686.png,"Mechanical shock absorber, beige, with a central zigzag spring between two bracketed plates"
000687.png,"Curved track corner, beige, bending ninety degrees with parallel inner and outer borders"
000688.png,"Straight track segment, beige, with a thin upper line and thick lower bar"
000689.png,"Curved track corner, beige, bending upward to the right with dual concentric borders"
000690.png,"Four-way directional arrow, beige, pointing outward from a central hollow square"
000691.png,"Three-way directional arrow, beige, branching into left, right, and downward pointing ends"
000741.png,"Trousers, light brown leather pants with an arching crotch and wide leg cuffs"
000742.png,"Tall boots, light brown leather footwear angled inwards with distinct heels and toes"
000743.png,"Short boots, light brown leather ankle shoes angled inwards with defined soles"
000744.png,"Gloves, light brown leather open-hand coverings showing spread fingers and wrist cuffs"
000745.png,"Fingerless gloves, light brown leather handwear with open fingertips and wrist openings"
000746.png,"Automobile, off-white front-facing vehicle with rounded hood, windshield, headlights, and front bumper"
000747.png,"Truck, off-white box delivery vehicle facing right with driver cab and wheels"
000748.png,"Utility truck, off-white service vehicle facing right with exposed rear bed and wheels"
000749.png,"Bus, off-white front view of a tall passenger vehicle with two rectangular windows"
000750.png,"Spaceship, off-white top-down futuristic fighter craft with central fuselage and serrated side wings"
000751.png,"Key, solid golden-yellow metal with a square hollow bow and two downward teeth"
000752.png,"Key, bright blue metal horizontal key with a rectangular hollow bow and teeth"
000753.png,"Skeleton key, reddish-orange horizontal metal key with a rounded hollow bow and bit"
000754.png,"Bubbles, off-white circular hollow rings floating upward in several different sizes"
000755.png,"Sparkles, off-white glowing stars and snowflake-like bursts scattered around in various sizes"
000756.png,"Ornamental tile, off-white square emblem featuring a central square and symmetrical corner patterns"
000757.png,"Skull, off-white stylized human cranium with large hollow eye sockets and lower teeth"
000758.png,"Potion bottle, solid bright blue small flask with a flat base and neck"
000759.png,"Erlenmeyer flask, bright blue outlined empty chemical beaker with wide base and neck"
000760.png,"Erlenmeyer flask, bright blue outlined laboratory beaker half-filled with glowing blue liquid"
000661.png,"Return arrow, solid beige path turning ninety degrees downward and pointing left"
000662.png,"Upward chevron arrow, thick solid beige angled band pointing toward the top"
000663.png,"Rightward chevron arrow, thick solid beige angled band pointing toward the right"
000664.png,"Downward chevron arrow, thick solid beige angled band pointing toward the bottom"
000665.png,"Leftward chevron arrow, thick solid beige angled band pointing toward the left"
000666.png,"Hollow ring, small yellow square outline with notched corners and empty center"
000667.png,"Upward arrow, hollow yellow outline of an arrow pointing toward the top"
000668.png,"Rightward arrow, hollow yellow outline of an arrow pointing toward the right"
000669.png,"Downward arrow, hollow yellow outline of an arrow pointing toward the bottom"
000670.png,"Leftward arrow, hollow yellow outline of an arrow pointing toward the left"
000671.png,"House, beige structure with a steeply pitched gabled roof and doorway"
000672.png,"Cottage, beige building featuring a triangular pitched roof with a small window"
000673.png,"Temple building, beige classical structure with a triangular pediment resting on three pillars"
000674.png,"Office building, beige rectangular facade with a top horizontal section and six square windows"
000675.png,"Shopfront, beige building with a wide upper signboard, central entrance, and flanking window panels"
000676.png,"Computer monitor, beige square screen on a base with four vertical vent slats"
000677.png,"Laptop computer, beige open clamshell device with an upper display and four lower keys"
000678.png,"Laptop computer, beige open device showing a window on screen and six keyboard keys"
000679.png,"Drilling machine, brown-orange mechanical unit with a rounded hood and downward central drill bit"
000680.png,"Cargo truck, brown-orange vehicle shown from behind with a square trailer and bottom wheels"
000724.png,**Drafting and Word Count Check for each:**
000801.png,"Harpoon angled diagonally in off-white, showing a segmented shaft and barbed tip"
000802.png,"Sword angled diagonally in off-white, featuring a straight blade, crossguard, and pommel"
000803.png,"Arrow angled diagonally upward in off-white, having a pointed tip and fletched end"
000804.png,"Heater shield in reddish-brown, outlined with a notched gear-like emblem at its center"
000805.png,"Tower shield outlined in off-white, displaying internal corner rivets and a horizontal bar"
000806.png,"Kite shield outlined in off-white, featuring a central four-dot cross pattern"
000807.png,"Crested shield outlined in reddish-brown, with twin upper horns and horizontal interior bands"
000808.png,"Coin in bright yellow, circular with a notched border and vertical central slot"
000809.png,"Torch angled diagonally, featuring a slender brown shaft and a two-pronged orange flame"
000810.png,"Torch angled diagonally, with a thick reddish-brown handle supporting an orange flickering flame"
000811.png,"Club or torch in reddish-brown, featuring a diagonal handle and wrapped pointed head"
000812.png,"Belt in reddish-brown leather, looped horizontally with a square central buckle"
000813.png,"Watering can in off-white, with a rounded reservoir, top handle, and pouring spout"
000814.png,"Cooking pot in off-white, featuring a flat-bottomed cylindrical body and an overhead handle"
000815.png,"Potion flask outlined in bright cyan, filled partially with cyan liquid inside"
000816.png,"Potion bottle in off-white, having a bulbous round base and a top stopper"
000817.png,"Clay jug outlined in reddish-brown, with a wide body, narrow neck, and rim"
000818.png,"Exclamation mark in off-white, consisting of a vertical rectangular bar and square dot"
000819.png,"Speech bubble in off-white, containing a hollow interior showing a dark exclamation mark"
000820.png,"Question mark in off-white, featuring a curved upper hook above a separated dot"
000781.png,"Cowboy hat, brown, with a wide upturned brim and an indented crown"
000782.png,"Bell, reddish-brown, shown in outline with a rounded dome and flared rim"
000783.png,"Bone, beige and oriented diagonally, with knobby two-lobed joints on both ends"
000784.png,"Animal skull, beige, depicted in profile with hollow eye socket and sharp teeth"
000785.png,"Human skull, beige, facing front with square hollow eye sockets and visible teeth"
000786.png,"Targeting frame, off-white, formed by four thick L-shaped corner brackets with inner hooks"
000787.png,"Targeting frame, off-white, formed by four thin L-shaped brackets marking the corners"
000788.png,"Targeting frame, off-white, composed of four corner brackets each containing an inner dot"
000789.png,"Targeting frame, off-white, composed of four chamfered corner brackets pointing inward"
000790.png,"Hourglass, solid beige, featuring two triangular bulbs meeting at a narrow waist"
000791.png,"Hourglass outline, beige, with an empty upper and lower chamber connected together"
000792.png,"Hourglass outline, beige, showing sand resting in the bottom triangular chamber"
000793.png,"Hourglass outline, beige, showing sand flowing through the center between both chambers"
000794.png,"Circular dial, yellow, featuring a thick ring surrounding a central solid circle"
000795.png,"Circular dial, yellow, featuring an outer ring with a circle at twelve o'clock"
000796.png,"Circular dial, yellow, featuring an outer ring with a circle at three o'clock"
000797.png,"Circular dial, yellow, featuring an outer ring with a shape at six o'clock"
000798.png,"Circular dial, yellow, featuring an outer ring with a circle at nine o'clock"
000799.png,"Spear, off-white, oriented diagonally with a long shaft and a barbed point"
000800.png,"Sword, off-white, oriented diagonally with a pointed blade, crossguard, and round pommel"
000761.png,"Flask with a conical body and narrow neck, filled with bright blue liquid"
000762.png,"Circular emblem in orange-red, containing a dark Greek cross cut out at the center"
000763.png,"Circular cross emblem in orange-red, featuring a small square indicator on the top arm"
000764.png,"Circular cross emblem in orange-red, featuring a small square indicator on the right arm"
000765.png,"Circular cross emblem in orange-red, featuring a small square indicator on the bottom arm"
000766.png,"Circular cross emblem in orange-red, featuring a small square indicator on the left arm"
000767.png,"Wooden club in light beige, angled diagonally with a narrow handle and thicker head"
000768.png,"Spiked mace in light beige, angled diagonally with multiple pointed studs along the head"
000769.png,"Bludgeon in light beige, featuring a solid rounded head and a disconnected dashed handle"
000770.png,"Scythe in light beige, featuring a long diagonal shaft and a curved pointed blade"
000821.png,"Speech bubble, pale beige with a dark question mark inside and bottom pointer"
000822.png,"Circle symbol, a pale beige hollow ring centered on a dark square"
000823.png,"Cross mark, a pale beige diagonal letter X with thick ends"
000824.png,"Square frame, a pale beige hollow square outline with rounded outer corners"
000825.png,"Framed cross, a pale beige square border enclosing a thick diagonal X shape"
000826.png,"Four-leaf cross, pale beige clover-like emblem made of four hollow circular rings"
000827.png,"Four-leaf cross, yellow emblem with four rings and a dot in the top"
000828.png,"Four-leaf cross, orange emblem with four rings and a dot in the right"
000829.png,"Four-leaf cross, green emblem with four rings and a dot in the bottom"
000830.png,"Four-leaf cross, cyan blue emblem with four rings and a dot in the left"
000831.png,"Walking cane, pale beige diagonal staff with a square hooked handle at top"
000832.png,"Magic staff, pale beige diagonal shaft with an ornate pointed spearhead at top"
000833.png,"Ringed staff, pale beige diagonal rod ending in a hollow square head"
000834.png,"Magic wand, pale beige diagonal shaft tipped with a dot inside an angled bracket"
000835.png,"Spiked club, pale beige diagonal shaft with a jagged, four-spiked mace head"
000836.png,"Oval shield, pale beige defense shield with a prominent central upright cross"
000837.png,"Tower shield, pale beige rectangular shield with small inner dot markings"
000838.png,"Heraldic shield, pale beige heater shield displaying two staggered square checker patterns"
000839.png,"Crested shield, pale beige shield with notched top corners and central square emblem"
000840.png,"Gold bars, stacked bright yellow rectangular ingots arranged in uneven tiers"
000841.png,"A money pouch and several scattered round coins, depicted in off-white"
000842.png,"Banknotes stacked together with rectangular decorative borders, drawn in off-white"
000843.png,"A portable lantern with a top wire handle, shown in off-white"
000844.png,"A drawstring pouch tied with a small cord, colored in reddish-brown"
000845.png,"A round basket with a tall arched handle, outlined in reddish-brown"
000846.png,A backpack with two side pockets and a main compartment in reddish-brown
000847.png,"A round potion flask with a narrow neck, outlined in light blue"
000848.png,"A round potion flask with a narrow neck, outlined in off-white"
000849.png,"A round potion bottle with a top stopper, outlined in reddish-brown"
000850.png,"A smiling round face with square eyes and a wide grin, off-white"
000851.png,"An angry round face with furrowed brows and a downturned mouth, off-white"
000852.png,"A laughing round face with squinting eyes and an open mouth, off-white"
000853.png,"A sad round face with drooping angled brows and a frowning mouth, off-white"
000854.png,"A blank square die face with a thick border, rendered in off-white"
000855.png,"A square die face containing a large X-shaped mark, rendered in off-white"
000856.png,"A square die face with a small skull centered inside, in off-white"
000857.png,"A square die face showing a single centered pip, rendered in off-white"
000858.png,"A square die face showing two diagonal pips, rendered in off-white"
000859.png,"A square die face showing three diagonal pips, rendered in off-white"
000860.png,"A square die face showing four corner pips, rendered in off-white"
000921.png,"Floppy disk in beige, showing a notched corner, slider shutter, and lower label"
000922.png,"Person silhouette in beige, showing a rounded head above wide rounded shoulders"
000923.png,"Group of three people in beige, depicted as overlapping head and shoulder silhouettes"
000924.png,"Square gear in beige, featuring notched outer cogs and a hollow square center"
000925.png,"Four outward-pointing arrows in beige, angled away from the center toward the corners"
000926.png,"Four inward-pointing arrows in beige, angled from each corner toward the center"
000927.png,"Sword in beige, showing a diagonal straight blade, down-turned crossguard, and pommel"
000928.png,"Sword in beige, featuring a diagonal blade, wide horizontal crossguard, and round pommel"
000929.png,"Sword in beige, with a diagonal double-edged blade, swept-back crossguard, and hilt"
000930.png,"Sword in beige, having a long diagonal blade, angled crossguard, and square pommel"
000931.png,"Sword in beige, displaying a diagonal blade with a notched crossguard and hilt"
000932.png,"Warhammer in beige, featuring a large rectangular block head on a diagonal shaft"
000933.png,"Polearm in beige, with a circular hooked blade mounted on a diagonal shaft"
000934.png,"Battleaxe in beige, featuring a curved double-headed blade mounted on a diagonal shaft"
000935.png,"Halberd in beige, showing a central spear point, axe blade, and rear spike"
000936.png,"Poleaxe in beige, with a wide spearhead and symmetric axe blades on a shaft"
000937.png,"Handaxe in beige, featuring a single bearded blade mounted on a diagonal shaft"
000938.png,"Necklace in copper-brown, composed of a rounded loop chain with a small pendant"
000939.png,"Necklace in light greyish beige, forming a rounded loop chain with a lower pendant"
000940.png,"Necklace in bright yellow gold, forming an open loop chain with a lower pendant"
000901.png,"Bow, brown wooden curved stave connected diagonally to a straight bowstring"
000902.png,"Bow, brown wooden curved stave with a diagonal taut string line"
000903.png,"Bow, brown wooden stave with notched back and diagonal bowstring line"
000904.png,"Recurve bow, brown contoured wooden limbs attached to a diagonal bowstring"
000905.png,"Quiver, brown leather pouch holding multiple arrows with visible fletchings"
000906.png,"Ring, copper band with a square central gemstone mount on top"
000907.png,"Ring, silver band with a pronged setting holding a gemstone"
000908.png,"Ring, yellow gold band with a mounted central gem setting"
000909.png,"Ring, bright blue glowing band with an ornamental top setting"
000910.png,"Bread loaf, brown baked loaf with a severed slice in front"
000911.png,"Steak, red cut of raw beef with internal marbling lines"
000912.png,"Meat on bone, brown cooked ham shank showing bone cross-section"
000913.png,"Cheese wedge, yellow dairy block showing distinctive holes throughout the crust"
000914.png,"Dollar symbol, off-white capital letter S crossed by a vertical stroke"
000915.png,"Cent symbol, off-white letter C bisected by a single vertical stroke"
000916.png,"Loudspeaker, off-white directional megaphone cone facing right with no sound waves"
000917.png,"Loudspeaker, off-white audio speaker facing right emitting curved sound volume waves"
000918.png,"Beamed musical notes, off-white eighth notes joined by a thick horizontal bar"
000919.png,"Trophy cup, off-white victory goblet with two loop handles and base"
000920.png,"House, off-white cottage silhouette with a triangular roof and square doorway"
000941.png,"Mushroom outline in bright cyan blue, showing a rounded cap and short stem"
000942.png,Apple in solid orange-red with a short stem and a small internal notch
000943.png,Pear in bright green with a curved upper stem and a small notch
000944.png,"Fish skeleton in pale tan with a head, spine, ribs, and tail fin"
000945.png,Egg in pale beige with an upright oval shape and a small indentation
000946.png,"Digit zero rendered in a thick, blocky font colored pale beige"
000947.png,"Digit one rendered in a thick, blocky font colored pale beige"
000948.png,"Digit two rendered in a thick, blocky font colored pale beige"
000949.png,"Digit three rendered in a thick, blocky font colored pale beige"
000950.png,"Digit four rendered in a thick, blocky font colored pale beige"
000951.png,"Digit five rendered in a thick, blocky font colored pale beige"
000952.png,"Digit six rendered in a thick, blocky font colored pale beige"
000953.png,"Digit seven rendered in a thick, blocky font colored pale beige"
000954.png,"Digit eight rendered in a thick, blocky font colored pale beige"
000955.png,"Digit nine rendered in a thick, blocky font colored pale beige"
000956.png,Colon punctuation mark consisting of two vertically aligned square pale beige dots
000957.png,Period punctuation mark formed by a single square dot in pale beige
000958.png,Percent sign rendered in pale beige with a diagonal slash and two marks
000959.png,"Sword pointing diagonally upward with a pale beige blade, straight crossguard, and pommel"
000960.png,Sword pointing diagonally upward with a pale beige blade and a curved knuckle guard
000881.png,Parchment scroll in light brown with a dark grid of written text
000882.png,Speech bubble in cream with a dark heart silhouette inside
000883.png,Speech bubble in cream with a dark skull silhouette inside
000884.png,Speech bubble in cream with a dark cross or X inside
000885.png,Speech bubble in cream with a dark smiling face inside
000886.png,Square game tile in cream with a double dark border
000887.png,Square game tile in cream featuring a central dark cross symbol
000888.png,Square game tile in cream featuring a central dark skull symbol
000889.png,Six-sided die face in cream displaying one central dark pip
000890.png,Six-sided die face in cream displaying two diagonal dark pips
000891.png,Six-sided die face in cream displaying three diagonal dark pips
000892.png,Six-sided die face in cream displaying four dark corner pips
000893.png,Six-sided die face in cream displaying five dark pips
000894.png,Six-sided die face in cream displaying six dark pips in two columns
000895.png,"Dagger in cream with a narrow outlined blade, crossguard, and hilt"
000896.png,Broadsword in cream with a wide outlined blade and crossguard
000897.png,Sword in cream with a solid filled blade and straight crossguard
000898.png,Short sword in cream with a hollow blade and forward-angled crossguard
000899.png,Dagger in cream with a solid pointed tip and winged crossguard
000900.png,Archery bow in reddish brown with an angled dotted string
000861.png,"Six-sided die, pale beige square with rounded inner border and five centered pips"
000862.png,"Six-sided die, pale beige square displaying six pips arranged in two vertical columns"
000863.png,"Spear, pale beige with a diamond-shaped point, small crossguard, and long diagonal shaft"
000864.png,"Magic staff, pale beige with a hooked crescent head holding a small square gem"
000865.png,"Spear, pale beige with a broad diagonal blade, straight shaft, and wrapped grip"
000866.png,"Trident, pale beige with a three-pronged spearhead, segmented diagonal shaft, and small pommel"
000867.png,"Harpoon, pale beige with an anchor-shaped barbed head, segmented grip, and flared pommel"
000868.png,"Bow, reddish-brown curved wooden weapon drawn back with a nocked horizontal arrow"
000869.png,"Crossbow, reddish-brown with curved vertical bow limbs, a central stock, and loaded bolt"
000870.png,"Recurve bow, reddish-brown with an angular double-curved frame and a nocked arrow"
000871.png,"Arrow, reddish-brown with a pointed arrowhead, diagonal shaft, and square fletching at base"
000872.png,"Broken arrow, reddish-brown with a pointed tip and a snapped, splintered diagonal shaft"
000873.png,"Shovel, pale beige with a wide rounded scoop blade and straight diagonal handle"
000874.png,"Pickaxe, pale beige with a curved pointed head, straight diagonal handle, and pommel"
000875.png,"Barbed arrow, pale beige with a hooked triangular head and a diagonal shaft"
000876.png,"Book, reddish-brown closed tome with bound spine rings and a rectangular cover plate"
000877.png,"Open book, reddish-brown angled tome with visible spine bindings and fanned turning pages"
000878.png,"Patterned parchment, reddish-brown square sheet with four symmetrical cross motifs and notched borders"
000879.png,"Treasure map, reddish-brown square parchment with ragged edges, dotted trails, and an X"
000880.png,"Scroll, reddish-brown vertically unrolled parchment with curled ends and horizontal lines of script"
000961.png,"Sword, a diagonal beige short sword with broad blade, crossguard, and pommel"
000962.png,"Sword, a diagonal beige blade with hollow center, crossguard, and pointed tip"
000963.png,"Sword, a diagonal beige broadsword with outlined blade, crossguard quillons, and pommel"
000964.png,"Staff, a diagonal beige magic staff with square frame enclosing a diamond"
000965.png,"Mace, a diagonal beige polearm with ornate symmetrical head and protruding spikes"
000966.png,"Spear, a diagonal beige polearm with barbed wings flanking a central point"
000967.png,"Spear, a diagonal beige polearm featuring a pointed, winged metal spearhead"
000968.png,"Axe, a diagonal beige hatchet with short handle and single curved blade"
000969.png,"Battleaxe, a diagonal beige double-sided axe with long shaft and twin blades"
000970.png,"Necklace, a brown beaded circular loop with a small hanging cross pendant"
000971.png,"Necklace, an off-white beaded oval loop with a small circular ring pendant"
000972.png,"Necklace, a yellow gold curved loop with a hanging rectangular pendant charm"
000973.png,"Necklace, a light blue beaded oval loop with a knotted bow pendant"
000974.png,"Backpack, a brown rectangular leather pack with corner tabs and horizontal straps"
000975.png,"Potion bottle, a green glass flask with small stopper and rectangular outline"
000976.png,"Branch, a bright green diagonal stick with small thorns sprouting along sides"
000977.png,"Carrot, a reddish-orange tapered root vegetable with three small leaves at top"
000978.png,"Letter A, a beige blocky capital letter with a flat horizontal top"
000979.png,"Letter B, a beige blocky capital letter with two rectangular inner loops"
000980.png,"Letter C, a beige blocky capital letter with square openings and edges"
000981.png,"Letter D, light beige capital letter centered on a dark brown square"
000982.png,"Letter E, light beige capital block letter on a dark brown square"
000983.png,"Letter F, light beige capital letter displayed on a dark brown square"
000984.png,"Letter G, light beige block capital letter on a dark brown square"
000985.png,"Letter H, light beige capital letter with two vertical bars on dark brown square"
000986.png,"Letter I, light beige capital letter with horizontal serifs on dark brown square"
000987.png,"Letter J, light beige capital letter with hooked base on dark brown square"
000988.png,"Letter K, light beige capital letter set on a dark brown square"
000989.png,"Letter L, light beige capital block letter on a dark brown square"
000990.png,"Letter M, light beige capital letter with pointed center on dark brown square"
000991.png,"Sword, diagonal light beige broad blade with a horizontal crossguard and square pommel"
000992.png,"Sword, diagonal light beige stepped blade with a wide notched crossguard and hilt"
000993.png,"Sword, diagonal light beige blade with a diamond-shaped crossguard, grip, and small pommel"
000994.png,"Sword, diagonal light beige serrated blade with pointed crossguard quillons and straight hilt"
000995.png,"Sword, diagonal light beige blade featuring an open ring guard and square pommel"
000996.png,"Handgun, light beige semi-automatic pistol with a straight barrel, slide, and vertical grip"
000997.png,"Blaster pistol, light beige futuristic handgun with a wide muzzle attachment and angled grip"
000998.png,"Shotgun, light beige sawed-off firearm with a long barrel and curved rear stock"
000999.png,"Submachine gun, light beige firearm with a top receiver, barrel, and vertical magazine"
001000.png,"Machine pistol, light beige compact firearm with a vertical grip magazine and upper slide"
001041.png,"Hooded traveler figure in pale beige, wearing a cloak and holding a tall staff"
001042.png,"Chest armor in pale beige, showing defined shoulder pads, breastplate, and waist trim"
001043.png,"Empty wheelchair in pale beige, shown in side profile with two distinct wheels"
001044.png,"Farmer character in pale beige, wearing a wide-brimmed hat and holding a tool"
001045.png,"Wooden club angled diagonally upward, rendered in pale beige with a tapered handle"
001046.png,"Person seated in a wheelchair facing right, drawn in pale beige side view"
001047.png,"Female figure in pale beige, wearing twin pigtails and a flared skirt"
001048.png,"Spear with a pointed tip, angled diagonally upward to the right in pale beige"
001049.png,"Person riding a wheelchair facing right, rendered in pale beige side profile"
001050.png,"Humanoid skeleton in pale beige, displaying a skull head, torso, and limbs"
001051.png,"Shepherd walking staff in pale beige, featuring a hooked tip and diagonal shaft"
001052.png,"Blank wooden sign in orange-brown, consisting of a rectangular board on small posts"
001053.png,"Winged creature in pale beige, featuring two curved horns or wings pointing upward"
001054.png,"Magic staff positioned diagonally, rendered in pale beige with an ornate clover head"
001055.png,"Satchel bag in orange-brown, showing a top handle and two front buckle straps"
001056.png,"Wooden inn sign in orange-brown, displaying two prominent letters Z across the board"
001057.png,"Bulky mech suit or heavy armor in pale beige, with large square pauldrons"
001058.png,"Short sword pointing diagonally upward to the right, detailed in pale beige"
001059.png,"Wooden weapon shop sign in orange-brown, marked with a horizontal sword carving"
001060.png,"Small dog facing right in pale beige, featuring pointed ears and an upright tail"
001001.png,"Submachine gun, beige silhouette facing right with extended barrel, stock, and handgrip"
001002.png,"Rocket launcher, beige silhouette with horizontal tube, top sight, and bottom grip handle"
001003.png,"Ammo crate, beige open metal box displaying an upward row of bullets"
001004.png,"Round bomb, beige spherical explosive with curved top fuse and sparking particles"
001005.png,"Dynamite bundle, red explosives tied together with a glowing fuse on top"
001006.png,"Gas canister, bright green cylindrical grenade body with top cap and side lever"
001007.png,"Hand grenade, bright green textured pineapple-style explosive with top handle and pin"
001008.png,"Rocket, beige missile angled diagonally up-right with pointed tip and side stabilizing fins"
001009.png,"Flying rocket, beige missile pointing diagonally up-right emitting trailing exhaust thruster particles"
001010.png,"Letter N, beige blocky sans-serif character shaped like an arch without diagonal"
001011.png,"Letter O, beige blocky rectangular typographic character with a central vertical cutout"
001012.png,"Letter P, beige blocky typographic character with a stem and closed upper loop"
001013.png,"Letter Q, beige blocky rectangular character with a small inner diagonal tail"
001014.png,"Letter R, beige blocky typographic character with upper loop and angled right leg"
001015.png,"Letter S, beige blocky typographic character formed with stepped horizontal and vertical segments"
001016.png,"Letter T, beige blocky typographic character with a wide top bar and vertical stem"
001017.png,"Letter U, beige blocky typographic character with two vertical sides and flat base"
001018.png,"Letter V, beige blocky typographic character tapering downward to a pointed central base"
001019.png,"Letter W, beige blocky typographic character with two vertical sides and central notch"
001020.png,"Letter X, beige blocky typographic character formed by two crossed diagonal strokes"
001021.png,"Capital letter Y in beige, featuring thick geometric arms and a straight stem"
001022.png,"Number two in beige, formed by thick blocky lines and right angles"
001023.png,"Warrior figurine in beige, wielding a small shield and a raised spear"
001024.png,"Medieval helmet in beige, featuring horizontal visor slits and extended cheek guards"
001025.png,"Spartan helmet in beige, with a rounded dome, brow, and cheek guards"
001026.png,"Knight helmet in beige, showing a rounded cap and wide cheek protectors"
001027.png,"Barbute helmet in beige, with a top ridge notch and cheek guards"
001028.png,"Pointed helmet in beige, featuring a central vertical crest and cheek guards"
001029.png,"Circular locket or medallion in beige, with a top clasp and markings"
001030.png,"Wide-brimmed hat in beige, equipped with a chin strap and crown spots"
001031.png,"Winged boots in beige, shown facing outwards with feathered side wings"
001032.png,"Winged boots in beige, depicted facing apart with folded side wings"
001033.png,"Gauntlets in beige, a pair of armored gloves with wide wrist cuffs"
001034.png,"Armored gloves in beige, showing open palms, fingers, and square wrist cuffs"
001035.png,"Breastplate armor in beige, with heavy shoulder pauldrons and hanging waist tassets"
001036.png,"Plate armor chestpiece in beige, featuring wide pauldrons and segmented lower flaps"
001037.png,"Heavy chestplate in beige, with broad shoulder guards, straps, and waist plating"
001038.png,"Tower shield in beige, having a rounded rectangular shape and inner grips"
001039.png,"Gemstone ring in beige, featuring a circular central gem and patterned band"
001040.png,"Wheelchair in beige, showing a high backrest, seat, and large rear wheel"
001061.png,"Sword pointing diagonally up-right, light beige blade, crossguard, and small pommel"
001063.png,"Rat facing right, light beige body with arched back, feet, and long tail"
001064.png,"Broadsword pointing up-right, wide beige blade, straight crossguard, and round pommel"
001065.png,"Square stone tile, light beige center with dark brown borders and protruding sides"
001066.png,"Mermaid facing right, light beige torso, long flowing hair, and curled tail"
001067.png,"Two-handed sword pointing up-right, beige segmented blade, wide crossguard, and long hilt"
001068.png,"Leaf-bladed sword pointing up-right, beige blade with serrated edges, crossguard, and pommel"
001069.png,"Sword pointing diagonally up-right, beige patterned blade, symmetrical crossguard, and small pommel"
001070.png,"Rapier pointing diagonally up-right, slender beige patterned blade, pointed crossguard, and grip"
001071.png,"Sword angled up-right, beige blade with square fuller cutouts, crossguard, and pommel"
001072.png,"Semi-automatic pistol pointing right, light beige slide, barrel sight, and rectangular grip"
001073.png,"Sci-fi blaster pistol pointing right, light beige frame, grip, and square muzzle"
001074.png,"Sawed-off shotgun pointing right, light beige barrel, receiver, and curved wooden stock"
001075.png,"Assault rifle pointing right, light beige barrel, top sight, receiver, and magazine"
001076.png,"Submachine gun pointing right, light beige rectangular receiver, vertical grip, and magazine"
001077.png,"Submachine gun pointing right, light beige long barrel, front handguard, and stock"
001078.png,"Compact pistol pointing right, light beige barrel, rectangular frame, and grip"
001079.png,"Open ammunition box in light beige, displaying multiple pointed bullets inside"
001080.png,"Round bomb in light beige, spherical body with burning fuse and sparks"
001101.png,Die face with six beige square pips framed inside a dark purple tile
001102.png,Rectangular border frame in light beige featuring four protruding tabs around dark center
001103.png,Ten of hearts playing card displaying a red numeral ten and heart symbol
001104.png,King of hearts playing card displaying a red letter K and heart symbol
001105.png,Inward-pointing arrows composed of four light beige arrowheads directed toward the center
001106.png,Stepped square frame in light beige with notched edges surrounding a dark center
001107.png,Ten of diamonds playing card displaying a red numeral ten and diamond symbol
001108.png,King of diamonds playing card displaying a red letter K and diamond symbol
001109.png,Percent sign rendered in light beige with a diagonal bar and two squares
001110.png,Decorative square frame in light beige featuring checkered corners and a double border
001111.png,Ten of diamonds playing card displaying a beige numeral ten and diamond symbol
001112.png,King of diamonds playing card displaying a beige letter K and diamond symbol
001113.png,Capital letter K drawn in light beige centered on a dark purple square
001114.png,Capital letter M drawn in light beige centered on a dark purple square
001115.png,Nested square frame in light beige featuring corner dots around a dark center
001116.png,Ten of clubs playing card displaying a beige numeral ten and club symbol
001117.png,King of clubs playing card displaying a beige letter K and club symbol
001118.png,Archway shape in light beige with two vertical pillars and a flat top
001119.png,Capital letter P drawn in light beige centered on a dark purple square
001120.png,Capital letter Q drawn in light beige centered on a dark purple square
001121.png,"Capital letter R, blocky beige typography on a dark purple square"
001122.png,"Capital letter S, blocky beige typography on a dark purple square"
001123.png,"Capital letter T, blocky beige typography on a dark purple square"
001124.png,"Capital letter U, blocky beige typography on a dark purple square"
001125.png,"Capital letter V, blocky beige typography on a dark purple square"
001126.png,"Capital letter W, blocky beige typography on a dark purple square"
001127.png,"Capital letter X, blocky beige typography on a dark purple square"
001128.png,"Capital letter Y, blocky beige typography on a dark purple square"
001129.png,"Capital letter Z, blocky beige typography on a dark purple square"
001130.png,"Ornate decorative tile, beige geometric framing patterns surrounding a dark square center"
001131.png,"Leftward pointing arrow, hollow yellow outline on a dark purple square"
001132.png,"Hand grenade, bright green outline silhouette on a dark purple square"
001133.png,"Hash symbol, beige intersecting grid lines on a dark purple square"
001134.png,"Plus sign, thick beige cross-shaped addition symbol on a dark purple square"
001135.png,"Minus sign, single beige horizontal subtraction bar on a dark purple square"
001136.png,"Multiplication symbol, beige diagonal cross mark on a dark purple square"
001137.png,"Division symbol, beige horizontal bar between two dots on dark purple square"
001138.png,"Equals sign, two parallel horizontal beige bars on a dark purple square"
001139.png,"At symbol, blocky beige spiral character on a dark purple square"
001140.png,"Gravestone marker, beige cross mounted on a pedestal above a ground line"
001181.png,Red square button marked with a dark skull face within a double border
001182.png,Red prohibition sign featuring a diagonal bar across an open circle
001183.png,Yellow triangular warning sign with a dark exclamation point in the center
001184.png,Red square button marked with a dark horizontal minus sign in the center
001185.png,Yellow circular radiation symbol with three trefoil blades around a central dot
001186.png,Beige stone square tile with a raised border enclosing a letter C
001187.png,Beige chess pawn piece with a rounded head resting on a stepped base
001188.png,Beige chess rook piece featuring castle crenellations between two vertical border lines
001189.png,Beige chess bishop piece with an oval head resting on a stepped base
001190.png,Beige chess queen piece with a segmented tall crown on a stepped base
001191.png,Beige chess king piece topped with a cross on a stepped base
001192.png,Beige chess knight piece shaped like a horse head on a stepped base
001193.png,Ornate beige stone frame with decorative corner brackets enclosing an empty center
001194.png,Burst of scattered white angular particles and sparks dispersing outward from the center
001195.png,Scattered white square debris particles of varying sizes spreading outwards in all directions
001196.png,Circular cluster of white square particles concentrated tightly around the center
001197.png,Dense circular cluster of white rectangular and square blocks grouped tightly together
001198.png,Small white debris fragments and sparks scattered in loose horizontal rows
001199.png,Sparkling four-pointed white diamond stars of varying sizes scattered throughout the field
001200.png,Scattered white zigzag sparks and angled lightning fragments spread across the area
001221.png,"Warrior silhouette in white, holding a rectangular shield and an upright sword"
001222.png,"Warrior silhouette in white, holding a square shield and a tall spear"
001223.png,Warrior in white armor facing forward with outstretched arms and standing legs
001224.png,"Warrior with horned helmet in white, holding a shield and a notched sword"
001225.png,"Knight helmet in white with a segmented crest, eye slits, and cheek guards"
001226.png,"Spartan helmet in white with a rounded crown, brow band, and cheek guards"
001227.png,"Gladiator helmet in white with wide brow band, nasal bar, and cheek guards"
001228.png,Open-face helmet in white with a rounded top and curved cheek protectors
001229.png,"Winged helmet in white featuring side wings, a nose guard, and cheek plates"
001230.png,"Potion flask in white, a round bottle with a stopper and slanted liquid"
001231.png,"Miner hard hat in white with a front brim, emblem, and chin strap"
001232.png,"Boots in white, featuring high winged ankle cuffs angled toward each other"
001233.png,Winged boots in white with segmented feathered wings rising from the heels
001234.png,"Pair of gloves in white with wide cuffs, spread fingers, and thumbs"
001235.png,Pair of gauntlets in white with thick blocky cuffs and extended fingers
001236.png,"Plate armor cuirass in white, showing rounded shoulder pauldrons and segmented breastplate"
001237.png,Heavy chestplate in white with large blocky pauldrons and central neck opening
001238.png,Armored chestpiece in white featuring thick shoulder guards and central plate harness
001239.png,Rectangular tower shield in white with rounded corners and an inner vertical grip
001240.png,"Belt buckle in white, featuring a circular central gem and horizontal strap segments"
001261.png,"Rubble patch, featuring scattered horizontal white stone fragments within a black square"
001262.png,"Broken brick wall, showing white square stones along the right edge of black"
001263.png,"Ladder, featuring five white horizontal rungs between vertical black side rails"
001264.png,"Border wall, showing a thick black vertical stripe beside a serrated toothed line"
001265.png,"Quest marker stone, featuring an exclamation mark inside a black square with corner dots"
001266.png,"Hooded mage, depicted in white robes holding a vertical staff on the right"
001267.png,"Explorer, wearing a wide-brimmed white hat and holding a staff in one hand"
001268.png,"Female character, featuring long white hair over one shoulder and a white dress"
001269.png,"Martial artist, wearing a white headband with bare arms and wide stance"
001270.png,"Warrior, wearing a white headband and a diagonal sash across the torso"
001271.png,"Skeleton figure, showing a white skull head and bared ribcage standing upright"
001272.png,"Armored knight, wearing a hooded white helm and broad chestplate"
001273.png,"Cloaked wizard, showing a white cowl and holding a tall staff beside him"
001274.png,"Tunic armor, shaped like a sleeveless white vest with shoulder flaps and belt"
001275.png,"Heavy plate armor, featuring wide white shoulder guards and a rounded breastplate"
001276.png,"Breastplate armor, displaying white flared pauldrons, curved collar, and low waist guard"
001277.png,"Spiked chest armor, featuring winged white shoulder plates and a segmented lower section"
001278.png,"Ornate cuirass, showing white curving shoulder guards and a heavy armored chest"
001279.png,"Open coat, featuring white sleeves hanging down on either side of an opening"
001280.png,"Hooded cloak, displaying a pointed white cowl at top with draped sleeves"
001241.png,"Wheelchair, white minimalist silhouette of a seat, backrest, and large wheel on black"
001242.png,"Pine tree, solid white conical triangular foliage with a tiny square trunk on black"
001243.png,"Evergreen tree, solid white tiered pine foliage in three triangular layers on black"
001244.png,"Deciduous tree, solid white vertical oval canopy with a small detached trunk on black"
001245.png,"Two trees, pair of solid white rounded oval canopies of different heights on black"
001246.png,"Tree, solid white rounded bulbous canopy atop a small square trunk on black"
001247.png,"Tree, broad white flat-topped crown supported by a thick central branched trunk on black"
001248.png,"Saguaro cactus, solid white desert plant with tall stem and two upward arms on black"
001249.png,"Two saguaro cacti, solid white desert plants with upward arms of different heights on black"
001250.png,"Road tile, vertical straight white path with dashed black edges on a black square"
001251.png,"Curved road tile, wide white path turning a corner with dotted border on black"
001252.png,"Road edge tile, mostly white ground with segmented black left border and corner notches"
001253.png,"Road intersection tile, solid white square surface with black triangular corner accents on black"
001254.png,"Dead-end road tile, white rounded path ending enclosed by a thick black border"
001255.png,"Road markings, three white vertical rectangular dashes aligned along the center of black"
001256.png,"Corner road markings, white corner elbow dash with two adjacent dots on black"
001257.png,"T-junction road marking, white T-shaped arrangement of rectangular dashes and dots on black"
001258.png,"Crossroad road marking, white central plus symbol flanked by four rectangular dashes on black"
001259.png,"Lane markings, two parallel vertical columns of white dashed rectangles on black"
001281.png,"Pair of tall boots, white silhouette with high folded cuffs and pointed toes"
001282.png,"Pair of short boots, white silhouette with low cuffs and angled feet"
001283.png,"Pair of gloves, white with distinct fingers, thumbs, and square wrist cuffs"
001284.png,"Pair of fingerless gloves, white with open fingers, dark palm patches, and cuffs"
001285.png,"Car, white front view showing windshield, hood, lower bumper, and two tires"
001286.png,"Delivery truck, white side view showing rectangular cargo box, driver cab, and wheels"
001287.png,"Flatbed truck, white side profile with cab, open rear bed, and bottom wheels"
001288.png,"Bus, white front view with tall rectangular body, windshield panel, and bumper"
001289.png,"Motorcycle, white front view showing handlebars, center headlight, front tire, and chassis"
001290.png,"Bicycle, white side view showing front handlebar, circular wheel, and connecting frame"
001291.png,"Tall grass clump, white upright vertical blades and sprouting shoots of varying heights"
001292.png,"Bare tree, white leafless trunk branching outward into jagged winter branches and twigs"
001293.png,"Climbing vine, white winding vertical stem flanked by small leaves and sprouting foliage"
001294.png,"Pair of pine trees, white triangular evergreen canopies standing side by side"
001295.png,"Deciduous tree, white solid rounded treetop canopy supported by a straight trunk"
001296.png,"Shrubbery, white rounded low bushes composed of two overlapping horizontal foliage clumps"
001297.png,"Thorny thicket, white dense tangled bush with numerous spreading branches and sharp twigs"
001298.png,"Palm tree, white umbrella-shaped crown of leaves atop a slender vertical trunk"
001299.png,"Straight road, white vertical dashed lane markings flanked by segmented side borders"
001300.png,"Road corner, white right-angle curved border with interior dashed lane divider marks"
001301.png,"Floor tile, white surface with a grid of black dots and left-edge notches"
001302.png,"Floor tile, white surface with a symmetrical grid of black square dots"
001303.png,"Dungeon doorway, white rectangular opening framed by black crenellated walls and lintel"
001304.png,"Pipe connector, white central ring with a single downward branch on black"
001305.png,"Pipe connector, white central ring with vertical upward and downward branches on black"
001306.png,"Pipe connector, white central ring with downward and rightward branches on black"
001307.png,"Four-way pipe junction, white central ring with four perpendicular branches on black"
001308.png,"Three-way pipe junction, white central ring with branches extending up, down, and right"
001309.png,"Brick wall ruins, white stacked stone blocks forming an L-shaped corner on black"
001310.png,"Low brick wall, horizontal rows of white stone blocks along the bottom"
001311.png,"Crumbling brick wall, white stone blocks forming a jagged ruined corner on black"
001341.png,Bookshelf with horizontal white shelves holding rows of bottles and jars on black
001342.png,Storage shelf featuring two white horizontal racks loaded with hanging jars or books
001343.png,"Wooden door framed by vertical white posts, featuring a small square black keyhole"
001344.png,Vertical wall partition with dashed white rectangular pillars flanking a central opening
001345.png,Prison bars composed of vertical white iron railings between horizontal support beams
001346.png,Laboratory rack with two horizontal white beams holding vertical prongs or vials
001347.png,Wall edge marked by two solid vertical white stripes along the left side
001348.png,Corner wall frame with nested white right-angle borders across the top and left
001349.png,Floor corner marker with a small white right-angle bracket in the bottom left
001350.png,Pillar pair made of two thick vertical white rectangular columns on black
001351.png,Arched doorway composed of nested white concentric arches against a black void
001352.png,Wall boundary featuring two vertical white stripes on the right and corner notch
001353.png,Short pillar composed of a solid white vertical rectangle centered at the bottom
001354.png,Tall pillar depicted as a continuous vertical white rectangular column against black
001355.png,Corner pipe or angled wall forming a thick white right-angle bend
001356.png,Ventilation fan with four white rectangular blades radiating around a central hub
001357.png,"Three-blade vent with white rectangular vanes extending up, down, and right"
001358.png,Brick debris scattered as small white rectangular blocks in the lower-right corner
001359.png,Broken masonry with small white square and rectangular blocks at the lower-left
001360.png,Diagonal stone staircase with white stepped steps and rocky debris along the slope
001321.png,"Humanoid figure in white, standing and holding two vertical daggers or sticks"
001322.png,Farmer figure in white wearing a wide-brimmed hat and holding a tall staff
001323.png,"Club in white, diagonal thick wooden weapon tapering down to a narrow handle"
001324.png,"Spiked club in white, diagonal weapon with multiple sharp studs along the shaft"
001325.png,"Throwing club in white, diagonal thick weapon with a trail of detached dots"
001326.png,"Scythe in white, diagonal long handle with a curved hooked blade at top"
001327.png,"Scythe in white, segmented diagonal handle with a hooked blade at the top"
001328.png,"Round shield in white, circular frame divided into four quadrants by a cross"
001329.png,"Round shield in white, circular concentric rings enclosing four central square dots"
001330.png,"Circular saw blade in white, round wheel with outer teeth and central hole"
001331.png,"Compact disc in white, circular disc with a central hole and reflective segments"
001332.png,"Rolled bandage in white, diagonal cylinder with two dots and a thin outline"
001333.png,"Missile projectile in white, rounded bullet shape moving right with exhaust flames behind"
001334.png,"Crown in white, royal headpiece with three peaks and a central cross shape"
001335.png,"Crown in white, ornate royal headpiece with multiple pointed peaks and bottom band"
001336.png,"Top hat in white, tall cylindrical headwear with a wide horizontal curved brim"
001337.png,"Cowboy hat in white, wide curved brim featuring a small skull decoration"
001338.png,"Hooded cloak in white, garment headpiece with a rounded opening for the face"
001339.png,"Wheelchair with seated passenger in white, showing large wheel, frame, and person"
001340.png,"Fence in white, low barrier with vertical pickets connected by a horizontal base"
001361.png,Rockslide with a white diagonal ledge and crumbling debris blocks falling below
001362.png,Recessed square pit with nested white concentric borders around a hollow center
001363.png,Metal grate with a white checkered grid pattern framed by a square border
001364.png,Muscular humanoid figure depicted in white with broad shoulders and stout limbs
001365.png,"Skeleton figure with grinning white skull, distinct ribcage, hollow eyes, and segmented body"
001366.png,Masked humanoid figure in white wearing a ninja cowl with visible eye slit
001367.png,Winged humanoid figure in white with curved wings arching behind muscular shoulders
001368.png,"King figure in white wearing a three-pointed crown, showing long beard and robes"
001369.png,"Queen figure in white wearing a spiked crown, long flowing hair, and dress"
001370.png,Humanoid fighter in white wearing a distinct headband across the forehead and torso
001371.png,Horned warrior in white with prominent curved horns protruding from a rounded head
001372.png,Spear in white angled diagonally with a straight shaft and pointed triangular head
001373.png,"Sword in white angled diagonally with a slender blade, crossguard, and square pommel"
001374.png,Harpoon in white angled diagonally with a long shaft and barbed trident tip
001375.png,Polearm in white angled diagonally featuring a segmented shaft and flanged pointed tip
001376.png,Arrow in white angled diagonally with a broad triangular point and fletched tail
001377.png,Heater shield in white displaying a scalloped cogwheel emblem inside a thick border
001378.png,Rounded shield in white studded with small rivets around a dark central plate
001379.png,Kite shield in white featuring a raised central cross boss with four rivets
001380.png,Heraldic shield in white decorated with horizontal stripes across the curved protective face
001081.png,"Dynamite sticks, orange-red bundle tied together with a central timer and wick"
001082.png,"Aerosol spray can, green container with a top nozzle and side trigger"
001083.png,"Cog wheel, light beige circular gear with eight dark notched outer teeth"
001084.png,"Girl portrait, light beige face with shoulder-length hair, dark eyes, and mouth"
001085.png,"Directional pad, cyan cross composed of four hollow square buttons around center"
001086.png,"Square panel, light beige center framed by dark brown checkered border edges"
001087.png,"Lit candle, cream-colored burning wax on a small saucer with smoke rising"
001088.png,"Medical emblem, red circular badge containing a dark Greek cross inside"
001089.png,"Square frame, beige central tile enclosed by a dark border with corner dots"
001090.png,"Burst pattern, beige central hollow square surrounded by dotted diagonal radiating rays"
001091.png,"Pac-Man figure, yellow circular outline with a mouth gap enclosing a yellow pellet"
001092.png,"Ornate square frame, beige panel bordered by dark corner flourishes and tabs"
001093.png,"Cassette tape, beige retro audio cassette with label window and two circular reels"
001094.png,"T-shaped platform block, beige masonry section with two lower dark recessed corners"
001095.png,"Gamepad buttons, four cyan circular buttons arranged in a diamond cluster formation"
001096.png,"Square tile, beige center framed by dark border lines with corner brackets"
001097.png,"Expand symbol, four beige diagonal arrows radiating outward from a central square"
001098.png,"Six-sided die, beige bordered square face containing six dots in two columns"
001099.png,"Square border, beige panel surrounded by dark double-bracket corners and side notches"
001100.png,"Game controller, beige retro gamepad with top wire, directional pad, and buttons"
001141.png,"Castle rook in beige with three battlements, a square window, and a horizontal base"
001142.png,Chess bishop in beige with an angled mitre top and a wide flat base
001143.png,"Chess pawn in beige with a square head, stepped collar, and flat base"
001144.png,"Chess king in beige featuring a cross finial, central stem, and wide base"
001145.png,Chess knight in beige depicting a horse head silhouette on a flat base
001146.png,Floor tile in beige with concentric square borders and notched corner brackets
001147.png,Pitched-roof house in beige with an adjacent slanted shed and small entrance doorway
001148.png,"Cottage in beige with a steep peaked roof, square door, and window"
001149.png,Temple facade in beige with four vertical columns beneath a pediment roof
001150.png,Calculator in beige with a wide top screen and six rectangular keys
001151.png,"Building facade in beige with a wide upper awning, entrance door, and flanking windows"
001152.png,Computer terminal in beige with a single pixel on screen above slatted base
001153.png,Dual-screen console in beige with an open top screen and four-button lower panel
001154.png,Desktop computer in beige displaying a screen dot above a grid of keys
001155.png,"Headphones in orange with thick ear cushions, headband, and a coiled descending wire"
001156.png,Vintage television in orange with a square screen enclosure standing on two peg feet
001157.png,Computer monitor in orange with a wide rectangular screen mounted on a stepped stand
001158.png,Display terminal in orange featuring a wide screen over a tiered base with legs
001159.png,"Robot head in beige with rectangular eye slits, side ear modules, and squared jaw"
001160.png,"Handheld console in beige with side grips, rectangular screen, and directional buttons below"
001421.png,"Hooked walking staff, white diagonal shaft ending in a square-angled curved top"
001422.png,"Spear, white diagonal segmented shaft topped with a barbed, winged arrowhead"
001423.png,"Magic staff, white diagonal shaft topped with an open square ring head"
001424.png,"Magic wand, white diagonal shaft holding a square gem within an angled prong"
001425.png,"Spiked club, white diagonal handle with a thick head bearing pointed wooden spikes"
001426.png,"Shield, white rounded heraldic shield emblazoned with a prominent central cross design"
001427.png,"Tower shield, white rectangular body with rounded corners, double border, and corner studs"
001428.png,"Kite shield, white medieval heraldic shield bearing a two-square checkered emblem"
001429.png,"Heater shield, white bordered defensive shield with a pointed base and square crest"
001430.png,"Armored boot, white side-profile footwear with a ribbed high ankle and flat sole"
001431.png,"Pile of coins, white round currency pieces stacked together on the ground"
001401.png,"Archway silhouette, solid white rounded dome with small side bumps and flat base"
001402.png,"Dead-end corridor, white vertical inverted U-shaped pathway walls enclosing a central lane"
001403.png,"Straight corridor, two parallel vertical white lines forming a narrow pathway"
001404.png,"Corner corridor, two concentric right-angled white lines turning toward the bottom"
001405.png,"Four-way intersection, intersecting horizontal and vertical double white lines forming a cross"
001406.png,"Three-way T-junction, vertical double white lines connecting to a rightward branch"
001407.png,"Crumbling wall, white rectangular brick fragments clustered in the upper right area"
001408.png,"Crumbling wall, white rectangular brick fragments clustered along the upper left corner"
001409.png,"Diagonal slope, white descending stripe with floating rectangular rubble blocks above it"
001410.png,"Diagonal slope, white ascending stripe with floating rectangular rubble blocks above it"
001411.png,"Ring, small white rectangular hollow loop with a single vertical inner mark"
001412.png,"Diamond gemstone, white faceted outline with a flat top tapering to a point"
001413.png,"Female humanoid figure, white body with long side hair, eyes, and dress"
001414.png,"Standing man, white figure wearing a brimmed hat with bent arms and trousers"
001415.png,"Miner character, white figure wearing a domed hard hat with hands at sides"
001416.png,"Stout character, white figure wearing a wide-brimmed cowboy hat with broad torso"
001417.png,"Detective figure, white man wearing a fedora and trench coat holding a cane"
001418.png,"Android figure, white humanoid with a bald head, hollow eyes, and separated limbs"
001419.png,"Casual man, white figure wearing a flat cap, jacket, and separated feet"
001420.png,"Skeleton character, white figure with a skull face wearing a vest and trousers"
001201.png,Vertical pathway with black dashed center lines between double black boundary lines
001202.png,Curved pathway corner turning top-left with black boundary curves and dashed markings
001203.png,Three-way pathway junction with black lane markings branching toward the right side
001204.png,Four-way pathway crossroad featuring black corner borders and four central dashed markings
001205.png,Arched doorway framed in white outline set within a solid black wall
001206.png,Wall segment in black with a thin white stripe along its right edge
001207.png,"Wall segment in black with an indented, stepped white border on the right"
001208.png,Wall corner in black framed by an L-shaped white border at bottom-right
001209.png,Basketweave pavement with interlocking white horizontal and vertical rectangular blocks
001210.png,Patterned floor tile consisting of a three-by-three grid of white geometric squares
001211.png,Brick wall corner showing white masonry outlines along the top and left side
001212.png,Brick wall section featuring white outlined masonry courses above a solid black base
001213.png,Brick wall corner featuring white masonry outlines along the top and right side
001214.png,Ladder with two white vertical side rails and two horizontal rungs
001215.png,Spike trap consisting of sharp white triangular points lined along the bottom
001216.png,Square decorative block with a central white cross emblem and four corner dots
001217.png,Hooded figure wearing a white robe and cowl with a shadowed dark face
001218.png,"Humanoid character standing upright in white with visible eyes, arms, and legs"
001219.png,Standing humanoid character holding a tall white staff or spear on the right
001220.png,Armored knight holding a round white shield and a raised white sword
001441.png,Square ventilation grate with white interlocking border bars surrounding a hollow black center
001443.png,Metal fence with two horizontal rails and vertical pointed bars in white
001444.png,"Bed with an arched white headboard, vertical posts, footboard, and two feet"
001445.png,"Baby crib with white slatted vertical bars, horizontal rails, and support legs"
001449.png,Vertical stone path with white pavement bordered by notched dark edges
001450.png,Corner path segment with a white right-angled road on a dark field
001451.png,Potion flask with a round white body and a narrow open neck
001453.png,Balcony railing with white vertical balusters between top and bottom horizontal rails
001454.png,Stone battlement with white vertical pillars and square openings along the top
001455.png,Ocean waves with stepped white water crests rippling across a dark surface
001461.png,"Scorpion, white silhouette with curved stinging tail, segmented body, and two large claws"
001462.png,"Crab, white silhouette with an oval shell, two large front claws, and side legs"
001463.png,"Bee, white insect silhouette with striped abdomen, two large wings, and small legs"
001464.png,"Beetle, white top-down silhouette with curved legs surrounding a segmented shell and head"
001465.png,"Spider, white silhouette with a round body, small fangs, and thick jointed legs"
001466.png,"Spider, white silhouette with a large bulbous abdomen, rounded head, and surrounding legs"
001467.png,"Beetle, white silhouette with an oval segmented shell, small head, and splayed legs"
001468.png,"Stag beetle, white silhouette with large upward curved pincers, small torso, and legs"
001469.png,"Staff, white diagonal shaft with a spearhead tip, crossguard details, and square base"
001470.png,"Crescent staff, white diagonal segmented shaft topped with a crescent moon and orb"
001471.png,"Spear, white diagonal pole with a wide leaf-shaped blade tip and banded grip"
001472.png,"Trident, white diagonal polearm with a three-pronged spearhead and a segmented handle"
001473.png,"Anchor, white diagonal shaft ending in a pointed double-fluked hook and small stock"
001474.png,"Bow and arrow, white curved bow stave with a horizontal nocked arrow and string"
001475.png,"Bow and arrow, white curved bow stave holding a nocked arrow against drawn string"
001476.png,"Recurve bow, white angular bow stave with a drawn arrow along the bowstring"
001477.png,"Arrow, white diagonal shaft with a pointed triangular arrowhead pointing toward the corner"
001478.png,"Arrow, white diagonal shaft with a broad arrowhead, central bead, and split fletching"
001479.png,"Shovel, white diagonal tool with a looped handle, straight shaft, and rounded spade"
001480.png,"Pickaxe, white diagonal tool with a long straight handle and curved pointed head"
001521.png,"Sword: A white diagonal sword with a pointed blade, crossguard, and small pommel"
001522.png,"Dagger: A white short dagger pointing diagonally up and right, with crossguard and hilt"
001523.png,Bow: A white curved hunting bow strung with a straight diagonal bowstring
001524.png,Bow: A white segmented recurve bow strung with a straight diagonal bowstring
001525.png,Bow: A white composite bow with curved limbs strung with a straight bowstring
001526.png,"Bow: A white curved bow strung diagonally, adorned with three detached square studs"
001527.png,Bow: A white recurve bow with curved limbs strung with a diagonal bowstring
001528.png,Quiver: A white diagonal quiver holding three feathered arrows emerging from the top
001529.png,Ring: A white circular band topped with a square gemstone setting
001530.png,Ring: A white circular finger ring mounted with a large diamond-shaped gemstone
001531.png,Ring: A white rounded ring or torc featuring a small central gem ornament
001532.png,Ring: A white circular band featuring a large square gemstone setting at top
001533.png,Floor tile: A white square decorative floor tile with four four-pointed star motifs
001534.png,Signpost: A white wooden shop sign on a post displaying a sword silhouette
001535.png,Signpost: A white directional signpost featuring two horizontal stacked rectangular boards
001536.png,Signpost: A white wooden signboard with horizontal markings mounted on a central post
001537.png,Shop counter: A white tiered wooden counter with shelves and two support legs
001538.png,Bar counter: A white counter with vertical slats and a foaming beer mug
001539.png,Double doors: A white framed doorway with closed double doors and two handles
001540.png,Doorway: A white rectangular doorway frame showing an open portal or passage
001501.png,"Four animal paw prints in white, arranged evenly in a two-by-two square"
001502.png,"Four bird tracks in white, each showing three distinct claws, in two rows"
001503.png,"Two hanging arrow pendants in white, each with a top ring and barb"
001504.png,"A tree stump in white, featuring a hollow top and stubby bark projections"
001505.png,"A slender tree trunk in white, with a flared base and tiny branches"
001506.png,"A tall thin tree trunk in white, showing alternating side notches and roots"
001507.png,"A cave ceiling section in white, with jagged rock textures and hanging stalactites"
001508.png,"A cavern roof border in white, displaying multiple pointed stalactites hanging straight down"
001509.png,"A rocky cave overhang in white, featuring short hanging stalactites along the ceiling"
001510.png,"A hooded traveler in white, wearing a rounded cowl, dark face, and tunic"
001511.png,"A stout dwarven man in white, wearing a brimmed hat, mustache, and boots"
001512.png,"A pointed ghost in white, with dark eye holes and a trailing tail"
001513.png,"A floating phantom in white, showing a skull face, open mouth, and tail"
001514.png,"A hairy ape monster in white, with broad shoulders, eyes, and short legs"
001515.png,"A skeleton figure in white, showing a skull, ribcage, outstretched arms, and pelvis"
001516.png,"A blocky golem in white, featuring a rectangular head, thick arms, and legs"
001517.png,"A mechanical warrior in white, displaying armored shoulders, a visor, and sturdy legs"
001518.png,"A short sword in white, angled diagonally with an outlined blade and hilt"
001519.png,"A broad dagger in white, angled diagonally with a wide blade and pommel"
001520.png,"A straight longsword in white, angled diagonally with a distinct crossguard and grip"
001561.png,"Cow, white, facing right with short horns, snout, four legs, and a tail"
001562.png,"Horse, white, facing right with pointed ears, upright mane, snout, and a tail"
001563.png,"Pig, white, facing right with pointed ears, blunt snout, and a raised tail"
001564.png,"Cat, white, sitting facing forward with pointed ears, face features, and raised tail"
001565.png,"Dog, white, facing right with perked ears, pointed snout, legs, and raised tail"
001566.png,"Sword, white, tilted diagonally with a straight blade, decorative crossguard, and round pommel"
001567.png,"Broadsword, white, tilted diagonally with a wide blade, sturdy crossguard, and square pommel"
001568.png,"Sword, white, tilted diagonally with a straight tapered blade, simple crossguard, and pommel"
001569.png,"Rapier, white, tilted diagonally with a slender blade, spiked angled crossguard, and pommel"
001570.png,"Sword, white, tilted diagonally with a straight blade, curved crossguard, and pommel"
001571.png,"Warhammer, white, tilted diagonally with a rectangular heavy head on a segmented shaft"
001572.png,"Polearm, white, tilted diagonally with a circular bladed ring head on a shaft"
001573.png,"Battleaxe, white, tilted diagonally with a double-crescent axe blade on a shaft"
001574.png,"Halberd, white, tilted diagonally with a spear tip, curved axe blade, and shaft"
001575.png,"Poleaxe, white, tilted diagonally with a spearhead, two side axe blades, and shaft"
001576.png,"Axe, white, tilted diagonally with a notched single-edged blade on a long shaft"
001577.png,"Necklace, white, beaded teardrop chain with a square cross pendant at the bottom"
001578.png,"Necklace, white, beaded tapered chain with a small rounded pendant at the bottom"
001579.png,"Necklace, white, rounded collar chain with a central hollow ring-shaped pendant"
001580.png,"Necklace, white, oval chain with a hanging rectangular buckle-shaped pendant at the bottom"
001541.png,Storefront facade in black and white with a plain upper wall and double doors
001542.png,Building entrance in black and white with a blank upper section and open dark doorway
001543.png,Service counter in black and white featuring an upper canopy and two divided windows
001544.png,Service counter in black and white featuring an upper canopy and wide open window
001545.png,Two-story storefront in black and white with an upper sign and lower double doors
001546.png,Building exterior in black and white with an awning and single door with handle
001547.png,Room alcove in black and white showing a small framed box or safe inside
001548.png,Wooden signpost in black and white with a carved horizontal board on one post
001549.png,Wooden signpost in black and white with a square signboard on a central post
001550.png,Large bulletin board in black and white mounted horizontally on two vertical support posts
001551.png,Fabric banner in black and white stretched horizontally between two tall vertical support poles
001552.png,"Round cartoon creature in white with ball ears, standing and peeking from the bottom"
001553.png,"Round cartoon creature in white with ball ears, smiling face, and small resting feet"
001554.png,"Round cartoon creature in white with ball ears and smiling face, walking on two feet"
001555.png,"Round cartoon creature in white leaping with outstretched limbs, ball ears, and smiling face"
001556.png,"Round cartoon creature in white with ball ears, raised hands, and a smiling face"
001557.png,Round cartoon creature in white peeking into view from the lower edge and corner
001558.png,"Blocky humanoid robot in white standing forward with rectangular head, arms, and two legs"
001559.png,"Duck in white swimming facing right, showing an open beak, eye, and curved wing"
001560.png,Duck in white facing right with an eggshell cap perched on its round head
001581.png,"Bread slice and rectangular loaf, rendered in white outlines with rounded edges"
001582.png,"Chandelier, white hanging light fixture with central stem and horizontal candle brackets"
001583.png,"Standing mirror, arched white frame on two legs displaying a diagonal reflection streak"
001584.png,"Stool, white rounded seat supported by two legs and a horizontal crossbar"
001585.png,"Blackboard, large white rectangular board mounted on a stand with two thick legs"
001586.png,"Counter, white L-shaped border with horizontal surface and a left support leg"
001587.png,"Wall panel, white horizontal stripes across the top and bottom of a rectangle"
001588.png,"Bed, white single bed with tall left headboard, pillow, and patterned mattress trim"
001589.png,"Bed, white single bed with left headboard, pillow, patterned blanket, and two legs"
001590.png,"Crib, white bed frame with corner posts, low headboard, and checkered lower trim"
001591.png,"Fireplace, white brick chimney above an open hearth with a zigzag fire grate"
001592.png,"Printer, white desktop machine with sheet of paper feeding through the top slot"
001593.png,"Toilet, white oval basin with a seat rim and curved pedestal base"
001594.png,"Dresser, white wooden cabinet with two upper drawers and one wide lower drawer"
001595.png,"Bookshelf, white wooden cabinet featuring four square upper cubbies and a bottom drawer"
001596.png,"Nightstand, white small bedside table featuring a single drawer over two open legs"
001597.png,"Framed picture, white hanging wall frame displaying a simple landscape silhouette inside"
001598.png,"Wall clock, white hanging frame containing a round clock face with dark center"
001599.png,"Doorframe, simple white rectangular archway outline representing an open doorway"
001600.png,"Flag, white rectangular banner waving to the right from a vertical flagpole"
001601.png,"Winged monster, white, with a round body, small wings, arms, and two feet"
001602.png,"Winged monster, white, with a round body, upright wings, and one raised foot"
001603.png,"Winged monster, white, stepping forward with separated feet and tall upright wings"
001604.png,"Winged monster, white, jumping with outstretched arms, spread feet, and high wings"
001605.png,"Winged monster, white, standing with raised arms, tall wings, and small feet"
001606.png,"Monster head, white, peeking from the bottom edge, showing eyes and tall horns"
001607.png,"Golem outline, white, featuring a rounded head, broad shoulders, and hanging arms"
001608.png,"Octopus, white, featuring a bulbous head, two eyes, and several curling tentacles"
001609.png,"Bat, white, flying forward with outspread scalloped wings and small pointed ears"
001610.png,"Ghost, white, floating body with a rounded head, dark eyes, and wavy hem"
001611.png,"Snake, white, coiled body facing left with an open mouth and pointed tail"
001612.png,"Monster head, white, with a curved horn, open jaw, and sharp teeth"
001613.png,"Bear, white, front-facing bust showing rounded ears, facial features, and broad shoulders"
001614.png,"Rat, white, crawling sideways with a long curved tail, snout, and four paws"
001615.png,"Sword, white, diagonal double-edged blade with a central fuller, crossguard, and pommel"
001616.png,"Broadsword, white, diagonal wide blade with a hollow center, crossguard, and rounded pommel"
001617.png,"Dagger, white, diagonal solid blade with a notched crossguard and thick hilt"
001618.png,"Sword, white, diagonal pointed blade with a central groove, straight crossguard, and pommel"
001619.png,"Longsword, white, diagonal blade with a central fuller, barbed crossguard, and grip"
001620.png,"Magic staff, white, diagonal slender shaft topped with a square frame enclosing a gem"
001641.png,An arched fireplace or stove with a curved white hood and inner opening
001642.png,"A minimalist chair seen from the side, featuring a white backrest and angular frame"
001643.png,A vertical capsule or canister with rounded white ends and a solid center band
001644.png,"A high-backed armchair or throne with white armrests, backrest, and a thick base"
001645.png,"A bed or bench featuring a white rounded frame, mattress, and two legs"
001646.png,A rectangular table or desk with a flat white frame and two straight legs
001647.png,Two vertical parallel bars drawn in white along the left and right edges
001648.png,A waving flag mounted on a white vertical pole extending to the left
001649.png,"A smiling alien creature with white skin, two antennae, and a round body"
001650.png,"A round alien creature with white body, two antennae, stubby arms, and legs"
001651.png,"A jumping alien creature with white body, outstretched antennae, tiny hands, and feet"
001652.png,"A leaping alien creature with white body, splayed antennae, and kicked-out limbs"
001653.png,"A white alien creature raising both arms, featuring two antennae and smiling face"
001654.png,A white alien head with two antennae peeking up from the lower edge
001655.png,"A humanoid robot figure with white body, broad shoulders, and square head visor"
001656.png,"A muscular humanoid figure with white skin, broad shoulders, and dark eye sockets"
001657.png,"A wizard character wearing a white pointed conical hat, robes, and collar"
001658.png,An astronaut or deep-sea diver wearing a white helmet with a rectangular visor
001659.png,"A humanoid robot with a white rectangular head, blocky torso, and short legs"
001660.png,A blocky character or robot wearing a white dome helmet and horizontal belt
001621.png,"White battleaxe with curved double blades, spikes, and a diagonal handle"
001622.png,"White spear with a pointed tip, crossbar, and triangular blade on a diagonal shaft"
001623.png,"White battleaxe with a single notched blade, rear spike, and a diagonal shaft"
001624.png,White hatchet with a single curved wedge blade on a short diagonal handle
001625.png,White double-headed battleaxe with two broad rectangular blades on a diagonal handle
001626.png,White necklace with an oval beaded chain and a hanging cross pendant
001627.png,White necklace with an oval chain and a hollow square ring pendant
001628.png,White necklace with a beaded chain and an open square locket pendant
001629.png,White necklace with a beaded chain and a tied ribbon bow pendant
001630.png,"White bed seen from above, showing four corner posts and two top pillows"
001631.png,"White square table viewed from above, flanked by four rectangular chairs on each side"
001632.png,White arched doorway framing a closed door marked with
001661.png,"Soldier, a white humanoid character facing forward wearing a peaked military cap or beret"
001662.png,"Woman, a white female bust with long flowing hair framing a simplified face"
001663.png,"Sword, a white diagonal blade pointing up-right with a thin hilt and guard"
001664.png,"Broadsword, a white diagonal weapon with a thick segmented blade and prominent crossguard"
001665.png,"Sword, a white diagonal bladed weapon with a slender blade and distinct crossguard"
001666.png,"Sword, a white diagonally oriented blade with a barbed crossguard and pointed tip"
001667.png,"Sword, a white diagonal weapon with a wide blade and a cross-shaped guard"
001668.png,"Pistol, a white semi-automatic handgun facing right with a square slide and grip"
001669.png,"Laser gun, a white side-view firearm with an angled grip and wide nozzle"
001670.png,"Shotgun, a white sawed-off firearm facing right with a curved stock and barrel"
001671.png,"Submachine gun, a white firearm facing right with a rear stock and downward magazine"
001672.png,"Machine pistol, a white compact firearm with a vertical grip and short barrel"
001673.png,"Assault rifle, a white side-profile firearm with a long barrel, stock, and trigger"
001674.png,"Rocket launcher, a white tubular heavy firearm facing right with handles and sights"
001675.png,"Ammunition crate, an open white box filled with upright bullets along the top"
001676.png,"Bomb, a white spherical explosive with a curved burning fuse emitting a spark"
001677.png,"Dynamite, a white bundle of explosive sticks tied together with a burning fuse"
001678.png,"Canister, a white upright cylindrical flask or smoke grenade with a side lever"
001679.png,"Circular saw blade, a white toothed ring with eight evenly spaced outward spikes"
001680.png,"First aid kit, a white rectangular medical box with a cross symbol and handle"
001701.png,Garland of white hanging bunting flags strung along a curved line
001702.png,Cabinet with two white framed drawer sections and center rectangular handles
001703.png,"Human face with white rounded bowl-cut hair, two eyes, and small mouth"
001704.png,"Female face with white shoulder-length parted hair, two eyes, and mouth"
001705.png,Male head with white hair and a full thick beard covering jaw
001706.png,Balding male head with white side hair tufts and a rounded beard
001707.png,"Male head with short white hair, visible side ears, and facial features"
001708.png,Male head with wavy white hair and a prominent horizontal mustache
001709.png,Female head with white sweeping hair covering one side of the face
001710.png,Female head with voluminous wavy white hair framing both sides of face
001711.png,Sphere shape with solid white highlight and dithered shading along bottom edge
001712.png,Diamond shape with solid white top and checkered dithered shading on bottom
001713.png,Diagonal double arrow with white pointing ends and an oval center loop
001714.png,Diagonal arrow with thick white body pointing toward the upper-left corner
001715.png,Arrow cursor with hollow white outline pointing toward the upper-left corner
001716.png,"Diagonal arrow pointing up-left, outlined in white and overlapping a square frame"
001717.png,Mouse cursor arrow with solid white fill pointing toward upper-left corner
001718.png,"Heart with solid white fill, rounded upper lobes, and pointed bottom"
001719.png,Heart outline formed by a continuous white border around a black center
001720.png,Broken heart outline in white with a jagged crack down the center
001681.png,"Floor tile, concentric white square frames enclosing a black center with four white dots"
001682.png,"Floor tile, nested white square borders surrounding a black square with four white dots"
001683.png,"Lever switch, diagonal white handle resting in a slotted horizontal white base"
001684.png,"Lever switch, angled white handle rising diagonally to the right from a horizontal base"
001685.png,"Elevator doorway, thick white arched frame surrounding a dark entrance with a wall panel"
001686.png,"Vault door, white arched border enclosing a panel with a central latch and dots"
001687.png,"Shutter door, white arched outer frame containing four horizontal white panels and slats"
001688.png,"Shop counter, white corner border enclosing a small checkered cash register and shelf"
001689.png,"Wall shelves, white corner border containing four horizontal white slats on black"
001690.png,"Wall corner, thick white right-angled border running along the top and left edges"
001691.png,"Toilet, side profile in white showing a rectangular water tank, bowl, and base"
001781.png,Stone altar with a black cross symbol and a hollow base beneath
001782.png,Diagonal stone wall fragment with black rectangular cracks against a dark background
001783.png,Stone notice board with dark markings and textured blocks at the bottom
001784.png,Sloped white rock face descending rightward with fallen black and white rubble
001785.png,Curved white stone statue head resting inside a rounded basin structure
001786.png,White hanging curtain or wall drapery with a zig-zag fringed bottom edge
001787.png,White wall banner with a circular pendant medallion hanging beneath it
001788.png,White scalloped awning with a centered hanging anchor or hook below
001789.png,Vertical jagged white chain or lightning bolt centered on black
001790.png,White suit of armor or small mechanical figure standing centered alone
001791.png,White mounted deer antlers or horned animal skull facing directly forward
001792.png,Round white stone arch framing a circular medallion with an interior cross
001793.png,Pile of white rectangular bricks and scattered loose rubble pieces
001794.png,Cluster of white circular bubbles or round floating stones
001795.png,Mechanical wall fixture with two horizontal pipes extending to the right
001796.png,Iron portcullis gate with a square grid pattern above jagged spikes
001797.png,Rectangular white door with a small latch inside a framed entrance
001798.png,Square stone floor tile featuring an ornate geometric concentric maze pattern
001799.png,Wooden railing or shelving structure with two vertical posts and horizontal crossbeams
001800.png,Horizontal white and black striped window blinds enclosed within a square frame
001721.png,Heart emblem with a thick white outline and central square on a black field
001722.png,"Plus-shaped emblem outlined in white, containing four small white squares on a black field"
001723.png,Plus-shaped emblem outlined in white with three small squares and a modified bottom arm
001724.png,Plus-shaped emblem outlined in white with three small squares and a modified left arm
001725.png,Plus-shaped emblem outlined in white with two small squares and widened lower arms
001726.png,Plus-shaped emblem outlined in white with three small squares and a modified right arm
001727.png,Square frame with a hollow black center and patterned white notched edges
001728.png,"Square plaque with layered borders, featuring a central black cross on white"
001729.png,Stepped brick structure with white rectangular blocks rising diagonally toward the right
001730.png,Row of white rectangular brick pillars standing on a low base against black
001731.png,"Architectural wall section with a white border, dark upper panel, and two support pillars"
001732.png,Wall panel featuring a central
001741.png,"Bookshelf, white, featuring three horizontal shelves stacked with books within an arched frame"
001742.png,"Construction barricade, white, with two top warning lights and diagonal striped crossbars on legs"
001743.png,"Stacks of coins, white, showing two small adjoining piles of circular metal discs"
001744.png,"Descending ramp or staircase, white, framed by a vertical left pillar and horizontal floor"
001745.png,"Damaged doorway, white, featuring a cracked overhead beam, broken side pillars, and detached fragments"
001746.png,"Ruined brick wall, white, with a jagged stepped profile and small rectangular indentations"
001747.png,"Stone wall block, white, featuring a flat top border and several scattered square holes"
001748.png,"Ruined stone wall, white, with a jagged sloping outline and rectangular brick cutouts"
001749.png,"Torii gate, white, featuring a curved upper roof beam, horizontal crossbar, and two pillars"
001750.png,"Pagoda shrine gate, white, with two tiered curved lintels supported by two upright pillars"
001751.png,"Hanging signboard, white, suspended from an overhead lintel between two vertical wooden frame posts"
001752.png,"Diagonal energy projectile, white, shaped like a tapered diamond needle pointed at both ends"
001753.png,"Crescent blade slash, white, curving smoothly from the top left to a sharp point"
001754.png,"Triple claw slashes, white, consisting of three parallel diagonal jagged energy strikes"
001755.png,"Sparkle explosion, white, featuring a large central burst surrounded by scattered small glints"
001756.png,"Droplet or flame, white, with a hollow circular base and two small side embers"
001757.png,"Flying meteor, white, featuring an oval ring core trailing small scattered sparks downward"
001758.png,"Cross slash, white, forming an X shape made of two intersecting sharp diagonal beams"
001759.png,"Candle on a saucer, white, featuring an upright lit flame above an oval dish"
001760.png,"Skeleton key, white, oriented horizontally with a hollow square handle and notched blade teeth"
001761.png,"A horizontal white key with a rectangular hollow handle, long stem, and downward bit"
001762.png,"A horizontal white key with a spade-shaped hollow handle, straight shaft, and downward tooth"
001763.png,White bubbles composed of several hollow circular rings of different sizes on black
001764.png,White sparkles consisting of four-pointed and eight-pointed radiating stars scattered across black
001765.png,A target reticle with a central hollow square and ornate radiating white corners
001766.png,"A white human skull featuring hollow black eye sockets, nasal cavity, and teeth"
001767.png,"A solid white potion bottle with a narrow neck, flat rim, and wide base"
001768.png,An empty potion flask outlined in thick white with a hollow black interior
001769.png,A white outline potion flask partially filled with liquid at its rounded base
001770.png,A white potion flask filled almost completely with solid white liquid
001771.png,A circular directional pad with a black four-way cross centered in a white circle
001772.png,A circular directional pad with a white square highlighting the upper cross arm
001773.png,A circular directional pad with a white square highlighting the right cross arm
001774.png,A circular directional pad with a white square highlighting the bottom cross arm
001775.png,A circular directional pad with a white square highlighting the left cross arm
001776.png,A white square selection box outlined in black with small pointed corners
001777.png,A framed portal with a white archway over a segmented horizontal stone threshold
001778.png,A white arched cave entrance set above a row of rectangular stone blocks
001779.png,A square stone tile featuring a central hollow cross surrounded by white rectangular blocks
001780.png,A vertical ladder or track with two serrated white side rails on black
001801.png,"Arrow pointing upward, solid white with a triangular head and a wide straight shaft"
001802.png,"Greek cross in solid white, centered between four solid black square corners"
001803.png,Geometric pattern of four white inward-pointing wedges separated by a black diagonal cross
001804.png,Sprout emblem in white featuring three branching leaves above a curved cradle base
001805.png,Starburst pattern in white with eight radiating petals around a square hollow center
001806.png,Sparkle burst in white featuring a circular ring surrounded by small radiating specks
001807.png,Sparkle cluster composed of scattered white diamond and cross-shaped particles
001808.png,Magic ward pattern with a central hollow square framed by dots and corner blocks
001809.png,"Bone in solid white, positioned diagonally with double rounded knobs at each end"
001810.png,"Animal skull in solid white facing right, featuring a snout, teeth, and eye socket"
001811.png,"Human skull facing right, rendered in white with a hollow eye socket and teeth"
001481.png,"Spear, white diagonal shaft pointing up-right with barbed tip and square counterweight base"
001482.png,"Book, white rectangular cover with twin binding rings along left edge and central label"
001483.png,"Microscope, white angled body with viewing tube, focusing neck, and flat base platform"
001484.png,"Briefcase, white rectangular bag featuring a top carrying handle, central clasp, and feet"
001485.png,"Alarm clock, white boxy casing displaying digital numbers, top snooze button, and angled feet"
001486.png,"Ladder, two white vertical side rails connected by three thick horizontal climbing rungs"
001487.png,"Ladder, two white vertical side beams with staggered, alternating rungs climbing up the center"
001488.png,"Bar chart, four white vertical columns of decreasing height enclosed by bottom-left axes"
001489.png,"Bar graph, three white vertical columns of increasing height enclosed within a square frame"
001490.png,"Ventilation grille, white square outer frame enclosing four parallel horizontal slats"
001491.png,"Bookshelf, white square frame containing two horizontal shelves loaded"
001861.png,"Exclamation mark, solid white vertical stroke with a detached square dot below"
001862.png,"Speech bubble, white rounded square containing a centered black exclamation mark"
001863.png,"Question mark, white curved hook shape with a detached square dot below"
001864.png,"Speech bubble, white rounded square containing a centered black question mark"
001865.png,"Ring, thick white circular outline centered on a solid black square"
001866.png,"Cross mark, thick white diagonal letter X shape on a black background"
001867.png,"Square frame, white outline with rounded corners centered on a black background"
001868.png,"Crossed square, white square frame intersected by a bold diagonal cross"
001869.png,"Controller pad, four empty white circular rings arranged in a diamond cross pattern"
001870.png,"Controller pad, four diamond-arranged rings with a white dot inside the top ring"
001871.png,"Controller pad, four diamond-arranged rings with a white dot inside the right ring"
001872.png,"Controller pad, four diamond-arranged rings with a white dot inside the bottom ring"
001873.png,"Controller pad, four diamond-arranged rings with a white dot inside the left ring"
001874.png,"Framing box, large white central square bordered by intersecting black grid lines"
001875.png,"Arched doorway, white arch enclosing an inner vertical slab marked with a black cross"
001876.png,"Cross monument, small white upright cross mounted on a stepped rectangular base"
001877.png,"Open casket, rectangular white box frame with a cross extending upward from within"
001878.png,"Shelf rack, white square frame containing two horizontal bars holding vertical posts"
001879.png,"Gauge display, white rounded frame containing an inner horizontal zigzag line and dots"
001880.png,"Cauldron, white rounded pot with two side handles, small feet, and an overhead handle"
001841.png,Audio cassette tape with a rectangular top window and two circular reels below
001842.png,Castle wall corner piece with crenellated outer edges and checkered inner trim
001843.png,Castle wall horizontal piece with a crenellated top edge and checkered bottom trim
001844.png,Castle wall top-right corner with crenellated outer edges and checkered inner trim
001845.png,"Castle wall end cap with crenellations, a checkered band, and open right side"
001846.png,Castle wall section with crenellated top and bottom edges and checkered center
001847.png,Wall border tile forming a white C-shape opening to the right side
001848.png,Wall section tile with alternating horizontal black and white parallel stripes
001849.png,Curved wall segment forming a rounded white arch opening to the right
001850.png,Upward arrow pointing straight up in solid white on a black field
001851.png,Straight vertical pathway in solid white between two black vertical walls
001852.png,Dead-end pathway in solid white with a rounded base between black walls
001853.png,"Waterfall stream in white, dissolving into scattered spray pixels at the bottom"
001854.png,Curved pathway turning a rounded ninety-degree corner between black wall corners
001855.png,"T-junction pathway intersection in white, branching three ways between black walls"
001856.png,Right-angle pathway turning a sharp L-shaped corner between black walls
001857.png,"Three-way pathway corridor in white, branching left, right, and downward"
001858.png,"Potion flask with a round base, narrow neck, and flat white rim"
001859.png,"Potion flask with a bulbous body, tall neck, and cork stopper cap"
001860.png,"Round potion jar with small handles, a flat base, and cork stopper"
001881.png,"Text document window, monochrome white layout with title bar, rectangular data blocks, and zigzags"
001882.png,"Storefront counter, white horizontal frame with a checkered lower border against a black field"
001883.png,"Shop window display, white rectangular frame enclosing an inner pane with small tiered blocks"
001884.png,"Shop display window, white rectangular frame housing diagonal shelves with small geometric goods inside"
001885.png,"Vending machine front, white rectangular frame with small display compartments, buttons, and dispensing slot"
001886.png,"Wavy line, white curved serpentine stroke snaking diagonally across a solid black square"
001887.png,"Ventilation grille, white vertical slats over a bottom horizontal bar with square perforations"
001888.png,"Horizontal vent grille, pattern of alternating white and black straight horizontal bars"
001889.png,"Dual-screen console, white frame holding an upper horizontal screen and a larger lower screen"
001890.png,"Display panels, two stacked white rectangular frames centered on a solid black square"
001891.png,"Vertical zipper track, white notched column with a toothed border along the left edge"
001892.png,"Computer terminal screen, white rectangular frame displaying a central zigzag waveform between horizontal bars"
001893.png,"Vertical zipper track, white toothed border and notched column along the right edge"
001894.png,"Targeting reticle, white segmented circular ring with four inner notches on a black square"
001895.png,"Targeting crosshair, white segmented circle intersected by four rectangular directional ticks on cardinal axes"
001896.png,"Targeting crosshair, white dashed circle with four thick crosshair bars and a center square"
001897.png,"Targeting reticle, white ring of segmented arcs around an inner four-bar crosshair and center"
001898.png,"Circular targeting reticle, white outer circle enclosing four small dots around a central square"
001899.png,"Targeting crosshair, white dotted circular boundary surrounding an empty interior with a central dot"
001900.png,"Camera viewfinder, four white L-shaped corner brackets surrounding a central white square dot"
001821.png,"Rotating dial, white circular ring containing a white round knob at the top"
001822.png,"Rotating dial, white circular ring containing a white round knob on the right"
001823.png,"Rotating dial, white circular ring containing a white round knob at the bottom"
001824.png,"Rotating dial, white circular ring containing a white round knob on the left"
001825.png,"Square block, solid white square center surrounded by decorative white corner brackets on black"
001826.png,"Stone wall tile, patchwork pattern of white rectangular and square bricks against solid black"
001827.png,"Arched window panel, white border framing an arch with two vertical bars inside"
001828.png,"Arched window panel, white border framing an arch with a horizontal bar inside"
001829.png,"U-shaped chute, white vertical walls with checkered edges and a solid bottom bar"
001830.png,"Tunnel entrance, black arched passage framed by white brick patterns and jagged edges"
001831.png,"Mechanical panel, white dashed border surrounding an oval ring with a vertical central bar"
001832.png,"Brick wall, staggered white rectangular blocks with wavy mortar accents against solid black"
001833.png,"Mechanical panel, white dashed border surrounding a rectangular ring with a horizontal central bar"
001834.png,"Support pillar, white T-shaped beam with diagonal braces and a hollow base on black"
001835.png,"Gate structure, white horizontal top beam supported by two vertical pillars with a crossbar"
001836.png,"Platform border, white horizontal band above three diagonal stepped shapes on solid black"
001837.png,"Carved pillar, white vertical bars framing a central twisted rope pattern on black"
001838.png,"Crane hook, white chain link and mount holding a curved lifting hook on black"
001839.png,"Canister, white cylindrical container made of three stacked rounded segments on solid black"
001840.png,"Birthday cake, three white tiered rounded layers topped with a single lit candle on black"
001941.png,"Horizontal UI border, white dashed and solid stripes across a black square"
001942.png,"Corner UI frame, white right-angle border with dashed edge patterns inside black square"
001943.png,"Horizontal divider bar, white bent strip with a downward hook on the left"
001944.png,"Horizontal divider line, single thick white stripe centered across a black square"
001945.png,"Meter slider, vertical white capsule with zigzag core crossing a horizontal white bar"
001946.png,"Belt buckle, horizontal white strap interrupted by an octagonal buckle with checkered pattern"
001947.png,"Toggle switch, white rectangular capsule with a solid white block on the right"
001948.png,"Progress bar, horizontal white outline rectangle filled with a checkered pattern on left"
001949.png,"Square frame, thin nested white square outlines surrounding a black center"
001950.png,"Window frame, white beveled square border with thicker outer frame and black center"
001951.png,"Square display border, thick white outer rim enclosing a thin white square outline"
001952.png,"Computer mouse, white outline with central scroll wheel and button divider on black"
001953.png,"Computer mouse, white outline with left button highlighted in solid white"
001954.png,"Computer mouse, white outline with right button highlighted in solid white"
001955.png,"Game controller, white gamepad outline with directional pad, buttons, and top cord"
001956.png,"QR code, black square filled with scattered white square blocks in grid pattern"
001957.png,"Text scroll, white curled parchment sheet containing three horizontal lines of text"
001958.png,"Spreadsheet document, white rolled parchment page featuring a grid of white data cells"
001959.png,"Speech bubble, white dialogue balloon containing a black heart silhouette in the center"
001960.png,"Speech bubble, white dialogue balloon containing a stylized black skull silhouette"
001961.png,"Speech bubble, white balloon on black field with a central black cross"
001962.png,"Speech bubble, white balloon on black field displaying a black smiley face"
001963.png,"Blank tile, white square with black and white concentric square borders"
001964.png,"Button, white square framed in black containing a thick black cross"
001965.png,"Button, white square framed in black displaying a stylized black skull"
001966.png,"Die face, white square framed in black showing one central black pip"
001967.png,"Die face, white square framed in black showing two diagonal black pips"
001968.png,"Die face, white square framed in black showing three diagonal black pips"
001969.png,"Die face, white square framed in black showing four corner black pips"
001970.png,"Die face, white square framed in black showing five black pips"
001971.png,"Die face, white square framed in black showing six vertical black pips"
001972.png,"Box layout, central black square framed by four white rectangular edge tabs"
001973.png,"Path tile, black square traversed diagonally by a stepped white line"
001974.png,"Corridor tile, black square divided horizontally by parallel straight white stripe bands"
001975.png,"Dithered tile, black field bordered by white lines and textured corner triangle"
001976.png,"Corner tile, black square with white outer borders and textured diagonal shading"
001977.png,"Staircase tile, white stepped diagonal ramp ascending along framed black wall"
001978.png,"Cave archway, rounded black tunnel opening over a serrated white floor line"
001979.png,"Doorway, white closed door with knob framed inside white doorway posts"
001980.png,"Corner wall, black square outlined by white right-angled double border lines"
002001.png,Playing card with the number nine and a heart symbol outlined in white
002002.png,Playing card with the number ten and a heart symbol outlined in white
002003.png,Playing card with the letter J and a heart symbol outlined in white
002004.png,Playing card with the letter Q and a heart symbol outlined in white
002005.png,Playing card with the letter K and a heart symbol outlined in white
002006.png,"Meat shank, white bone-in roast with a cut circular face and protruding bone"
002007.png,"Cheese wedge, white triangular block showing multiple rectangular holes along the side"
002008.png,"Dollar currency sign, solid white letter S traversed by a vertical stroke"
002009.png,"Cent currency sign, solid white letter C bisected by a vertical line"
002010.png,"Audio speaker, white silhouette showing a rear box and flared front cone"
002011.png,"Audio speaker, white silhouette emitting two curved sound waves on the right"
002012.png,"Beamed musical notes, solid white eighth notes connected by a horizontal beam"
002013.png,"Trophy cup, solid white championship chalice with two curved side handles"
002014.png,"House silhouette, solid white dwelling with a pitched roof and central doorway"
002015.png,"Document file, white sheet with a folded top-right corner and internal markings"
002016.png,"User profile silhouette, solid white human bust with a head and shoulders"
002017.png,"User group, three white human silhouettes standing closely side by side"
002018.png,"Computer processor chip, white square circuit with protruding pins and hollow center"
002019.png,"Expand symbol, four solid white arrows pointing outward toward the four corners"
002020.png,"Minimize symbol, four solid white arrows pointing inward toward the center point"
001921.png,Six-sided die showing five white dots inside a square border on black
001922.png,Six-sided die showing six white dots inside a square border on black
001923.png,Square stone platform with a notched white border on a black background
001924.png,Skull and crossbones in white silhouette on a solid black background
001925.png,Horned animal skull in white silhouette on a solid black background
001926.png,Spiderweb with concentric square rings and radial strands on black
001927.png,Burning candle in a white holder with flame on a black background
001928.png,Burning candle with dripping wax and flame on a black background
001929.png,Three-pronged candelabra with curved white holder on a black background
001930.png,Broken stone brick wall with missing blocks on a black background
001931.png,Intact stone brick wall with horizontal white blocks on a black background
001932.png,Vertical stone pathway flanked by notched white borders on a black background
001933.png,H-shaped dungeon corridor with horizontal passage connecting two vertical paths on
001982.png,"Doorway, a white rectangular arch framed within a black square border"
001986.png,"Barred window, black opening covered by vertical and horizontal white metal bars"
001988.png,"Microchip, square black integrated circuit with white edge pins and central square core"
001992.png,"Playing card placeholder, rectangular white frame with a dashed inner border on black"
001993.png,"Playing card, ace of hearts with white letter A and heart symbol"
001994.png,"Playing card, two of hearts with white number two and heart symbol"
001995.png,"Playing card, three of hearts with white number three and heart symbol"
001996.png,"Playing card, four of hearts with white number four and heart symbol"
001997.png,"Playing card, five of hearts with white number five and heart symbol"
002042.png,"Ace playing card, white border enclosing letter A and a four-pointed diamond symbol"
002043.png,"Two playing card, white border enclosing digit two and a four-pointed diamond symbol"
002044.png,"Three playing card, white border enclosing digit three and a four-pointed diamond symbol"
002045.png,"Four playing card, white border enclosing digit four and a four-pointed diamond symbol"
002046.png,"Five playing card, white border enclosing digit five and a four-pointed diamond symbol"
002047.png,"Six playing card, white border enclosing digit six and a four-pointed diamond symbol"
002048.png,"Seven playing card, white border enclosing digit seven and a four-pointed diamond symbol"
002049.png,"Eight playing card, white border enclosing digit eight and a four-pointed diamond symbol"
002050.png,"Nine playing card, white border enclosing digit nine and a four-pointed diamond symbol"
002051.png,"Ten playing card, white border enclosing number ten and a four-pointed diamond symbol"
002052.png,"Jack playing card, white border enclosing letter J and a four-pointed diamond symbol"
002053.png,"Queen playing card, white border enclosing letter Q and a four-pointed diamond symbol"
002054.png,"King playing card, white border enclosing letter K and a four-pointed diamond symbol"
002055.png,"Fish skeleton, white head with black eye, spine with ribs, and tail fin"
002056.png,"Egg, white oval silhouette with a small black notch on the upper right"
002057.png,"Number zero, white rectangular block digit centered on a solid black square"
002058.png,"Number one, white angular block digit centered on a solid black square"
002059.png,"Number two, white blocky numeral centered on a solid black square"
002060.png,"Number three, white blocky numeral centered on a solid black square"
002021.png,Square block with a solid black center enclosed by stepped white borders
002022.png,Wall panel showing a solid black field between thin vertical white stripes
002023.png,Floor tile featuring a dense black and white checkered pattern inside borders
002024.png,Floor edge tile featuring vertical stripes beside a black and white checkered pattern
002025.png,Floor corner tile with L-shaped borders enclosing a black and white checkered area
002026.png,Corner wall tile with layered L-shaped bands framing a diagonal dotted line
002027.png,Fireplace showing a jagged black archway surrounded by white stone and embers
002028.png,Doorway featuring a white door with black knob set into patterned walls
002029.png,Square doorway composed of concentric black and white nested rectangular borders
002030.png,"Elevator doorway flanked by vertical dotted pillars, showing split inner sliding doors"
002031.png,Wall panel featuring symmetric vertical white stripes flanking a wide black column
002032.png,Brick wall composed of horizontal rows of white bricks with black outlines
002033.png,Framed wall panel with white brick borders enclosing a single horizontal line
002034.png,Framed bookshelf panel with white brick borders surrounding two vertical white markings
002035.png,Square stone frame made of white rectangular blocks enclosing a black interior
002036.png,Framed fireplace tile with a brick border enclosing an inner raised hearth
002037.png,Framed wall panel with a brick border surrounding a horizontal white slot
002038.png,Wall panel with two vertical white stripes beside scattered square white specks
002039.png,Framed window tile featuring a horizontal black rectangle within thick white borders
002040.png,Wall panel showing scattered white square specks beside vertical white right stripes
002101.png,"Playing card, white Jack of diamonds outline inside a black square"
002102.png,"Playing card, white Queen of diamonds outline inside a black square"
002103.png,"Playing card, white King of diamonds outline inside a black square"
002104.png,"Apple, white fruit silhouette with a top stem inside a black square"
002105.png,"Pear, white fruit silhouette with a curved stem inside a black square"
002106.png,"Capital letter A, bold white block glyph centered inside a black square"
002107.png,"Capital letter B, bold white block glyph centered inside a black square"
002108.png,"Capital letter C, bold white block glyph centered inside a black square"
002109.png,"Capital letter D, bold white block glyph centered inside a black square"
002110.png,"Capital letter E, bold white block glyph centered inside a black square"
002111.png,"Capital letter F, bold white block glyph centered inside a black square"
002112.png,"Capital letter G, bold white block glyph centered inside a black square"
002113.png,"Capital letter H, bold white block glyph centered inside a black square"
002114.png,"Capital letter I, bold white serif glyph centered inside a black square"
002115.png,"Capital letter J, bold white block glyph centered inside a black square"
002116.png,"Capital letter K, bold white block glyph centered inside a black square"
002117.png,"Capital letter L, bold white block glyph centered inside a black square"
002118.png,"Capital letter M, bold white block glyph centered inside a black square"
002119.png,"Square frame, white concentric border with four corner dots inside black square"
002120.png,"House, white isometric building with pitched roof, small doorway, and dotted side"
002081.png,"Brick wall with white rectangular blocks, black mortar lines, and a central vertical divider"
002082.png,Brick wall composed of white rectangular blocks arranged in rows with black mortar lines
002084.png,Storage crate featuring a thick white square frame with a large white cross inside
002085.png,Party hat depicted as a white cone shape with a hollow curved bottom opening
002087.png,Corner frame border with double white lines at the bottom left and white dots
002088.png,Straight frame border with double white lines along the bottom edge and white dots
002089.png,Corner frame border with double white lines at the bottom right and white dots
002090.png,Blank playing card with a white rectangular outer border and a solid white center
002091.png,"Ace of diamonds playing card with a white border, letter A, and diamond suit"
002092.png,"Two of diamonds playing card with a white border, number two, and diamond suit"
002093.png,"Three of diamonds playing card with a white border, number three, and diamond suit"
002094.png,"Four of diamonds playing card with a white border, number four, and diamond suit"
002095.png,"Five of diamonds playing card with a white border, number five, and diamond suit"
002096.png,"Six of diamonds playing card with a white border, number six, and diamond suit"
002097.png,"Seven of diamonds playing card with a white border, number seven, and diamond suit"
002098.png,Eight of diamonds playing card with a
002061.png,"Number four, white blocky digit centered within a solid black square"
002062.png,"Number five, white blocky digit centered within a solid black square"
002063.png,"Number six, white blocky digit centered within a solid black square"
002064.png,"Number seven, white blocky digit centered within a solid black square"
002065.png,"Number eight, white blocky digit centered within a solid black square"
002066.png,"Number nine, white blocky digit centered within a solid black square"
002067.png,"Colon punctuation mark, two white square dots stacked vertically on black"
002068.png,"Period punctuation mark, single small white square dot on a black field"
002069.png,"Percent sign, white diagonal slash between two offset white square dots on black"
002070.png,"Microchip, black central square encased in a white border with outer contact pins"
002072.png,"Wall panel, white square with a thin black horizontal stripe near the top"
002141.png,"Playing card, white rectangular card showing number two and a club suit symbol"
002142.png,"Playing card, white rectangular card showing number three and a club suit symbol"
002143.png,"Playing card, white rectangular card showing number four and a club suit symbol"
002144.png,"Playing card, white rectangular card showing number five and a club suit symbol"
002145.png,"Playing card, white rectangular card showing number six and a club suit symbol"
002146.png,"Playing card, white rectangular card showing number seven and a club suit symbol"
002147.png,"Playing card, white rectangular card showing number eight and a club suit symbol"
002148.png,"Playing card, white rectangular card showing number nine and a club suit symbol"
002149.png,"Playing card, white rectangular card showing number ten and a club suit symbol"
002150.png,"Playing card, white rectangular card showing letter J and a club suit symbol"
002151.png,"Playing card, white rectangular card showing letter Q and a club suit symbol"
002152.png,"Playing card, white rectangular card showing letter K and a club suit symbol"
002153.png,"Glass bottle, white potion flask with a narrow neck, stopper, and banded body"
002154.png,"Steak, white bone-in cut of meat with a curved thick outline"
002155.png,"Archway, white rectangular portal frame composed of two vertical posts and top crossbar"
002156.png,"Letter P, bold white uppercase letter on a solid black square"
002157.png,"Letter Q, bold white uppercase letter with a small tail on black"
002158.png,"Letter R, bold white uppercase letter on a solid black square"
002159.png,"Letter S, bold white uppercase letter on a solid black square"
002160.png,"Letter T, bold white uppercase letter on a solid black square"
002121.png,"Village cluster featuring white houses, a rounded dome roof, and small square windows"
002122.png,"Stone castle tower with white battlements, central square opening, and two pillar supports"
002123.png,"Castle gatehouse with white crenellated roof, thick horizontal lintel, and wide central entryway"
002124.png,"Fortress gate with white battlement top, horizontal viewing slit, and flanked arched entrance"
002125.png,"Castle citadel featuring four white corner spires, connecting walls, and an arched gateway"
002126.png,Fortified stronghold with white crenellated corner bastions surrounding an open central courtyard
002127.png,"Castle rampart wall with white top battlements, two slit windows, and textured edges"
002128.png,"Delivery van front view with white rectangular roof, wide windshield, and two headlights"
002129.png,"Space capsule with white rounded dome nose, horizontal observation band, and bottom thrusters"
002130.png,"Heraldic shield with white curved top, pointed bottom tip, and horizontal inner stripes"
002131.png,"Compact automobile side view with white curved roof, cabin window, and two wheels"
002132.png,Cargo trailer side view with white stepped freight container and two rear wheels
002161.png,"Capital letter U, bold white block typography centered on a solid black square"
002162.png,"Capital letter V, bold white block letter centered on a solid black square"
002163.png,"Capital letter W, bold white block letter centered on a solid black square"
002164.png,"Capital letter X, bold white block letter centered on a solid black square"
002165.png,"Capital letter Y, bold white block letter centered on a solid black square"
002166.png,"Capital letter Z, bold white block letter centered on a solid black square"
002167.png,"Computer processor chip, white square core surrounded by perimeter connector pins on black"
002168.png,"Radar dome building, white rounded observatory with checkered grid pattern and arched entrance"
002169.png,"Cottage building, white pitched gable roof, patterned walls, and front doorway on black"
002170.png,"A-frame shelter, white triangular building with pointed roof and central arched doorway"
002171.png,"Space rocket, white pointed central fuselage flanked by two side booster thrusters"
002172.png,"Small cottage, white building with an asymmetrical pitched roof and rectangular doorway"
002173.png,"Pagoda building, white tiered multi-level roof supported by pillars above a base"
002174.png,"Triangular tent, white angled pavilion with a highlighted slope and shadowed right side"
002175.png,"Camping tent, white peaked canopy structure with three lower vertical support posts"
002176.png,"Ruined building, white collapsed pitched roof frame over exposed lower support pillars"
002177.png,"Military tank top-down, white rectangular armored chassis containing a square central turret"
002178.png,"Combat vehicle top-down, white tracked chassis surrounding an elongated central armored cockpit"
002179.png,"Military tank, side view showing white tread wheels, rectangular body, and cannon barrel"
002180.png,"Cargo truck, white boxy semi-trailer seen from the side with bottom rear wheels"
002201.png,"A wooden branch, white, with short twigs branching diagonally from the main stem"
002202.png,"A carrot, white, angled diagonally with three square leaves at the upper tip"
002203.png,"A number sign, white, made of two horizontal lines crossing two vertical lines"
002204.png,"A plus sign, white, composed of intersecting horizontal and vertical perpendicular bars"
002205.png,"A minus sign, white, consisting of a single centered horizontal rectangular bar"
002206.png,"A multiplication sign, white, formed by two diagonal crossing lines like an X"
002207.png,"A division sign, white, with a horizontal bar placed between two square dots"
002208.png,"An equals sign, white, consisting of two identical parallel horizontal bars"
002209.png,"A square spiral, white, coiling inward in concentric rectangular turns toward the center"
002210.png,"A chess pawn, white, with a rounded head resting on a flat base"
002211.png,"A chess rook, white, styled as a castle tower with three square battlements"
002212.png,"A chess bishop, white, featuring a pointed mitre hat with a diagonal cut"
002213.png,"A chess queen, white, crowned with a small flat coronet on a pedestal"
002214.png,"A chess king, white, crowned with a tall cross above a tiered base"
002215.png,"A chess knight, white, shaped as a horse head profile on a pedestal"
002216.png,"A picture frame, white, forming a square border with decorative crossing corner lines"
002217.png,"A church building, white, with a steep triangular roof, spire, and arched entrance"
002218.png,"A residential house, white, featuring a pitched gabled roof, chimney, and entrance door"
002219.png,"A bank building, white, featuring a triangular pediment supported by three vertical pillars"
002220.png,"A calculator, white, with an upper display screen above a grid of buttons"
001901.png,"Targeting reticle, white, featuring corner brackets, four cardinal bars, and a central dot"
001902.png,"Targeting reticle, white, composed of four corner brackets and four rectangular cardinal dashes"
001903.png,"Diagonal arrows, white, consisting of four small outward-pointing arrows in each corner"
001904.png,"Corner brackets, white, shaped like inward-facing T-junctions framing an empty central space"
001905.png,"Targeting reticle, white, featuring four cardinal bars and dotted diagonal corner rays"
001906.png,"Targeting reticle, white, featuring a central square dot and outward diagonal corner arrows"
001907.png,"Potion bottle outline, white, featuring a rounded bulbous base and an open neck"
001908.png,"Potion bottle outline, white, featuring a rounded base, narrow neck, and top stopper"
001909.png,"Round potion bottle, white outline, with a wide body, narrow neck, and cap"
001910.png,"Smiley face, white, featuring a circular head with black square eyes and smile"
001911.png,"Angry face, white, featuring a round head with slanted eyebrows and a frown"
001912.png,"Grinning face, white, featuring a round head with open smiling mouth and eyes"
001913.png,"Sad face, white, featuring a round head with drooping eyebrows and downturned mouth"
001914.png,"Square frame, white outline with beveled inner corners enclosing empty black space"
001915.png,"Square tile, white outline enclosing a thick white X mark in the center"
001916.png,"Six-sided die, white bordered square showing a small skull symbol in the center"
001917.png,"Six-sided die, white bordered square showing a single pip in the center"
001918.png,"Six-sided die, white bordered square showing two pips located at opposite corners"
001919.png,"Six-sided die, white bordered square showing three diagonal pips across the face"
001920.png,"Six-sided die, white bordered square showing four corner pips arranged symmetrically"
002221.png,Retro computer terminal with a rectangular upper screen and two vertical drive slots below
002222.png,Desktop computer displaying two small icons on its monitor above a horizontal keyboard
002223.png,Open laptop computer with an upper rectangular display positioned over a split keypad base
002224.png,Computer terminal displaying a square window above a lower grid of keypad buttons
002225.png,Robotic probe or spaceship with two downward thruster arms and a central zigzag beam
002226.png,Rectangular television monitor with a solid white screen supported on two short feet
002227.png,Wide rectangular monitor or bench with a horizontal white body resting on two legs
002228.png,Front view of a rectangular vehicle cab with an upper windshield and bottom bumpers
002229.png,Futuristic spaceship viewed from above with a central white hull and two flanking wings
002230.png,"Handheld game console with a vertical white casing, central screen, and side control grips"
002232.png,Railroad track segment or bridge with two horizontal rails connected by diagonal crossties
002241.png,"Heart rotated sideways, white outline pointing to the right with two rounded lobes"
002242.png,"Hollow heart, outlined in thick white with two rounded top lobes and a pointed base"
002243.png,"Heart rotated sideways, white outline pointing to the left with two rounded lobes"
002244.png,"First aid cross, white plus symbol centered inside a rounded square white frame"
002245.png,"Upward arrow, double-outlined in white with a triangular head and straight shaft"
002246.png,"Rightward arrow, double-outlined in white with a triangular head and straight shaft"
002247.png,"Downward arrow, double-outlined in white with a triangular head and straight shaft"
002248.png,"Leftward arrow, double-outlined in white with a triangular head and straight shaft"
002249.png,"Firework rocket flying diagonally upward, white with a triangular nose and trailing stick"
002250.png,"Rocket ship pointing diagonally upward, white with a rounded nose and tail fins"
002251.png,"Space rocket flying diagonally upward, white with pointed nose, side fins, and exhaust particles"
002301.png,"Curved border segment, yellow square bordered on the left by a purple metallic rim"
002302.png,"Solid square tile, flat golden yellow with no borders, shading, or patterns"
002303.png,"Curved border segment, yellow square bordered on the right by a purple metallic rim"
002304.png,"Vertical border segment, yellow square with a banded purple metallic stripe on left"
002305.png,"Vertical border segment, yellow square with a banded purple metallic stripe on right"
002306.png,"Vertical border segment, rust-red square with dark purple, lavender, and orange left stripes"
002307.png,"Solid square tile, flat rust-red with no borders, shading, or patterns"
002308.png,"Vertical border segment, rust-red square with orange, lavender, and dark purple right stripes"
002309.png,"Vertical border segment, slate-purple square with a banded grey and dark purple left edge"
002310.png,"Solid square tile, flat slate-purple with no borders, shading, or patterns"
002311.png,"Vertical border segment, slate-purple square with a banded grey and dark purple right edge"
002312.png,"Vertical border segment, terracotta orange square with a dark purple stripe on the left"
002313.png,"Solid square tile, flat terracotta orange with no borders, shading, or patterns"
002314.png,"Vertical border segment, terracotta orange square with a dark purple stripe on the right"
002315.png,"Vertical border segment, periwinkle blue square with dark purple and lavender left stripes"
002316.png,"Solid square tile, flat periwinkle blue with no borders, shading, or patterns"
002317.png,"Vertical border segment, periwinkle blue square with lavender and dark purple right stripes"
002318.png,"Curved corner segment, yellow corner bordered diagonally along bottom-left by a purple metallic rim"
002319.png,"Curved border segment, yellow background bordered on the bottom by a purple metallic rim"
002320.png,"Curved corner segment, yellow corner bordered diagonally along bottom-right by a purple metallic rim"
002181.png,"Delivery truck, white side view showing cargo box, cab, wheels, and front bumper"
002182.png,"Flying saucer, white disc-shaped spacecraft with a domed cockpit and rim lights on black"
002183.png,"Space rocket, white pointed capsule with separated lower stage and vertical thruster particles"
002184.png,"Vertical stripes, two parallel straight white lines along the left side of black"
002185.png,"Square monitor, white concentric nested square borders enclosing a dark rectangular screen area"
002186.png,"Vertical stripes, two parallel straight white lines along the right side of black"
002187.png,"Bent arrow, solid white line bending at a right angle and pointing upwards"
002188.png,"Bent arrow, solid white line bending ninety degrees and pointing to the right"
002189.png,"Bent arrow, solid white line bending ninety degrees and pointing straight downward"
002190.png,"Return arrow, solid white line bending at a right angle and pointing leftward"
002191.png,"Chevron arrow, thick solid white V-shaped arrowhead oriented and pointing straight up"
002192.png,"Chevron arrow, thick solid white V-shaped arrowhead oriented and pointing to the right"
002193.png,"Chevron arrow, thick solid white V-shaped arrowhead oriented and pointing straight down"
002194.png,"Chevron arrow, thick solid white V-shaped arrowhead oriented and pointing to the left"
002195.png,"Ring, small white circular hollow band centered on a solid black field"
002196.png,"Outlined arrow, white hollow directional shape with a sharp tip pointing straight up"
002197.png,"Outlined arrow, white hollow directional shape with a pointed tip pointing right"
002198.png,"Outlined arrow, white hollow directional shape with a pointed tip pointing downward"
002199.png,"Outlined arrow, white hollow directional shape with a pointed tip pointing left"
002200.png,"Hand grenade, white explosive device featuring a checkered oval body, pin, and lever"
002321.png,"Platform corner tile, yellow block with grey and dark purple lower left borders"
002322.png,"Platform edge tile, yellow block above a notched grey and dark purple base"
002323.png,"Platform corner tile, yellow block with grey and dark purple lower right borders"
002324.png,"Platform corner tile, rust red block with notched lavender and dark purple bottom border"
002325.png,"Platform edge tile, rust red block over a lavender stripe and dark purple base"
002326.png,"Platform corner tile, rust red block with notched lavender and dark purple right border"
002327.png,"Platform corner tile, slate grey block with notched lavender and dark purple left border"
002328.png,"Platform edge tile, slate grey block above a light grey stripe and dark base"
002329.png,"Platform corner tile, slate grey block with notched lavender and dark purple right border"
002330.png,"Platform corner tile, terracotta block with grey and dark purple borders along bottom left"
002331.png,"Platform edge tile, terracotta block above a grey band and dark purple base"
002332.png,"Platform corner tile, terracotta block with grey and dark purple borders along bottom right"
002333.png,"Platform corner tile, blue block with notched lavender and dark purple left border"
002334.png,"Platform edge tile, blue block above a light lavender band and dark base"
002335.png,"Platform corner tile, blue block with notched lavender and dark purple right border"
002336.png,"Platform left end, orange horizontal bar framed by a dark purple outer border"
002337.png,"Platform middle piece, orange horizontal bar framed by dark purple top and bottom"
002338.png,"Platform right end, orange horizontal bar framed by a dark purple outer border"
002339.png,"Square platform block, orange center with light trim enclosed by dark purple border"
002340.png,"Metal panel tile, lavender grey rectangle with two rivet dots inside a dark frame"
002361.png,"Horizontal metal bar, pale lavender center bordered by dark purple horizontal bands"
002362.png,"Horizontal metal beam cap, pale lavender with two rivets and dark purple border"
002363.png,"Square metal panel, pale lavender face with four rivets and dark purple border"
002364.png,"Square button, dark purple background with an orange cross or X symbol"
002365.png,"Upward arrow, white and pale lavender with a thick dark purple outline"
002366.png,"Percent sign, white and pale lavender with a thick dark purple outline"
002367.png,"Number zero, white and pale lavender with a thick dark purple outline"
002368.png,"Number one, white and pale lavender with a thick dark purple outline"
002369.png,"Number two, white and pale lavender with a thick dark purple outline"
002370.png,"Number three, white and pale lavender with a thick dark purple outline"
002371.png,"Number four, white and pale lavender with a thick dark purple outline"
002372.png,"Number five, white and pale lavender with a thick dark purple outline"
002373.png,"Number six, white and pale lavender with a thick dark purple outline"
002374.png,"Number seven, white and pale lavender with a thick dark purple outline"
002375.png,"Number eight, white and pale lavender with a thick dark purple outline"
002376.png,"Number nine, white and pale lavender with a thick dark purple outline"
002377.png,"Plus sign, white and pale lavender with a thick dark purple outline"
002378.png,"Minus sign, horizontal white and lavender bar within a dark purple rectangle"
002379.png,"Capital letter A, white and pale lavender with a thick dark purple outline"
002380.png,"Capital letter B, white and pale lavender with a thick dark purple outline"
002381.png,"Capital letter C, white with lavender bottom shading and a thick dark purple outline"
002382.png,"Capital letter D, white with lavender bottom shading and a thick dark purple outline"
002383.png,"Capital letter E, white with lavender bottom shading and a thick dark purple outline"
002384.png,"Capital letter F, white with lavender bottom shading and a thick dark purple outline"
002385.png,"Capital letter G, white with lavender bottom shading and a thick dark purple outline"
002386.png,"Capital letter H, white with lavender bottom shading and a thick dark purple outline"
002387.png,"Capital letter J, white with lavender bottom shading and a thick dark purple outline"
002388.png,"Capital letter K, white with lavender bottom shading and a thick dark purple outline"
002389.png,"Capital letter L, white with lavender bottom shading and a thick dark purple outline"
002390.png,"Capital letter M, white with lavender bottom shading and a thick dark purple outline"
002391.png,"Horizontal bracket opening to the right, dark purple with a white outer border"
002392.png,"Capital I-beam shape, dark purple with a thin white outer border"
002393.png,"Horizontal bracket opening to the left, dark purple with a white outer border"
002394.png,"Hollow vertical rectangular frame, dark purple with a white outer border"
002395.png,"Capital letter N, white with lavender bottom shading and a thick dark purple outline"
002396.png,"Capital letter O, white with lavender bottom shading and a thick dark purple outline"
002397.png,"Capital letter P, white with lavender bottom shading and a thick dark purple outline"
002398.png,"Capital letter Q, white with lavender bottom shading and a thick dark purple outline"
002399.png,"Capital letter R, white with lavender bottom shading and a thick dark purple outline"
002400.png,"Capital letter S, white with lavender bottom shading and a thick dark purple outline"
002401.png,"Capital letter T, white with lavender bottom shading and a thick dark purple outline"
002402.png,"Capital letter U, white with lavender shading along curved base and dark purple outline"
002403.png,"Capital letter V, white with lavender shading at pointed base and dark purple outline"
002404.png,"Capital letter W, white with lavender shading at the bottom and dark purple outline"
002405.png,"Capital letter X, white with lavender shading enclosed in a dark purple rectangular border"
002406.png,"Capital letter Y, white with lavender shading and a thick dark purple outline"
002407.png,"Capital letter Z, white with lavender bottom shading inside a dark purple rectangular frame"
002408.png,"Orange horizontal bar end piece, bordered on left, top, and bottom in dark purple"
002409.png,"Orange horizontal bar segment, bordered above and below by thick dark purple horizontal lines"
002410.png,"Orange brick wall segment, showing two bricks separated by dark purple mortar lines"
002411.png,"Orange horizontal bar end piece, bordered on right, top, and bottom in dark purple"
002412.png,"Small orange vertical rectangle, enclosed inside a dark purple rectangular tile"
002413.png,"Percent sign, white symbol with a diagonal slash and two squares in dark purple"
002414.png,"Number zero, white digit with a hollow center and thick dark purple outline"
002415.png,"Number one, bold white digit with a thick dark purple blocky outline"
002416.png,"Number two, white angular digit enclosed within a dark purple block outline"
002417.png,"Number three, white angular digit enclosed within a dark purple block outline"
002418.png,"Number four, white angular digit enclosed within a dark purple block outline"
002419.png,"Number five, white angular digit enclosed within a dark purple block outline"
002420.png,"Number six, white rounded digit enclosed within a dark purple block outline"
002421.png,"Number seven, solid white with a thick dark purple outline"
002422.png,"Number eight, solid white with a thick dark purple outline"
002423.png,"Number nine, solid white with a thick dark purple outline"
002424.png,"Horizontal bar segment, light blue fill with dark purple border capped on the left"
002425.png,"Horizontal bar segment, light blue fill bordered by dark purple along top and bottom"
002426.png,"Horizontal bar segment, light blue fill with a central dark purple vertical divider"
002427.png,"Horizontal bar segment, light blue fill with dark purple border capped on the right"
002428.png,"Vertical rectangular segment, light blue fill enclosed by a thick dark purple border"
002429.png,"Plus symbol, solid white cross shape with a thick dark purple outline"
002430.png,"Letter A, solid white block capital with a thick dark purple outline"
002431.png,"Letter B, solid white block capital with a thick dark purple outline"
002432.png,"Letter C, solid white block capital with a thick dark purple outline"
002433.png,"Letter D, solid white block capital with a thick dark purple outline"
002434.png,"Letter E, solid white block capital with a thick dark purple outline"
002435.png,"Letter F, solid white block capital with a thick dark purple outline"
002436.png,"Letter G, solid white block capital with a thick dark purple outline"
002437.png,"Letter H, solid white block capital with a thick dark purple outline"
002438.png,"Letter J, solid white block capital with a thick dark purple outline"
002439.png,"Letter K, solid white block capital with a thick dark purple outline"
002440.png,"Letter L, solid white block capital with a thick dark purple outline"
002441.png,"Capital letter M, white block letter with a thick dark purple outline"
002442.png,"Capital letter N, white block letter with a thick dark purple outline"
002443.png,"Capital letter P, white block letter with a thick dark purple outline"
002444.png,"Capital letter Q, white block letter with a thick dark purple outline"
002445.png,"Capital letter R, white block letter with a thick dark purple outline"
002446.png,"Capital letter S, white block letter with a thick dark purple outline"
002447.png,"Capital letter T, white block letter with a thick dark purple outline"
002448.png,"Capital letter U, white block letter with a thick dark purple outline"
002449.png,"Capital letter V, white block letter with a thick dark purple outline"
002450.png,"Capital letter W, white block letter with a thick dark purple outline"
002451.png,"Capital letter X, white block letter with a thick dark purple outline"
002452.png,"Capital letter Y, white block letter with a thick dark purple outline"
002453.png,"Capital letter Z, white block letter with a thick dark purple outline"
002454.png,"Empty status bar, long horizontal white gauge outlined in dark purple"
002455.png,"Health status bar, long horizontal red gauge divided into two outlined segments"
002456.png,"Mana status bar, long horizontal blue gauge divided into two outlined segments"
002457.png,"Tan cartoon cat standing upright, featuring pointed ears, stripes, and a purple nose"
002458.png,"Tan cartoon cat stepping forward, featuring pointed ears, stripes, and a purple nose"
002459.png,"Tan cartoon cat mid-stride, featuring pointed ears, striped body, and a purple nose"
002460.png,"Tan cartoon cat flattened on the ground, defeated, with upright pointed ears"
002461.png,"Brown squirrel, chubby seated posture, bushy tail, dark brown outline and white snout highlight"
002462.png,"Brown squirrel, walking forward with short legs, raised tail, and open white mouth"
002463.png,"Brown squirrel upper body, cropped at waist, showing upright head, tail, and snout"
002464.png,"Brown squirrel head and back, peeking from bottom with dark eye and ear"
002465.png,"Grey mouse, sitting on hind legs, large round ears, curled tail, and bucktooth"
002466.png,"Grey mouse, walking pose with outstretched legs, round ears, and raised rear tail"
002467.png,"Grey mouse upper torso, cut off horizontally at bottom, showing round ears and eye"
002468.png,"Grey mouse head, partially submerged, visible large round ears and dark eyes peering forward"
002469.png,"Purple bunny, seated with tall upright ears, white cotton tail, and prominent tooth"
002470.png,"Purple bunny, running forward with extended paws, tall ears, and white puff tail"
002471.png,"Purple bunny upper half, cut off at bottom, with tall ears and white tail"
002472.png,"Purple bunny head, upper half peeking upward showing upright ears and two eyes"
002473.png,"Purple ground block, top-left corner tile with dark borders on upper and left sides"
002474.png,"Purple ground block, flat top surface tile with dark notched upper border and specks"
002475.png,"Purple ground block, top-right corner tile with dark borders on upper and right sides"
002476.png,"Purple ground block, vertical right wall tile with a thick dark border along right"
002477.png,"Purple ground block, vertical left wall tile with a thick dark border along left"
002478.png,"Turquoise ground block, top-left corner tile with dark outline along top and left edges"
002479.png,"Turquoise ground block, flat top surface tile with notched dark outline on top edge"
002480.png,"Turquoise ground block, top-right corner tile with dark outline along top and right edges"
002481.png,Wall tile in light teal with a dark purple right edge and pale flecks
002482.png,Wall tile in light teal with a dark purple left edge and pale specks
002483.png,Wall tile in muted lavender with a dark purple top-left border and square panels
002484.png,Wall tile in muted lavender with a notched dark purple border across the top
002485.png,Wall tile in muted lavender with a dark purple top-right corner border and inset
002486.png,Floor tile in lavender with a dark purple vertical border along the right edge
002487.png,Floor tile in lavender with a dark purple vertical border along the left edge
002488.png,Wall tile in lavender featuring a castellated dark purple top and left corner border
002489.png,Wall tile in lavender featuring a double-crenellated dark purple border along the top
002490.png,Wall tile in lavender featuring a castellated dark purple top and right corner border
002491.png,Floor tile in purple with a dark border on left and pale vertical specks
002492.png,Floor tile in plain purple patterned with several small pale vertical flecks
002493.png,Floor tile in purple with a dark purple right border and small pale cross
002494.png,Floor tile in purple with a small dark purple square on top-right corner
002495.png,Floor tile in purple with a small dark purple square on top-left corner
002496.png,Floor tile in teal with a dark purple left border and pale rectangular flecks
002497.png,Floor tile in solid teal with two pale vertical flecks near bottom edge
002498.png,Floor tile in teal with a dark purple right border and lower square marker
002499.png,Floor tile in teal with a dark purple notch on the top-right corner
002500.png,Floor tile in teal with a dark purple notch on the top-left corner
002261.png,"Chess bishop piece in white silhouette, framed inside a black square"
002262.png,"Chess piece in white silhouette with a tiered top, inside a black square"
002263.png,"Chess king piece in white silhouette with a cross, inside a black square"
002264.png,"Chess knight piece shaped like a horse head, inside a black square"
002265.png,Square frame with a solid black center and segmented white border
002266.png,Cyan beetle with a segmented round shell and single black antenna
002267.png,"Cyan beetle partially sinking into ground, showing its segmented shell"
002268.png,Cyan beetle burrowing halfway underground with its single black antenna visible
002269.png,"Cyan beetle nearly submerged underground, showing only flat shell and antenna"
002270.png,Flying bug with peach-colored body and four outstretched purple wings
002271.png,Flying bug with peach body and two upright purple wings
002272.png,Peach bug burrowing into the ground with horizontal purple wings
002273.png,"Peach bug mostly submerged underground, showing purple dome and peach patch"
002274.png,Yellow slug creature with two purple antennae and white square eyes
002275.png,"Yellow creature with two purple antennae, white eyes, and tiny feet"
002276.png,"Yellow creature crouching down, with two purple antennae and white eyes"
002277.png,"Yellow creature partially submerged underground, showing its head and purple antennae"
002278.png,"Blue monster with purple ears, peach belly, and open toothy mouth"
002279.png,"Blue monster standing tall with purple ears, peach belly, and toothy grin"
002280.png,"Blue monster with purple ears, striped sides, peach belly, and open mouth"
002541.png,Sandy ground tile with a dark rocky cliff edge on the left
002542.png,Sandy ground tile in flat peach-tan with scattered brown pebble specks
002543.png,Sandy ground tile with a dark rocky cliff edge on the right
002544.png,Desert plant with a tan branched stem and two upright lavender buds
002545.png,Cave entrance carved into sandy rock with a dark purple arched doorway
002546.png,Left half of a cave entrance in sandstone rock with dark interior
002547.png,Right half of a cave entrance in sandstone rock with dark interior
002548.png,"Teal mushroom cap with a brown stem, flat along the top edge"
002549.png,Tapered rock formation in pale cream curving upward with dark purple outline
002550.png,Sandstone stalactite hanging downward in shades of tan with dark purple outline
002551.png,Animal skull fossil in pale cream lying horizontally with dark eye cavities
002552.png,Glass bottle in pale blue with a tall neck and dark outline
002553.png,Metal wall panel in muted purple-grey with a vertical seam on the left
002554.png,Metal wall panel in muted purple-grey with a horizontal lower dividing stripe
002555.png,Metal wall panel in muted purple-grey with a vertical seam on the right
002556.png,Rock pile of three stacked flat sandstone boulders in tan and brown
002557.png,Saguaro cactus in teal green with two side arms and dark outline
002558.png,Rounded rock spire in pale cream tapering upward with dark purple outline
002559.png,Purple slime puddle forming a rounded corner over a sandy ground surface
002560.png,Purple slime pool covering the lower section of a sandy ground surface
002281.png,"Sleeping creature with blue body, small brown horns, and white outline"
002282.png,"Two tiny horned creatures with blue bodies, dark eyes, and lavender ears"
002283.png,Wall segment featuring a dark purple and lavender arch over a yellow base
002284.png,"Wall corner piece with dark purple top-left border, lavender frame, and yellow interior"
002285.png,"Wall edge piece with dark purple top border, notched lavender band, yellow interior"
002286.png,"Wall corner piece with dark purple top-right border, lavender frame, and yellow interior"
002287.png,"Wall corner piece with dark purple top-left borders, notched lavender frame, terracotta interior"
002288.png,"Wall edge piece with dark purple top border, thick lavender band, terracotta interior"
002289.png,"Wall corner piece with dark purple top-right borders, notched lavender frame, terracotta interior"
002290.png,"Wall corner piece with dark purple top-left borders, notched lavender frame, purple interior"
002291.png,"Wall edge piece with dark purple top border, lavender band, and purple interior"
002292.png,"Wall corner piece with dark purple top-right borders, notched lavender frame, purple interior"
002293.png,"Wall corner piece with dark purple top-left border, plain lavender trim, terracotta interior"
002294.png,"Wall edge piece with dark purple top border, thin lavender band, terracotta interior"
002295.png,"Wall corner piece with dark purple top-right border, plain lavender trim, terracotta interior"
002296.png,"Wall corner piece with dark purple top-left border, notched light-blue frame, blue interior"
002297.png,"Wall edge piece with dark purple top border, light-blue band, and solid blue interior"
002298.png,"Wall corner piece with dark purple top-right border, notched light-blue frame, blue interior"
002299.png,Rounded wall corner featuring a stepped dark purple outer arc and yellow bottom-right corner
002300.png,Rounded wall corner featuring a stepped dark purple outer arc and yellow bottom-left corner
002561.png,Terrain tile with a rounded purple corner set against light peach ground
002562.png,"Terrain tile with purple ground, vertical texture specks, and peach lower-right corner"
002563.png,"Terrain tile with purple ground, vertical texture specks, and peach lower-left corner"
002564.png,Terrain tile with a rounded teal surface on peach ground with light speckles
002565.png,Terrain tile showing teal ground or water bordered by peach along the top
002566.png,Terrain tile featuring a rounded teal corner surrounded by light peach ground
002567.png,"Terrain tile with teal ground, vertical texture specks, and peach lower-right corner"
002568.png,"Terrain tile with teal ground, vertical texture specks, and peach lower-left corner"
002569.png,Stone platform corner tile in muted purple bordered by peach on outer edges
002570.png,Stone platform edge tile in muted purple bordered by peach at the top
002571.png,Stone platform corner tile in muted purple bordered by peach along top right
002572.png,Stone platform inner corner tile in muted purple with dark angular border lines
002573.png,Stone platform inner corner tile in muted purple with peach bottom-left notch
002574.png,"Building wall tile with dark roof trim, lavender column, and orange windowed section"
002575.png,Building wall tile featuring a central lavender column between two orange windowed sections
002576.png,"Building wall tile with orange windowed section, lavender column, and dark roof trim"
002577.png,"Terrain tile with purple ground, pale specks, and a peach left border"
002578.png,"Terrain tile consisting entirely of a solid, flat, uniform purple square"
002579.png,"Terrain tile with purple ground, pale specks, and a peach right border"
002580.png,"Terrain tile with purple ground, vertical specks, and a peach upper-right corner"
002581.png,"Shoreline tile, purple water with a peach sand top-left corner and small glints"
002582.png,"Shoreline tile, turquoise water with a peach sand strip along the left edge"
002583.png,"Water tile, solid flat turquoise square without any markings or borders"
002584.png,"Shoreline tile, turquoise water with a peach sand strip along the right edge"
002585.png,"Shoreline tile, turquoise water with a peach sand corner in the upper right"
002586.png,"Shoreline tile, turquoise water with a peach sand corner in the upper left"
002587.png,"Path tile, vertical purple roadway bordered by a peach sand strip on the left"
002588.png,"Path tile, vertical purple roadway bordered by a peach sand strip on the right"
002589.png,"Road corner tile, muted purple surface with darker right-angle path markings"
002590.png,"Road corner tile, muted purple surface with peach corner and dark path markings"
002591.png,"Narrow doorway, dark purple frame enclosing a pale blue opening with orange vertical stripe"
002592.png,"Swirling vortex, pale purple spiral arms rotating around a central white glowing cross"
002593.png,"Shoreline tile, purple water curving into a peach sand bottom-left corner"
002594.png,"Shoreline tile, purple water with a jagged peach sand strip along the bottom"
002595.png,"Shoreline tile, purple water bordered by peach sand on the bottom and right"
002596.png,"Water ripples, three dark purple crescent rings on a lavender water surface"
002597.png,"Stepping stones, several purple circular shapes scattered across a peach sand ground"
002598.png,"Shoreline tile, turquoise water curving into a peach sand bottom-left corner"
002599.png,"Shoreline tile, turquoise water with a jagged peach sand strip along the bottom"
002600.png,"Shoreline tile, turquoise water bordered by peach sand on the bottom and right"
002601.png,Water puddle tile in teal with three dark turquoise horseshoe-shaped ripples
002602.png,Slime puddle tile showing mint green circular spots on light peach sand
002603.png,Metal floor corner tile in lavender grey laid over light peach terrain
002604.png,Metal floor edge tile in lavender grey bordering light peach ground beneath
002605.png,Metal floor corner tile in lavender grey bordering light peach terrain rightward
002606.png,Industrial wall tile with a lavender pillar beside an orange barred barrier
002607.png,Industrial wall tile with an orange barred barrier beside a lavender pillar
002608.png,Orange railing tile with vertical slats under a dark purple top border
002609.png,Lavender metal gate tile with two vertical posts and central latch detail
002610.png,Lavender metal wall tile bordered by a vertical pillar on the left
002611.png,Lavender metal wall tile bordered by a vertical pillar on the right
002612.png,Orange double door tile framed between two vertical lavender metal pillars
002613.png,Orange wall tile framed by a vertical lavender pillar along the left
002614.png,Orange wall tile framed by a vertical lavender pillar along the right
002615.png,Orange plank wall tile framed with a purple metal border on left
002616.png,Orange plank wall tile framed with a purple metal border on right
002617.png,Curved metal pipe section arching across the top left in lavender grey
002618.png,Curved metal pipe section arching across the top right in lavender grey
002619.png,Rounded rock or dune corner in warm peach tone on light sand
002620.png,Horizontal sand dune ridge in peach tone against lighter sand terrain above
002341.png,"Horizontal metal beam segment, light blue-grey interior with dark purple borders top and bottom"
002342.png,"Metal beam right end, light purple-grey bar with two vertical rivets and dark outline"
002343.png,"Square metal plate, light purple-blue surface with four corner rivets and dark purple border"
002344.png,"Bullet cartridge, rounded yellow body with white tip stripe and dark purple outline"
002345.png,"Speech bubble, square white dialogue box containing three dots and dark purple outline"
002346.png,"Exclamation bubble, yellow speech balloon with dark exclamation point and thick dark outline"
002347.png,"Skull badge, white human skull face with dark eyes inside circular dark border"
002348.png,"House silhouette, white building with pointed triangular roof and dark purple outline"
002349.png,"Skull outline, white head shape with dark square eyes and purple outline"
002350.png,White house shape with arched doorway and dark triangular roof outline
002351.png,"Shotgun cartridge, vertical red cylinder with golden yellow base and dark purple outline"
002352.png,"Hand cursor, white pointing hand with extended index finger and dark purple outline"
002353.png,"Upward arrow, thick white directional arrow pointing up with dark purple outline"
002354.png,"Red cross mark, terracotta diagonal X symbol bordered with thick dark purple outline"
002355.png,"Triangular cursor, white and pale blue arrowhead pointing upward with dark purple outline"
002356.png,"Orange platform left end, terracotta rectangular bar bordered on left, top, and bottom"
002357.png,"Orange platform middle segment, horizontal terracotta bar bordered along top and bottom"
002358.png,"Orange platform right end, terracotta rectangular bar bordered on right, top, and bottom"
002359.png,"Square orange tile, terracotta rectangular block completely enclosed by dark purple borders"
002360.png,"Metal platform left end, light blue-grey bar with two rivets and left-side dark border"
002641.png,Futuristic metal machine with checkered vent grilles flanking a pale purple central column
002642.png,Metallic wall panel featuring a checkered vent grille beside a pale purple column
002643.png,Vertical metallic wall edge with a jagged dark purple border and pale grey plating
002644.png,Vertical metallic wall edge with a jagged left border and pale grey plating
002645.png,Vertical metal wall segment featuring orange interior circuitry and a jagged right border
002646.png,Vertical metal wall segment featuring orange interior circuitry and a jagged left border
002647.png,Metallic wall panel with a horizontal orange vent strip above a dark purple recess
002648.png,Metallic wall panel with an orange textured horizontal band above a dark purple recess
002649.png,"Circular metallic platform segment, top-left quadrant with curved lavender plates and an orange core"
002650.png,"Circular metallic platform segment, top-right quadrant with curved lavender plates and an orange core"
002651.png,Sandy ground tile with a curved darker beige patch and small circular specks
002652.png,Sandy ground tile divided horizontally into two shades of light and darker beige
002653.png,Sandy ground tile with a curved darker beige corner patch and scattered specks
002654.png,Sandy ground tile marked with three reddish-brown horseshoe tracks or crescent footprints
002655.png,Sandy ground tile covered in circular crater-like spots of varying beige shades
002656.png,Narrow metallic pillar or door frame with a pale grey column between dark borders
002657.png,Swirling purple energy vortex spinning around a bright white star in the center
002658.png,Metallic wall tile framed by pale lavender beams along the top and left edges
002659.png,Metallic wall tile framed by pale lavender beams along the top and right edges
002660.png,Sci-fi metallic wall panel with two yellow rectangular plates beside a grey beam
002681.png,Metallic archway with two brown rectangular panels inside a lavender frame
002682.png,Roll-up security door with horizontal lavender slats inside a dark metal frame
002683.png,Computer terminal with a dark inset screen inside a lavender metal archway
002684.png,Orange supply crate with horizontal strap and central buckle inside metallic frame
002685.png,Yellow storage chest with two grey latches inside a lavender archway frame
002686.png,Red medical container marked with two light crosses inside a metallic archway
002687.png,Metal security gate with dark mesh fencing between lavender steel support pillars
002688.png,Brown wooden rectangular crate with light tan highlights and dark outline
002689.png,"Metal cube, lavender-blue square block with subtle darker corner markings"
002690.png,"Wooden block, tan square crate with subtle darker textured corner accents"
002691.png,"Animal skull, off-white bone with brown curved horns and dark eye socket"
002692.png,Battleaxe with curved purple double axe heads and a golden notched handle
002693.png,Combat knife with a vertical purple blade and a golden yellow hilt
002694.png,Handgun with a golden yellow rectangular slide and lavender grip and trigger
002695.png,Scoped rifle with lavender barrel and scope atop a golden yellow stock
002696.png,"Compact submachine gun with lavender receiver, golden yellow magazine, and front grip"
002697.png,"Assault rifle with lavender receiver, golden yellow magazine, and golden buttstock"
002698.png,Heavy plasma cannon with bulky golden yellow front and lavender receiver handle
002699.png,"Shotgun with purple barrel and receiver, golden yellow pump, and wooden stock"
002700.png,Pistol with lavender slide and golden yellow grip on a dark square
002701.png,futuristic pistol / raygun
002704.png,sci-fi gun / blaster
002707.png,submachine gun / rifle
002708.png,machine pistol / blaster
002711.png,crosshair / target ret
002501.png,"Wall tile, lavender stone block with a dark purple border along the left edge"
002502.png,"Wall tile, solid lavender-grey smooth stone square without any borders or patterns"
002503.png,"Wall tile, lavender stone block with a dark purple border along the right edge"
002504.png,"Wall tile, lavender-grey square with a dark purple inner corner notch at top right"
002505.png,"Wall tile, lavender-grey square with a dark purple inner corner notch at top left"
002506.png,"Wall tile, lavender stone block featuring a vertical dark purple border on the right"
002507.png,"Ground tile, left edge with dripping purple surface over speckled tan dirt and dark border"
002508.png,"Ground tile, dripping purple top layer over speckled light brown dirt without side borders"
002509.png,"Ground tile, right edge showing dripping purple surface over speckled tan dirt with dark border"
002510.png,"Vertical pathway tile, lavender center with checkered fringes bounded by dark purple borders"
002511.png,"Ground tile, left edge with dripping teal surface layer over speckled light brown dirt"
002512.png,"Ground tile, middle section with scalloped teal grass over smooth light brown dirt"
002513.png,"Ground tile, right edge with scalloped teal surface over speckled tan dirt and dark border"
002514.png,"Vertical pathway tile, cyan runner with checkered pattern ends between two dark side borders"
002515.png,"Platform tile, left edge with segmented bluish-grey upper ledge over tan dirt"
002516.png,"Platform tile, segmented bluish-grey upper beam resting over plain flat tan dirt"
002517.png,"Platform tile, right edge with bluish-grey upper ledge over speckled tan dirt and dark border"
002518.png,"Crate tile, left section with bluish-grey banded top and dark purple riveted side"
002519.png,"Crate tile, center section showing bluish-grey banded trim with central clasp over dark purple"
002520.png,"Crate tile, right section with bluish-grey banded top, dark purple panel, and right border"
002521.png,"Clump of purple grass, featuring multiple upright spiky blades with dark purple outlines"
002522.png,"Red no-entry traffic sign, circular with a central white horizontal bar on a post"
002523.png,"Rectangular teal signpost, mounted on a dark grey central post with dark borders"
002524.png,"Small green bush, composed of several leafy upright stalks outlined in dark purple"
002525.png,"Tan ground tile, featuring a dark rocky cliff edge along the left border"
002526.png,"Light brown sand tile, decorated with a few small beige and brown pebbles"
002527.png,"Tan ground tile, featuring an uneven dark rocky cliff edge along the right side"
002528.png,"Smooth beige stepping stone, embedded centrally inside a square light brown dirt tile"
002529.png,"Tan ground tile, containing two dark rounded stones with pale beige speckles"
002530.png,"Tan ground tile, featuring several small dark rounded stones and light beige flecks"
002531.png,"Green desert cactus, featuring two short arms branching from a central ribbed stem"
002532.png,"Plain tan ground tile, showing a solid flat square surface with no markings"
002533.png,"Tan ground tile, speckled with faint square dust spots and pale beige highlights"
002534.png,"Grey metal wall panel, featuring a dark vertical seam and a square bolt plate"
002535.png,"Grey metal wall panel, showing a vertical seam and square bolt on the right"
002536.png,"Tall rounded purple boulder, standing upright with dark outline and faint interior highlights"
002537.png,"Stack of two rounded brown stones, outlined in dark purple with tan highlights"
002538.png,"Pointed mint green rock pillar, tapering upward with a thick dark purple outline"
002539.png,"T-shaped grey pipe joint, with horizontal crossbar arms atop a vertical support column"
002540.png,"Triangular tan rock formation, featuring a pointed dark crest and layered beige slopes"
002728.png,"Stone wall corner tile with light grey stone, dark trim, and slate blocks"
002729.png,Stone wall straight tile with a light grey upper border and grey surface
002730.png,Stone wall doorway tile featuring a dark arched entrance framed by grey masonry
002731.png,Stone wall corner tile with a light grey outer border and dark grey interior
002732.png,"Humanoid warrior figure with tan skin, bare torso, and dark brown trousers"
002733.png,"Humanoid warrior with orange skin, grey tunic, red belt sash, and brown trousers"
002734.png,"Armored knight with orange skin, light grey breastplate, and dark brown legs"
002735.png,Humanoid figure wearing a bright green tunic with tan skin and dark trousers
002736.png,Humanoid figure seen from behind with tan skin
002801.png,Trident with three light grey steel prongs on a diagonal brown wooden shaft
002804.png,Column with a reddish-brown vertical shaft between light grey stone capital and base
002805.png,Forge with glowing orange fire at the bottom and white smoke rising
002806.png,Chopping block with an axe stuck into the reddish-brown wooden stump
002809.png,Stone wall section with grey blocks and a dark horizontal line
002810.png,Stone wall section with grey blocks and lighter rectangular bricks
002811.png,Pine tree with tiered green foliage on a short reddish-brown trunk
002812.png,Deciduous tree with a rounded green canopy on a reddish-brown trunk
002813.png,Two small green trees on thin reddish-brown trunks
002814.png,Palm tree with curved reddish-brown trunk and spreading green palm fronds
002815.png,Glowing round fireball with a bright yellow center and dark orange rim
002821.png,"River channel, curved blue water stream with reddish-brown shores on dark grey"
002822.png,"River channel, winding vertical blue water stream bordered by reddish-brown banks"
002823.png,"Framed tile, reddish-brown square set inside a light grey border"
002824.png,"Square frame, light grey top and bottom borders enclosing a dark square"
002825.png,"Square frame, light grey border with dark corners around a dark interior"
002826.png,"Arrow, solid orange right-pointing shape centered on a dark grey square"
002827.png,"Heart container, empty heart outline drawn in light grey on dark grey"
002828.png,"Heart container, grey outline with only the left half filled with red"
002829.png,"Heart, full red heart shape enclosed by a light grey outline"
002830.png,"Square frame, light grey border enclosing a dark center with notched corners"
002831.png,"Square frame, light grey border enclosing a vertical dark grey inner block"
002832.png,"Square frame, light grey border surrounding a central dark grey square block"
002841.png,"Curved corner shape, orange with a red edge on a dark background"
002842.png,"Pipe section, orange with a thin vertical red line on a dark background"
002843.png,Grey square block with two dark vertical slot markings in the center
002844.png,"Small house with a pointed reddish-brown roof, grey front, and dark doorway"
002845.png,"Grey stone fortress with an arched doorway, dark windows, and raised battlements"
002846.png,"Triangular tent, reddish-brown with a small dark doorway at the bottom center"
002847.png,"Stone cross, light grey with short horizontal arms on a dark background"
002848.png,Grey tombstone with a rounded top and horizontal markings on dark background
002849.png,Brown clay pot with a wide body and dark upper rim opening
002850.png,"Water shoreline corner, featuring blue water bordered by a reddish-brown curved bank"
002851.png,"Water shoreline, showing blue water below a straight horizontal reddish-brown upper bank"
002852.png,"Water shoreline curve, showing blue water edged by a reddish-brown diagonal bank"
002853.png,Blue water surface with lighter blue ripple specks and a tiny brown corner
002854.png,Blue water surface with subtle lighter ripple dots and a reddish corner point
002855.png,"Mechanical eye, grey with a glowing yellow center and a side wire"
002856.png,Green swirl symbol forming a rotating spiral shape on a dark background
002857.png,Yellow crescent moon facing left against a plain dark background
002858.png,Geometric tile pattern with a yellow center square and four red outer tabs
002859.png,"Yellow four-pointed stars, three scattered sparkles against a plain dark background"
002860.png,"Diagonal energy beam, orange and red segmented rod with a yellow center"
002761.png,"Stone archway entrance leading into complete darkness, built from light grey masonry blocks"
002762.png,Grey stone wall block with a dark horizontal seam and stepped lower edge
002763.png,"Reddish-brown wooden door with a dark handle, set within a grey stone doorway"
002764.png,"Open doorway leading into black darkness, framed by light grey stone masonry"
002765.png,Barricaded wooden door crossed diagonally by an orange-red wooden plank inside stone frame
002766.png,Yellow padlock with a silver shackle hanging in front of a dark doorway
002767.png,Grey iron knight helmet with a horizontal eye slit and shaded metal plates
002768.png,"Dark grey iron cauldron containing light grey liquid, seen from an angled perspective"
002769.png,"Grey metal suit of armor with broad shoulders, central chestplate, and leg pieces"
002770.png,"Red and purple sword swung diagonally, leaving a curved white motion slash trail"
002771.png,Minecart track with horizontal grey metal rails laid across reddish-brown wooden ties
002861.png,"Energy blast, diagonal glowing yellow projectile with orange edges and red sparks"
002862.png,Potion bottle made of gray glass containing red liquid with a narrow neck
002863.png,Fire flame with a bright yellow core and flickering orange tips
002864.png,Campfire featuring a small orange flame resting between reddish brown wooden logs
002865.png,Hand tool with a reddish brown handle and a light gray notched shaft
002866.png,Water tile with blue surface and a reddish brown shoreline along the left
002867.png,Open water tile with blue surface and three light blue ripple highlights
002868.png,Water tile with blue surface and a reddish brown shoreline along the right
002869.png,Water tile with blue surface and reddish brown shorelines at the top corners
002870.png,Water tile with blue surface and reddish brown shorelines at the right corners
002871.png,Stone wall corner section in light gray with dark gray outer borders
002872.png,"Stone wall segment with light gray surface, dark stripe, and lower textured blocks"
002873.png,Stone wall section with an arched dark doorway opening in the center
002874.png,Stone wall corner section in light gray with a dark gray right border
002875.png,Stone corridor floor in light gray bounded by vertical dark gray side borders
002876.png,Dark pit opening surrounded on top and bottom by light gray stone borders
002877.png,Stone wall segment with a dark vertical left border and horizontal divider
002878.png,Stone wall section with a central dark circular relief set within an arch
002879.png,Stone wall archway with a dark opening and checkered stones at the bottom
002880.png,Stone wall segment with a dark vertical right border and horizontal divider
002881.png,Stone well opening with a grey circular rim and a dark hollow center
002882.png,Water tile corner with a curved reddish-brown shoreline bordered by dark empty space
002883.png,"Water tile with blue surface, lighter ripples, and a reddish-brown shoreline at the bottom"
002884.png,Water tile corner showing blue water edged with a reddish-brown bank at the bottom-right
002885.png,Water tile featuring light blue ripples and a reddish-brown shoreline along the left edge
002886.png,Water tile with light blue highlights and two reddish-brown shore bumps at the bottom
002891.png,"Alien creature with two black ears, central body, and two short legs on white"
002892.png,"Symmetrical alien creature with black clawed arms, central body, and two wide feet on white"
002893.png,"Symmetrical alien monster with pointed black ears, solid body, and two separated feet"
002902.png,"Robot helmet, black and white symmetrical mechanical face with wide brow and visor"
002903.png,"Rectangle, solid black vertical block centered on a pale background"
002904.png,"Emblem tile, black square frame enclosing an off-white cross and central black square"
002905.png,"Rectangle, solid black vertical block placed against an off-white background"
002909.png,"Alien mask, black symmetrical insectoid face with pointed ears and wide jaw"
002910.png,"Archway, black stone portal with a rounded curved entrance on a pale field"
002913.png,"Monster creature, black symmetrical silhouette with two horns, narrow waist, and splayed legs"
002914.png,"Alien face, black symmetrical creature head with square horns and open mouth"
002915.png,"Stone gate, black portal structure featuring two outer pillars framing a central pedestal"
002943.png,"Bear face in black and white, showing square ears, rectangular eyes, and snout"
002944.png,"Lightning bolt in white, zig-zagging diagonally across a solid black field"
002947.png,"Portcullis made of black iron bars, forming a checkered gate between two posts"
002954.png,"Four-pointed stars and square sparkles in white, scattered across a black field"
002956.png,"Broadsword in white with a wide diagonal blade, straight crossguard, and pommel"
002957.png,Spear in white with a pointed diagonal head and segmented long shaft
002958.png,"Round shield in white, featuring a circular rim and crossed reinforcing"
002661.png,Wall corner with yellow industrial metal panels and a lavender steel frame
002662.png,"Closed door, orange with a small grey window inside a lavender frame"
002663.png,"Ajar door, orange and opening into a dark interior within a lavender frame"
002664.png,Open doorway showing a dark interior inside a lavender and purple frame
002665.png,Metal fence segment with a lavender pillar beside a wire mesh screen
002666.png,Metal fence segment with a wire mesh screen beside a lavender pillar
002667.png,"Canister, arched orange metal container with lavender stripes and dark purple outline"
002668.png,"Canister, arched yellow metal container with a turquoise upper panel and lavender stripe"
002669.png,Wall section with light brown panels framed in dark purple along the top
002670.png,Wall section with light brown panels framed in dark purple on the right
002671.png,Fence panel of wire mesh bordered by horizontal lavender rails on top
002672.png,"Key with a rounded light purple bow, horizontal shaft, and two teeth"
002673.png,Key with a rounded orange bow and a light purple notched shaft
002674.png,"Storage container, arched orange chest locked with a dark purple horizontal band"
002675.png,"Storage container, arched yellow chest locked with a dark purple horizontal band"
002676.png,Wall panel in light brown featuring a dark square opening at bottom
002677.png,Wall panel in light brown with a central dark square opening and borders
002678.png,Fence section with patterned wire mesh attached to a lavender post right
002679.png,Fence section with patterned wire mesh attached to a lavender post left
002680.png,"Cabinet, arched brown wooden container with two stacked compartments and purple frame"
002982.png,"Square frame, black outline enclosing a solid white interior"
002985.png,"Right arrow, white silhouette pointing right inside a solid black square"
002988.png,"Heart, white silhouette with black corner accents at the top and bottom"
002999.png,"Horizontal bars, two thick black parallel stripes separated by a white band"
003061.png,"Stone battlement wall, crenellated light purple and dark grey masonry blocks"
003062.png,"Curved stone battlement wall, light purple masonry arching downward to the right edge"
003063.png,"Flat stone floor tile, completely solid and uniform muted lavender purple square"
003064.png,"Stone floor tile, muted lavender surface marked with tiny square specks and dots"
003065.png,"Stone floor tile, muted purple square patterned with subtle scattered light and dark specks"
003066.png,"Stone path border tile, light purple surface with a vertical wavy rocky edge"
003067.png,"Stone floor tile, pale purple ground with a cluster of tiny square specks"
003068.png,"Stone path border tile, pale purple surface with a vertical wavy rock boundary"
003069.png,"Dark stone wall edge, deep slate purple surface with vertical grooved seam"
003070.png,"Dark stone floor tile, deep slate purple square scattered with small square flecks"
003071.png,"Stone brick floor, lavender pavers with a dark diagonal rectangular hole or patch"
003072.png,"Stone brick floor, light purple paving interrupted by a four-pointed dark central hole"
003073.png,"Square floor grate, dark grey metallic grid frame set within lavender stone border"
003074.png,"Stone brick floor with drain, lavender pavers featuring an inset U-shaped dark trough"
003075.png,"Stone brick floor, lavender pavers broken by an irregular jagged dark pit"
003076.png,"Stone well, circular purple masonry rim with dark interior opening and central trough"
003077.png,"Stone column, vertical purple and grey banded pillar with inset rectangular detailing"
003078.png,"Stone column, vertical grey-purple pillar featuring notched crenellations along its right side"
003079.png,"Stone boulder, rounded purple-grey rock with dark outline and flat base"
003080.png,"Stone floor with rocks, lavender surface featuring two rounded grey stone bumps"
003002.png,"Exclamation mark, black vertical line and dot enclosed within four corner brackets"
003015.png,"Ring, circular black band with decorative outer notches and a hollow center"
003016.png,"Diamond emblem, solid black central diamond surrounded by four matching corner chevrons"
003017.png,"Geometric tile, symmetrical lattice pattern of black and off-white interlocking squares"
003018.png,"Starry sky, four white cross-shaped star clusters scattered across a solid black field"
003019.png,"Diagonal stripe, solid white thick angled band stretching diagonally across a black square"
003020.png,"Diagonal capsule, elongated white diagonal lozenge flanked by four small"
003081.png,Cracked stone floor tile in muted purple with vertical fissures and small flecks
003082.png,Stone floor tile with a curved circular rim in muted shades of purple
003083.png,Stone floor tile with wavy horizontal ridges and scattered speckles in pale purple
003084.png,Stone floor tile with a curved arc border and speckles in pale purple
003085.png,Dark slate-purple floor tile with dark borders along the left and bottom edges
003086.png,Dark slate-purple floor tile with dark horizontal borders along top and bottom edges
003087.png,"Dark slate-purple floor tile with dark borders on the top, left, and bottom"
003088.png,Cracked stone wall tile featuring jagged broken ledges in shades of muted purple
003089.png,Stone brick wall tile with a large dark jagged impact hole in center
003090.png,Stone brick wall tile featuring a horizontal ledge and an arch-shaped handle
003091.png,Stone brick wall tile featuring a horizontal ledge with a circular central emblem
003092.png,Stone wall corner tile with vertical bricks and a curved lower-right molding
003093.png,Stone basin or well in purple shades with a thick oval rim
003094.png,Fluted stone pillar base tile with curved trim and a corner speckle
003095.png,Fluted stone pillar base tile with smooth curved trim in muted purple
003096.png,Pond edge tile with rounded purple shoreline stones and scattered water flecks
003097.png,Water pond tile with smooth submerged rounded rocks in muted purple tones
003098.png,Water pond tile with two floating notched lily pads in muted purple
003099.png,Geometric mosaic floor tile with a central purple square and surrounding dots
003100.png,Pale purple floor tile with a faint curved arc and scattered specks
003055.png,"Curved roof section, pale purple with dark slate borders and a diagonal outer slope"
003056.png,"Slanted roof wall piece, pale purple stone with dark outlines and an overhanging ledge"
003057.png,"Architectural wall corner, pale purple stone with a raised pillar and lower battlements"
003058.png,"Symmetrical castle battlement segment, pale purple stone with a central raised crest"
003059.png,"Fortified wall segment, pale purple stone with a rounded central shield emblem"
003060.png,"Vertical wall corner section, pale purple stone"
002922.png,"Doorway, a black rectangular frame with an open arch and a central door handle"
002926.png,"Ladder, a black structure with two vertical side rails and two horizontal rungs"
003101.png,Water surface in light purple with concentric circular ripples in bottom-left corner
003102.png,Flat square tile in solid dark slate purple with uniform texture
003103.png,Twin vertical plumes of light purple vapor rising against dark purple background
003104.png,Twin vertical plumes of light purple steam dissipating against dark background
003105.png,Stone wall corner in slate purple blocks framing the top and right
003106.png,Stone brick wall in muted purple with a dark arched hole at base
003107.png,Stone brick wall in muted purple featuring a small framed central alcove
003108.png,Stone brick wall in muted purple with a jagged dark impact hole
003109.png,Broken stone wall in muted purple with a jagged dark gap on right
003110.png,Floor tile in light purple bounded by a dark vertical border on left
003111.png,Path tile in light purple bounded by dark jagged stone walls on sides
003112.png,Water surface in light purple covered with overlapping concentric circular ripple rings
003113.png,Water surface in light purple with circular ripples and small floating specks
003114.png,Pair of dark grey fish swimming vertically in light purple water
003115.png,Two-tone square tile divided vertically into dark purple and light lavender halves
003116.png,Water surface in light purple with concentric ripple rings in top-right corner
003117.png,Water surface in light purple with concentric ripple rings in top-left corner
003118.png,Left half of an arched dark purple doorway opening onto light floor
003119.png,Right half of an arched dark purple doorway opening onto light floor
003120.png,Arched stone doorway in dark purple opening onto light purple floor
003121.png,"Curved stone wall corner in light purple, sloping inward toward the bottom right"
003122.png,"Irregular stone wall edge, light purple, with cracks and a notched right border"
003123.png,"Stepped stone wall section, light purple, descending to the right in three tiers"
003124.png,"Stone wall section with a central raised vertical pillar, coloured light purple"
003125.png,"Horizontal stone wall segment, light purple, featuring vertical pillars and a dark top ledge"
003126.png,"Curved stone wall section, light purple, arching downward on the right side"
003127.png,"Stone railing segment, light purple, extending horizontally rightward from a vertical post"
003128.png,"Stone brick wall tile in light purple, featuring vertical bricks and left dark edge"
003129.png,"Stone brick wall pattern, light purple, showing alternating vertical bricks and mortar lines"
003130.png,"Stone brick wall tile in light purple, bordered by a dark right edge"
003131.png,"Stone arrow pointing upward, light purple, with a wavy stem and barbed head"
003132.png,"Stone altar or pedestal, light purple, with a small raised block on top"
003133.png,"Square stone block, light purple, featuring two dark horizontal rectangular inset slots"
003134.png,"Horizontal stone beam, light purple, flat on top with a slanted lower left edge"
003135.png,"Square stone tile, light purple, with a recessed dark rectangular central cavity"
003136.png,"Curved stone trough or ledge end, light purple, rounding off toward the right"
003137.png,"Square stone slab, light purple, with notched edges and dark decorative cracked engravings"
003138.png,"Stone anchor, light purple, featuring a rounded top loop and curved horizontal flukes"
003139.png,"X-shaped stone structure, light purple, resembling crossed bones or a curved support stand"
003140.png,"Stone vase or bottle, light purple, with a narrow neck and rectangular body"
003141.png,"Waterfall pouring vertically into a circular splashing puddle, shaded in muted purple-grey tones"
003142.png,"Narrow crooked stream of water pouring down into a splashing ripple pool, purple-grey"
003143.png,"Funnel-shaped waterfall tapering down into a small splashing ripple pool, in purple-grey"
003144.png,"Boulder cluster composed of rounded overlapping rocks, shaded in pale purple-grey tones"
003145.png,"Stone staircase corner descending along a tiled wall, rendered in pale purple-grey"
003146.png,Stone wall tile featuring vertical wooden planks above a thick horizontal base ledge
003147.png,Stone wall tile with vertical wall panels and a central circular pipe outlet
003148.png,Stone wall tile with vertical panels crossed by a curved pipe or trim
003149.png,Stone block tile with a smooth two-toned purple-grey surface and small speck details
003150.png,"Stone sarcophagus or capsule with an oval head opening, in pale purple-grey tones"
003151.png,"Crystal cluster composed of several vertical jagged mineral shards, in pale purple-grey"
003152.png,"Stepped rock formation or blocky boulder, shaded in light and dark purple-grey"
003153.png,"Glass potion bottle with a distinct neck and rectangular body, in purple-grey"
003154.png,"Magical boulder with surface craters, surrounded by floating particle specks, in purple-grey"
003155.png,"Four-armed mechanical cross or rotor with notched tips, rendered in dark purple-grey"
003156.png,"Mermaid figure with dark side-swept hair and a curled tail, in purple-grey"
003157.png,"Humanoid figure with double hair buns and outstretched arms, in pale purple-grey"
003158.png,"Bearded pirate character wearing a wide tricorn hat and coat, in purple-grey"
003159.png,"Pirate character wearing a wide tricorn hat, facing forward in pale purple-grey"
003160.png,"Stepped stone ceiling overhang with horizontal ridges, shaded in pale and dark purple-grey"
003201.png,Broken brick wall with a jagged dark hole in the light green surface
003202.png,Square metal ventilation grate with dark green borders and inner cross lines
003203.png,"Wall conduit fitting, showing a light green U-shaped pipe against brick pattern"
003204.png,Light green brick wall showing an irregular dark impact blast or hole
003205.png,"Futuristic armored helmet, curved pale green casing with a dark central opening slit"
003206.png,Vertical mechanical wall panel with pale green conduits and a circular gauge
003207.png,Wall panel segment with vertical conduit lines and a jagged dark right edge
003208.png,"Rounded boulder with pale green highlights, dark outlines, and a flat base"
003209.png,Flat green ground containing two small rounded metallic domes or hatch covers
003210.png,"Green terrain tile marked with two dark, vertical wavy fissures and dots"
003211.png,"Curved crater rim, showing pale green ground contouring into a darker corner"
003212.png,Pale green ground surface with a wavy horizontal ridge and scattered specks
003213.png,Curved terrain edge with a pale green circular rim and scattered square specks
003214.png,Dark green floor section bordered by thick black edges on bottom and left
003215.png,Dark green floor corridor section framed by dark horizontal bands at top and bottom
003216.png,Dark green floor section framed by dark borders along the top and right
003217.png,Stepped stone ledge with pale green layers and a jagged dark hole below
003218.png,Light green brick wall and horizontal beam broken by a dark jagged hole
003219.png,Light green brick wall with a horizontal beam supporting a small arched loop
003220.png,Light green brick wall with a horizontal conduit and a dark circular valve
003161.png,Horizontal wooden wall planks in muted purple-grey with seams and dark outlines
003162.png,Wooden wall panel with a small framed central niche in muted purple-grey
003163.png,Horizontal wooden wall planks tile in muted purple-grey with seams and grain
003164.png,Curved wooden hull or wall section in muted purple-grey with horizontal planks
003165.png,Travel backpack in muted purple-grey with rounded top flap and lower pouches
003166.png,"Dagger in muted purple-grey with curved single-edged blade, crossguard, and hilt"
003167.png,Open treasure chest in muted purple-grey with hollow dark interior and latch
003168.png,Closed treasure chest in muted purple-grey with flat lid and center lock
003169.png,Workbench or desk in muted purple-grey with lower shelf and backboard
003170.png,"Fish facing right in muted purple-grey with rounded body, tail, and fins"
003171.png,Shark fin or wedge in muted purple-grey resting on a flat base
003172.png,Human skull in muted purple-grey with hollow eye sockets and nose cavity
003173.png,"Standing banner on a small pedestal, displaying a skull emblem in muted purple-grey"
003174.png,Palm tree in muted purple-grey with curved segmented trunk and drooping fronds
003175.png,Plain ground tile in solid uniform pale pastel green without any markings
003176.png,Terrain tile in pale green with scattered small dark green speckles and dots
003177.png,Terrain tile in pale green with two horizontal rows of dotted green tracks
003178.png,Terrain tile with a dark green rounded circular corner edge and dots
003179.png,Terrain tile in pale green with wavy dark green horizontal layers along top
003180.png,Terrain tile in pale green with dark green concentric curved corner rings
003181.png,Dark green terrain tile featuring dark teal borders along the top and left edges
003182.png,Dark green terrain tile bordered by dark horizontal bands on the top and bottom
003183.png,Dark green terrain tile with dark teal borders along the top and right edges
003184.png,Light green curved canopy section with dark outlines and a central dashed vertical line
003185.png,Light green curved canopy section with a dark top corner and dashed vertical line
003186.png,Light green brick wall tile featuring a raised pillar on the left edge
003187.png,Light green brick wall section decorated with a symmetrical dark-outlined central crest
003188.png,Light green brick wall section with an oval shield mounted at top center
003189.png,Light green vertical banner folds outlined in dark teal with uneven bottom lengths
003190.png,Light green brick wall section topped with a dark teal crenellated upper border
003191.png,Light green brick wall section curving downward on the right with dark crenellations
003192.png,"Plain medium green ground tile with a completely uniform, solid flat surface"
003193.png,Medium green grass tile speckled with scattered white and dark green square dots
003194.png,Medium green grass tile dotted with scattered small white and dark green squares
003195.png,Shoreline border tile transitioning vertically from dark green on left to pale green
003196.png,Pale green ground tile speckled with small clusters of medium green square dots
003197.png,Shoreline border tile transitioning vertically from pale green on left to medium green
003198.png,Dark green terrain tile framed by dark teal vertical borders on both sides
003199.png,"Dark teal abyss tile patterned with several small, scattered lighter green square dots"
003200.png,Light green brick wall tile crossed by a dark teal diagonal rectangular mark
003241.png,"Water surface with circular ripples, dark green ring shapes, and pale floating bubbles"
003242.png,Two dark green fish swimming in pale green water with small floating bubbles
003243.png,Solid block divided evenly into medium green left and pale green right halves
003244.png,Pale green water tile showing circular ripples in the upper-right corner and scattered specks
003245.png,Pale green water tile showing circular ripples in the upper-left corner and scattered specks
003246.png,Cave entrance corner with dark green outer framing and pale speckled floor inside
003247.png,Cave entrance corner with dark green right frame and pale speckled floor inside
003248.png,Arched doorway or cave opening framed in dark green with pale speckled interior
003249.png,Curved cliff edge in pale green with a dark line along the lower right
003250.png,Jagged cliff corner in pale green with dark irregular outlines along the edges
003251.png,Stepped wall section with dark upper capping descending to the right in green
003252.png,Wall section featuring a raised central green pillar atop pale rectangular stone bricks
003253.png,Wall top segment featuring a straight dark horizontal cap above pale vertical bricks
003254.png,Wall top segment with dark upper cap curving downward toward the right side
003255.png,Flag on a pole with dark green post and pale green waving cloth
003256.png,Brick wall segment with a dark vertical left border and pale green bricks
003257.png,Brick wall surface composed of staggered pale green vertical bricks with dark seams
003258.png,Brick wall segment with a dark vertical right border and pale green bricks
003259.png,"Upward arrow with pale green fill, dark outline, and a slightly wavy shaft"
003260.png,"Small building facade with flat green roof, central chimney, and pale arched entrance"
003261.png,Green square cabinet with two horizontal drawers featuring dark center handles
003262.png,Horizontal green pipe or cannon barrel extending right with an angled underside
003263.png,Hollow rectangular green boat stern with a dark interior and thick borders
003264.png,Rounded green boat bow with a dark green hollow interior and border
003265.png,Square green tile with a symmetrical geometric cross pattern and dark corners
003266.png,"Pale green frog sitting upright facing forward, outlined in dark green"
003267.png,Crossed green bones forming an X shape with small scattered debris below
003268.png,Green glass bottle or flask with a narrow neck and dark outline
003269.png,Vertical green bone standing upright inside a small rippling circular puddle
003270.png,Bent green bone or stalk rising from a small rippling circular puddle
003271.png,Green stemmed goblet or chalice standing atop a small circular ripple
003272.png,Pile of rounded pale green rocks or stones stacked with dark outlines
003273.png,Stepped green platform edge with pale vertical bars and dark green ledges
003274.png,Green stone wall section with pale vertical bars over a horizontal ledge
003275.png,Green stone wall section featuring an attached treasure chest with circular lock
003276.png,Curved green corner wall with vertical pale bars and a rounded ledge
003277.png,Square green wall block with a thick dark horizontal stripe across it
003278.png,Vertical stack of rounded green coins or an oval tiered jar
003279.png,Cluster of three vertical green crystals or bamboo stalks of varying heights
003280.png,Small green tank or rover vehicle facing left with bottom wheel treads
003221.png,"Wall segment with vertical light-green bars, dark curved pipe, and a horizontal floor ledge"
003222.png,"Space helmet with a dark circular visor, light-green outer shell, and sturdy collar"
003223.png,"Pillar segment with vertical green stripes, dark side borders, and a curved dashed line"
003224.png,"Pillar segment with vertical green stripes, dark side borders, and a curved dashed line"
003225.png,Pond water with floating specks and a rounded submerged creature in the corner
003226.png,"Stepping stones, two rounded pale-green mossy mounds rising from murky swamp water"
003227.png,"Lily pads, two pale-green notched floating leaves on a light-green water surface"
003228.png,Stone pavement composed of square green tiles and dots across a pale surface
003229.png,Water ripples forming circular green rings and scattered droplets over pale green water
003230.png,Water ripples with concentric circular green arcs and droplets over pale green water
003231.png,"Smoke plumes, two rising green vapor pillars with embers against"
003281.png,"Glass bottle, pale green with dark green outline, narrow neck, and rectangular label"
003282.png,"Slime creature, pale green blob with dark green spots and floating liquid droplets"
003283.png,"Throwing star, dark green four-pointed cross with perpendicular bars at each arm tip"
003284.png,"Mermaid, female figure with green hair, pale face, and curved scaled fish tail"
003285.png,"Female character, pale face with dark eyes and large rounded green hair buns"
003286.png,"Pirate captain, pale face with white beard, dark green tricorn hat, and coat"
003287.png,"Pirate sailor, full-body figure with green tricorn hat, pale face, and matching tunic"
003288.png,"Wooden wall corner, green horizontal planks curving inward along the lower right edge"
003289.png,"Wooden plank wall, horizontal light and dark green boards with vertical seam lines"
003290.png,"Ship porthole, dark circular window inside a square frame set into wooden planks"
003291.png,"Wooden plank wall, green horizontal boards with vertical seam lines and grain"
003341.png,"Wall tile, dark grey stone block bordered by black bands on top and bottom"
003342.png,"Floor tile, dark grey square block with a black shadow along two edges"
003343.png,"Window corner, white windowpanes bordered by stepped grey and black ledge blocks"
003344.png,"Broken window, black star-shaped crack shattering white panes above a horizontal grey ledge"
003345.png,"Window and sill, white rectangular panes above a grey ledge with black arched handle"
003346.png,"Window ledge fixture, white windowpanes above a grey ledge with a circular black wheel"
003347.png,"Window frame corner, white panes meeting a curving black and grey border"
003348.png,"Astronaut helmet, white and grey protective headgear with a dark central visor opening"
003349.png,"Vertical pipes, light grey and white columns bordered by a curved dark edge"
003350.png,"Vertical pillars, white columns adjacent to a dark grey curving border and base"
003351.png,"Lily pad edge, white floating foliage with black outlines on grey water"
003352.png,"Lily pads, white rounded floating plants with black outlines on light grey water"
003353.png,"Lily pads, two white notched circular plants with black outlines floating on grey water"
003354.png,"Stone tile mosaic, grey square paving stones arranged loosely on a white ground"
003355.png,"Curved stone path, grey square cobblestones forming an arc across white ground"
003356.png,"Curved stone border, grey cobblestones forming a lower-left arc across white ground"
003357.png,"Smoke plumes, two vertical grey smoke columns rising against a solid black background"
003358.png,"Steam vents, two vertical white vapour plumes rising against a flat grey background"
003359.png,"Industrial girder, metallic grey stepped corner structure detailed with black rivets"
003360.png,"Stone fireplace, grey horizontal masonry blocks above a black arched hearth opening"
003301.png,Green frog-like creature standing upright while holding a tall banner marked with a skull
003302.png,"Palm tree with segmented light green trunk, spreading leafy fronds, and circular grassy base"
003311.png,Roller coaster track segment curving upward into a tall lift hill with ladder rungs
003312.png,Roller coaster track segment featuring a steep upward curve and central chain lift mechanism
003313.png,Roller coaster track slope descending from an elevated platform supported by grey pillars
003314.png,"Roller coaster train car viewed from the front, resting on horizontal grey support tracks"
003315.png,"Roller coaster cart with an oval front shield, mounted on horizontal grey support rails"
003316.png,Roller coaster vertical support structure with two black and white upright track pillars
003321.png,Coastline tile with a vertical grey rocky border on the left and white ground
003322.png,"Ground tile in white, scattered with small light grey square specks and pebbles"
003323.png,Coastline tile with white ground on the left and a vertical grey rocky border
003324.png,Dark grey floor tile bordered by black edges and dotted with grey square specks
003325.png,Black floor tile scattered with small light and dark grey square dust particles
003326.png,Brick wall tile in light grey featuring a dark diagonal rectangular patch
003327.png,Brick wall tile in light grey marked by a black four-pointed star blast mark
003328.png,Square floor grate featuring a thick black outer border and grey gridded mesh
003329.png,Brick wall tile with a vertical grey chute or pipe fixture in the center
003330.png,Brick wall tile with an irregular black blast hole and a vertical right stripe
003331.png,"Cauldron with a rounded grey rim, black interior, and a vertical central pipe"
003332.png,"Wall panel tile with vertical grey stripes, a square switch, and dark right border"
003333.png,"Wall panel tile with vertical stripes, a square switch, and a jagged right edge"
003334.png,"Boulder, large and rounded in grey with a black outline and white top highlight"
003335.png,Stepping stones tile with two rounded white rocks outlined in black on grey ground
003336.png,Ground tile in grey marked with two dark jagged vertical fissure lines
003337.png,Coastline corner tile with white ground curving over a bottom-left grey coastal edge
003338.png,Coastline tile with white ground bordering a horizontal wavy grey edge at the bottom
003339.png,Coastline corner tile with white ground curving over a bottom-right grey coastal edge
003340.png,Dark grey floor tile edged in black along the left and bottom with specks
003421.png,"Open treasure chest, grayscale, showing a dark hollow interior with a light rim"
003422.png,"Closed treasure chest, grayscale, featuring a curved lid and a central rectangular latch"
003423.png,"Retro desktop computer, grayscale, showing a boxy monitor screen mounted on a base"
003424.png,"Fish, white and gray body with black outlines, dorsal fin, and tail"
003425.png,"Shark fin, gray and white triangular shape cutting above a dark horizontal base"
003426.png,"Human skull, white and light gray bone with large square black eye sockets"
003427.png,"Skull banner, white vertical pennant with a black emblem set on a stand"
003428.png,"Palm tree, white and gray trunk with drooping fronds standing on sand"
003429.png,"Plain square, completely filled with a solid, uniform shade of emerald green"
003430.png,"Plain square, completely filled with a solid, uniform shade of bright sky blue"
003431.png,"Plain square, completely filled with a solid, uniform shade of vivid orange"
003432.png,"Plain square, completely filled with a solid, uniform shade of muted lavender purple"
003433.png,"Shoreline terrain, bright blue water with green grass and sandy shore in corner"
003434.png,"Water and grass boundary, blue top half meeting green lower half with white foam"
003435.png,"Shoreline terrain, bright blue water meeting a green and white beach lower corner"
003436.png,"Person on green ground, visible from waist up with green cap and blue shirt"
003437.png,"Person on green ground, wearing a green hat, orange hair, and blue tunic"
003438.png,"Sun pattern segment, yellow and orange circular quarter bordered by white on blue"
003439.png,"Sun horizon pattern, yellow and orange base with a white zigzag across blue"
003440.png,"Sun pattern segment, yellow and orange circular quarter with white border on blue"
003361.png,Wooden wall panel with gray horizontal planks and a central framed portrait
003362.png,Wooden wall panel of gray planks damaged by a jagged black hole
003363.png,Wooden wall section of gray planks with a broken jagged right edge
003364.png,"Vertical path with a white floor, scattered gray specks, and black borders"
003365.png,Vertical path tile with a straight left border and jagged right wall
003366.png,"Water surface in gray, featuring white circular ripples and small light specks"
003367.png,"Water surface in gray, marked with prominent black-and-white circular wave rings"
003368.png,"Water surface in gray, showing two dark gray fish swimming near specks"
003369.png,"Divided square surface, half solid medium gray and half plain solid white"
003370.png,White floor section with gray concentric ripples in the upper-right corner
003371.png,White floor section with gray concentric ripples in the upper-left corner
003372.png,"Cave doorway top-left corner, featuring a thick dark arch over speckled ground"
003373.png,"Cave doorway top-right corner, featuring a thick dark arch over speckled ground"
003374.png,Cave doorway arch framed in thick dark gray and black over speckled ground
003375.png,White floor tile bounded by a sweeping curved black corner border
003376.png,Rocky shoreline section with jagged black outlines surrounding a white speckled ground
003377.png,Stepped balcony railing corner in gray and white with vertical support posts
003378.png,Balcony railing segment in gray and white with a central dark post
003379.png,Horizontal balcony railing with gray vertical balusters under a dark top rail
003380.png,Curved balcony railing corner bending downward to the right with vertical balusters
003441.png,Circular portal left half featuring a yellow arch and blue center on orange ground
003442.png,Circular portal right half featuring a yellow arch and blue center on orange ground
003443.png,Water basin top-left corner with blue water bordered by white rim and grey stone
003444.png,Water basin edge with blue water bordered by a grey stone strip on top
003445.png,Water basin top-right corner with blue water bordered by white rim and grey stone
003446.png,Water tile with a grey stone and white shoreline edge in top-left corner
003447.png,Water tile with a grey stone and white shoreline edge in top-right corner
003448.png,Stone floor corner tile featuring purple-grey cobbles bordered by light grey edges on top-left
003449.png,Stone floor edge tile featuring purple-grey pavement bordered by a light grey top margin
003450.png,Stone floor corner tile featuring purple-grey cobbles bordered by light grey edges on top-right
003451.png,Stone tile of solid purple-grey pavement with a light grey notch at bottom-right
003452.png,Stone tile of solid purple-grey pavement with a light grey notch at bottom-left
003453.png,Grass terrain tile of dark green earth dotted with bright green square patches
003454.png,Water surface tile of light blue water with scattered white and grey square ripples
003455.png,Desert sand tile of bright orange ground speckled with light yellow square dunes
003456.png,Stone floor tile of purple-grey pavement containing three scattered darker and lighter grey squares
003457.png,"Shoreline border tile with blue water on the left, white sand, and green grass"
003458.png,Grass terrain tile composed entirely of solid uniform dark green surface
003459.png,"Shoreline border tile with green grass on the left, white sand, and blue water"
003460.png,Shoreline corner tile with green grass around a white sandy edge and blue water
003381.png,"Flag on a vertical pole, pointing right, with black outline and grey fill"
003382.png,Brick wall section with a thick vertical black border on the left side
003383.png,Brick wall pattern featuring rectangular white bricks separated by light grey mortar lines
003384.png,Brick wall section with a thick vertical black border on the right side
003385.png,"Upward arrow with a curved, winding stem, outlined in black with white fill"
003386.png,"Small house or shrine with a peaked roof, central finial, and arched entrance"
003387.png,Two-story building with a rounded roof and two dark horizontal window strips
003388.png,Counter ledge with a flat white surface and an angled diagonal support bracket
003389.png,Counter section showing the left end of a rounded desk with dark interior
003390.png,Counter section showing the right rounded edge of a desk with dark interior
003391.png,Floor tile with a dashed square frame enclosing an inner circular dotted ring
003392.png,Seated white figure or statue with a rounded head and
003401.png,Ship steering wheel mounted on a gray console before white window frames
003402.png,Ship interior railing with white window panels and a curving gray wall
003404.png,Swaddled baby wrapped in white cloth bands with a small round head
003405.png,Cluster of gray stalagmites or crystals standing in a stepped vertical formation
003406.png,"Small gray vehicle with two wheels, a rounded roof, and front bumper"
003407.png,Potion bottle made of white glass with a dark gray square label
003408.png,Ghostly white blob figure with dark spots and small floating dust particles
003409.png,Mechanical four-bladed rotor with an X-shaped gray cross and notched tips
003410.png,"Mermaid with dark hair, a white flower clip, and a scaly tail"
003411.png,"Pirate crew member with a winged hat, white face, and gray tunic"
003412.png,"Pirate captain with a dark bicorne hat, white skull face, and coat"
003413.png,Pirate skeleton wearing a dark tricorn
003481.png,Coastline corner with green grass and brown earth meeting bright blue water
003482.png,"Shoreline edge with horizontal bands of green grass, brown earth, and blue water"
003483.png,Coastline corner with layered green and brown land bordering bright blue water
003484.png,"Stepping stones in water, featuring two grey round rocks surrounded by white ripples"
003485.png,"Wooden posts in water, showing two brown poles with orange tops and ripples"
003486.png,Desert coastline corner with yellow and orange sand meeting bright blue water
003487.png,"Desert shoreline with wavy horizontal bands of yellow sand, foam, and blue water"
003488.png,Desert coastline corner with layered yellow and orange sand beside bright blue water
003489.png,Desert terrain patch of solid orange ground marked with four grey-purple stones
003490.png,Orange ground surface dotted with five small pink square flowers or petals
003491.png,Stone pier corner with grey pavement and a purple ledge enclosing blue water
003492.png,Stone pier edge featuring a grey paved border running along bright blue water
003493.png,Stone pier corner with grey and purple paved borders enclosing bright blue water
003494.png,Waterfall canal with a blue stream flowing down through a grey stone structure
003495.png,Stone bridge segment with dark openings and grey pillars above bright blue water
003496.png,Stone wall corner made of purple-grey bricks set upon a grey foundation
003497.png,Stone wall section with a solid purple-grey surface above a grey crenellated base
003498.png,Stone wall corner featuring purple-grey brickwork over a light grey foundation
003499.png,Vertical stone wall section with purple-grey masonry framed by pale grey side borders
003500.png,Vertical stone wall segment made of purple-grey brick flanked by pale grey edges
003461.png,"Shoreline terrain tile with blue water, white foam, green grass, and brown earth"
003462.png,"Coastline terrain tile with blue water, white foam, and a yellow-orange sand edge"
003463.png,"Desert terrain tile composed of a flat, solid square of orange sand"
003464.png,"Coastline terrain tile with yellow-orange sand, white foam, and blue water on right"
003465.png,"Coastline corner tile with orange sand, yellow border, and blue water with foam"
003466.png,Coastline corner tile with orange-yellow sand and blue water with white froth
003467.png,Shoreline terrain tile with gray bank on left and blue water with white dot
003468.png,"Water terrain tile rendered as a flat, solid square of vibrant blue"
003469.png,Shoreline terrain tile with blue water on left and a light gray shore border
003470.png,Shallow water tile showing blue water with gray and purple rocky shore corner
003471.png,Shallow water tile showing blue water with a gray and purple rocky corner
003472.png,Stone floor terrain tile in purple-gray with a notched light gray left edge
003473.png,"Stone floor terrain tile rendered as a flat, solid square of purple-gray"
003474.png,Stone floor terrain tile in purple-gray with a notched light gray right edge
003475.png,Stone floor terrain tile in purple-gray with a light gray top-right corner
003476.png,Stone floor terrain tile in purple-gray with a light gray top-left corner
003477.png,Grass terrain tile in dark green featuring two small pink and white flowers
003478.png,Water terrain tile in bright blue dotted with white foam and purple ripples
003479.png,Sand terrain tile in orange speckled with several small bright yellow dots
003480.png,Stone terrain tile in purple-gray speckled with small light and dark square debris
003522.png,"Wall tile with concentric borders of dark brown, cream, and purple around grey stone"
003523.png,"Wall tile with horizontal stripes of dark brown, cream, purple, and grey stone"
003524.png,"Wall tile with dark brown, cream, and purple right-angle borders enclosing grey stone"
003525.png,"Archway tile with concentric arch borders of dark brown, cream, and purple"
003526.png,"Wall tile with outer dark brown, cream, and purple borders around dark stone bricks"
003527.png,"Wall tile with horizontal bands of dark brown, cream, and muted purple stone"
003528.png,"Wall tile with top-right corner borders of dark brown, cream, and muted purple"
003529.png,"Archway tile with concentric rectangular arch borders of dark brown, cream, and purple"
003530.png,Wall tile with top-left borders of dark brown and cream framing light grey stone
003531.png,"Wall tile with horizontal layers of dark brown, cream, and light grey stone"
003541.png,Triangular ramp with a blue stepped incline and a single dark purple square
003542.png,"Square wall tile with vertical stripes in dark brown, cream, and muted purple"
003543.png,"Square stone block in dark grey, speckled with three small purple mineral flecks"
003544.png,"Square wall tile in dark grey, featuring purple, cream, and brown vertical stripes"
003545.png,"Striped pillar tile with alternating vertical bands of dark brown, cream, and purple"
003546.png,Square lavender tile bordered on the left by cream and dark brown vertical stripes
003547.png,Square purple tile decorated with three dark brown square specks near the center
003548.png,Square lavender tile bordered on the right by dark brown and cream vertical stripes
003549.png,"Striped wall section with vertical bars of dark brown, cream, and muted lavender"
003550.png,Light grey square tile bordered on the left with cream and dark brown stripes
003551.png,Light grey square block marked with three muted purple square spots across its face
003552.png,Light grey square tile bordered
003562.png,Water surface tile in bright blue with small purple floating debris
003563.png,"Corner border tile with dark gray center and purple, cream, and brown stripes"
003564.png,"Edge border tile with dark gray upper section and purple, cream, brown stripes"
003565.png,"Corner border tile with dark gray center, small square, and multi-colored edges"
003566.png,U-shaped channel border tile with dark gray interior and layered border stripes
003567.png,"Corner border tile with purple center framed by dark gray, cream, brown stripes"
003568.png,"Edge border tile with purple top and horizontal stripes of dark gray, cream, brown"
003569.png,"Corner border tile with purple center, dark square dot, and layered right-angle borders"
003570.png,U-shaped channel border tile with purple center framed by layered vertical stripes
003571.png,"Corner border tile with light gray center and brown, cream, dark gray edges"
003572.png,"Edge border tile with light gray top and horizontal brown, cream, dark stripes"
003581.png,"Sloped wall tile, purple and gray diagonal sections divided by a dark stepped edge"
003582.png,"Arched doorway, gray frame enclosing a beige interior with horizontal white ladder rungs"
003583.png,"Water shoreline tile, bright blue and gray diagonal sections divided by a stepped edge"
003584.png,"Wall tile, purple surface with a dark notched border along the left edge"
003585.png,"Brick wall tile, purple surface accented with three dark horizontal rectangular brick marks"
003586.png,"Wall tile, purple surface with a dark notched border along the right edge"
003587.png,"Wall column tile, purple center flanked by dark notched borders on both sides"
003588.png,"Wall tile, bright pink surface with a dark notched border along the left edge"
003589.png,"Brick wall tile, bright pink surface accented with three dark horizontal rectangular marks"
003590.png,"Wall tile, solid bright pink flat square with uniform color across the entire surface"
003591.png,"Wall tile, bright pink surface with a dark notched border along the right edge"
003601.png,Pathway tile: grey vertical path bordered by dark brown edges with purple rectangular tabs
003602.png,First aid sign: light grey square panel centered with a dark green cross
003603.png,Patterned floor tile: purple square plate with a dark grey cross and dot pattern
003604.png,Patterned floor tile: bright pink square plate with a muted purple cross pattern
003605.png,Patterned floor tile: light grey square plate with a muted purple cross pattern
003606.png,Wall corner tile: purple square with dark brown borders on left and bottom edges
003607.png,"Wall cabinet: brown frame enclosing a white compartment, blue handle, and purple lower panel"
003608.png,Wall tile: purple upper section with a solid dark brown horizontal bottom border
003609.png,Wall corner tile: purple section bordered by dark brown on right and bottom edges
003610.png,Wall niche tile: purple central recess surrounded by a dark brown notched frame
003611.png,Wall corner tile: pink square with dark brown borders along left and bottom edges
003612.png,"Wall cabinet: brown frame with pink top trim, white compartment, and purple lower base"
003613.png,Wall tile: bright pink upper section over a solid dark brown horizontal bottom band
003614.png,Wall corner tile: pink square bordered by dark brown along right and bottom edges
003615.png,Wall niche tile: pink central recess enclosed by a dark brown notched outer border
003616.png,"Wall section: cream wall panel, light grey vertical pillar, purple ceiling, dark grey corner"
003617.png,"Wall doorway: cream wall with dashed horizontal belt, purple header, and brown side pillars"
003618.png,Wall section: cream wall panel between two light grey vertical pillars beneath purple ceiling
003619.png,"Wall section: cream wall, central grey pillar, purple ceiling, and dark brown right edge"
003620.png,Wall alcove: cream central panel framed by purple header and dark brown outer borders
003661.png,"Building wall left corner with a shuttered window, grey facade, and purple trim"
003662.png,"Building doorway with an open cream entrance, dark brown frame, and grey wall"
003663.png,"Building wall section with a central shuttered window, grey facade, and brown base"
003664.png,"Building wall right corner with a shuttered window, grey facade, and purple trim"
003665.png,Building wall section with a central shuttered window between vertical purple trims
003666.png,Awning canopy with yellow and white vertical stripes and a scalloped bottom edge
003667.png,Awning canopy with red and brown vertical stripes and a scalloped bottom edge
003668.png,Awning canopy with blue and white vertical stripes and a scalloped bottom edge
003669.png,"Platform tile, dark brown with a purple border along top and left edges"
003670.png,"Platform tile, dark brown with a horizontal purple stripe near the top edge"
003671.png,"Platform tile, dark brown with a purple border along top and right edges"
003672.png,"Platform tile, dark brown with a small purple inner corner at bottom right"
003673.png,"Platform tile, dark brown with a small purple inner corner at bottom left"
003674.png,Dark brown floor tile patterned with multiple horizontal purple stripes and bands
003675.png,"Floor tile, dark brown with two concentric curved purple tracks in bottom-right corner"
003676.png,"Floor tile, dark brown with two parallel horizontal purple stripes across the middle"
003677.png,"Floor tile, dark brown with two concentric curved purple tracks in bottom-left corner"
003678.png,"Floor tile, dark brown with horizontal purple track branching downward into vertical paths"
003679.png,"Floor tile, dark brown with purple tracks branching downward and across the surface"
003680.png,"Platform tile, dark brown with a vertical purple stripe along the left edge"
003621.png,Floor corner tile with dark brown borders on the left and bottom and grey surface
003622.png,"Single bed with purple blanket, white pillow, and dark brown frame against a grey wall"
003623.png,Floor tile with a dark brown border along the bottom and grey surface above
003624.png,"Floor tile with dark brown bottom border, grey stone surface, and purple brick accents"
003625.png,Floor tile with dark brown walls on three sides forming a grey rectangular alcove
003626.png,"Wall alcove tile with purple fill, dark left wall, and vertical brown framed opening"
003627.png,Rectangular dark brown desk with cream drawer centered on a square purple floor mat
003628.png,Rectangular dark brown furniture unit with cream and grey panels on a purple rug
003629.png,"Wall alcove tile with purple fill, dark right wall, and vertical brown framed opening"
003630.png,Narrow alcove tile between two dark brown walls with central framed purple and cream unit
003631.png,"Wall alcove tile with bright pink fill, dark left wall, and"
003641.png,"Wall tile with a vertical window, light grey surface, and dark purple left border"
003642.png,"Wall tile with a small dark window, light grey frame, and purple top accent"
003643.png,"Wall tile with a central rectangular window, purple panes, and light grey surface"
003644.png,"Wall tile with a vertical window, light grey surface, and dark purple right border"
003645.png,"Wall tile with a central framed window, purple accents, and dark grey side pillars"
003646.png,"Building wall tile with a dark base, purple upper section, and framed rectangular window"
003647.png,"Doorway tile with a beige sliding door, dark grey pillars, and purple lintel"
003648.png,"Building wall tile with a dark base, purple upper section, and central two-pane window"
003649.png,"Building wall tile with a window, dark base, and purple upper right corner"
003650.png,"Building wall tile with dark side pillars, purple top, and central rectangular window"
003651.png,"Building wall tile with a dark base,"
003681.png,Square dark grey tile with a vertical purple stripe along the right edge
003682.png,Square dark grey tile with an L-shaped purple notch in the top-right corner
003683.png,Square dark grey tile with an L-shaped purple notch in the top-left corner
003684.png,Square dark grey tile with three thick horizontal purple stripes across the front
003685.png,Square dark grey tile with two vertical purple stripes down the center
003686.png,Square dark grey tile with an intersecting grid of purple horizontal and vertical lines
003687.png,Square dark grey tile with branching purple circuit pathways across the surface
003688.png,Square dark grey tile with angled purple circuit pathways branching across the surface
003689.png,Square dark grey tile with an L-shaped purple border on the left and bottom
003690.png,Square dark grey tile with a horizontal purple stripe along the bottom edge
003691.png,Square dark grey tile with an inverted L-shaped purple border on right and bottom
003692.png,Square dark grey tile with two purple hanging bars tipped
003784.png,Red shirt with short sleeves and a purple band on the left side
003786.png,City skyline with grey rectangular skyscrapers of varying heights on a peach background
003791.png,Goblet with an orange curved bowl and a small purple square base
003792.png,Cloud depicted in solid white with stepped edges across a peach sky
003793.png,Sparkles consisting of three small white glowing square specks on peach ground
003794.png,River winding vertically in bright blue water against a flat peach terrain
003798.png,Ribbon bow in bright pink with a small purple knot at the base
003761.png,"Maze wall end cap with an orange border, purple lining, and grey center"
003765.png,"Archway wall tile with a pink border, purple lining, and dark grey opening"
003766.png,Maze wall cap facing right with pink outer edges and grey interior
003767.png,"Horizontal wall segment with pink borders, purple outlines, and a dark grey center"
003768.png,Maze wall cap facing left with pink outer edges and grey interior
003771.png,Wall top with a bright blue sky above a notched purple parapet
003773.png,"Vertical wall segment with orange borders, purple outlines, and a dark grey center"
003774.png,"Corner wall tile with an orange outer corner, purple lining, and grey interior"
003775.png,"Corner wall tile with an orange top-right corner, purple lining, and grey interior"
003710.png,"Train locomotive facing left, yellow and white with purple bumpers and black wheels"
003711.png,"Train passenger car, yellow with white square windows and black bottom wheels"
003712.png,"Train cargo car, yellow and orange with a gray stripe and black wheels"
003713.png,"Train locomotive facing right, yellow and white with purple bumpers and black wheels"
003741.png,Ladder on a peach wall with a red and purple top border
003742.png,"Character head with yellow hair, pale skin, and a purple eye mask"
003743.png,"Stone floor tile, dark grey with muted purple square and cross markings"
003744.png,"Corner wall tile, dark grey with an orange upper-right corner edged in purple"
003745.png,Wall tile with an orange upper section and jagged purple border over grey
003746.png,"Corner wall tile, dark grey with an orange upper-left corner edged in purple"
003747.png,"Corner wall tile, dark grey with an orange lower-left corner edged in purple"
003748.png,"Corner wall tile, dark grey with an orange lower-right corner edged in purple"
003750.png,"Space invader alien monster, purple with square eyes on a dark grey background"
003751.png,"Corner wall tile, dark grey with a pink upper-right corner edged in purple"
003752.png,Wall tile with a pink upper stripe and jagged purple border over grey
003823.png,Beetle monster with a rounded dark blue body and glowing red eyes
003824.png,"Beetle monster with a dark blue body, glowing red eyes, and short antennae"
003825.png,"Beetle monster with a dark blue body, glowing red eyes, and two antennae"
003826.png,"Beetle monster with a dark blue body, red eyes, and black pointed legs"
003831.png,Number zero in muted purple on a peach background
003832.png,Number one in muted purple on a peach background
003833.png,Number two in muted purple on a peach background
003834.png,Number three in muted purple on a peach background
003835.png,Number four in muted purple on a peach background
003836.png,Number five in muted purple on a peach background
003837.png,Number six in muted purple on a peach background
003861.png,Orange block with small rectangular notches on its top and left outer edges
003862.png,"Right-angled ramp with stepped orange diagonal slope, purple middle section, and dark grey base"
003863.png,"Right-angled ramp facing left with stepped orange slope, purple layer, and dark grey base"
003864.png,Stepped pyramid shape composed of solid bright pink horizontal layers rising to a point
003865.png,"Right-angled ramp with stepped pink diagonal slope, purple middle band, and dark grey corner"
003866.png,"Right-angled ramp facing left with stepped pink slope, purple band, and dark grey base"
003867.png,Orange square block featuring small offset tabs extending from top-right and bottom-left corners
003868.png,Pink square block featuring small offset tabs along its upper and lower side edges
003869.png,Mechanical bolt with a red and purple T-shaped head atop a threaded grey shaft
003870.png,Platform tile with a wide orange top resting on a tapered purple and grey base
003871.png,"Archway tunnel entrance with an orange curved frame, purple border, and dark grey opening"
003872.png,"Horizontal tunnel piece with an orange rounded casing, purple outline, and dark grey opening"
003873.png,"Horizontal tunnel piece with an orange capped right side, purple lining, and dark center"
003874.png,"Inverted triangular slope with an orange stepped diagonal, purple band, and grey ceiling corner"
003875.png,"Inverted triangular slope with a dark grey ceiling corner, purple band, and orange diagonal"
003876.png,"Archway tunnel entrance with a pink curved frame, purple border, and dark grey opening"
003877.png,"Horizontal tunnel piece with a pink rounded casing, purple outline, and dark grey opening"
003878.png,"Horizontal tunnel piece with a pink capped right side, purple lining, and dark center"
003879.png,"Inverted triangular slope with a pink stepped diagonal edge, purple band, and grey corner"
003880.png,"Inverted triangular slope with a dark grey ceiling corner, purple band, and pink diagonal"
003881.png,Square stone block with an orange top-left border and dark grey interior
003882.png,Square stone block with an orange top-right border and dark grey interior
003883.png,Square stone block with a pink top-left border and dark grey interior
003884.png,Square stone block with a pink top-right border and dark grey interior
003885.png,Red flag with notched edges waving from a grey vertical flagpole
003886.png,U-shaped wall block with an orange outer border enclosing a grey vertical slot
003887.png,Square stone block with an orange bottom-left border and dark grey interior
003888.png,Square stone block with an orange bottom-right border and dark grey interior
003889.png,U-shaped wall block with a pink outer border enclosing a grey vertical slot
003890.png,Square stone block with a pink bottom-left border and dark grey interior
003891.png,Square stone block with a pink bottom-right border and dark grey interior
003892.png,Red cube monster with a flat square body and two white square eyes
003921.png,Cake platform tile with dripping golden caramel frosting and brown chocolate base
003922.png,"Cake platform corner tile with golden caramel frosting, brown sponge, and dark borders"
003923.png,Strawberry cake tunnel tile with white dripping icing between dark grey outer borders
003924.png,Strawberry cake corner tile with white dripping frosting and dark top and left borders
003925.png,Strawberry cake platform tile with dripping white icing and dark grey top border
003926.png,Strawberry cake corner tile with dripping white frosting and dark top and right borders
003927.png,"Round macaron with pink filling, white specks, and a dark circular outline"
003928.png,Cheese platform block with rounded left dark edge and yellow textured surface
003929.png,Cheese platform tile with yellow speckled middle and dark top and bottom edges
003930.png,Cheese platform block with rounded right dark edge and yellow textured surface
003931.png,Bottle neck tile showing brown liquid inside a dark tapering nozzle and borders
003932.png,"Cake platform tile with caramel drips, brown sponge, and dark horizontal borders"
003933.png,"Cake platform block with rounded right edge, caramel drip, and brown sponge"
003934.png,Cake column tile with brown speckled sponge between two dark vertical borders
003935.png,Cake wall tile with brown speckled sponge and a dark left border
003936.png,Cake block tile with brown sponge covered in light and dark speckles
003937.png,Cake wall tile with brown speckled sponge and a dark right border
003938.png,"Layered cake column tile with pink, brown, and white stripes between dark borders"
003939.png,"Layered cake wall tile with pink, brown, and white stripes, dark left border"
003940.png,"Layered cake block tile with alternating horizontal stripes of pink, brown, and white frosting"
003941.png,"Layered cake block with horizontal pink, white, and brown stripes, bordered right"
003942.png,"Marshmallow dome, rounded pink top with white highlights and a dark outline"
003943.png,"Orange pouch tied at the neck, with vertical shading and dark outline"
003944.png,"Candy corn with white top, orange middle band, and yellow rounded base"
003945.png,"Glass bottle lying horizontally, brown body with orange neck pointing left"
003946.png,"Biscuit platform block, light brown with top crust layer and dark borders"
003947.png,"Biscuit platform end, rounded right edge with light crust stripe on top"
003948.png,"Candy cane hook, curved top striped with orange and white segments"
003949.png,"Cookie block, brown square with darker chocolate chips, bordered on three sides"
003950.png,"Cookie corner block, brown square with chips, bordered on bottom and left"
003951.png,"Cookie block, brown square with scattered chocolate chips and a bottom border"
003952.png,"Cookie corner block, brown square with chips, bordered on bottom and right"
003953.png,"Marshmallow block, pink square with lighter flecks, bordered on bottom and sides"
003954.png,"Marshmallow corner block, pink square with specks, bordered on left and bottom"
003955.png,"Marshmallow block, pink square dotted with lighter flecks and a bottom border"
003956.png,"Marshmallow corner block, pink square with specks, bordered on bottom and right"
003957.png,"Marshmallow pillar piece, pink hourglass shape with dark outlines on the sides"
003958.png,"Candy cane segment, straight vertical striped shaft in alternating orange and white"
003959.png,"Square cracker, golden-brown biscuit with rounded corners and four center indentations"
003960.png,"Rolled cake end, horizontal orange cylinder showing a brown cross-section circular face"
003841.png,"Multiplication sign, blocky purple letter X with thick diagonal arms"
003842.png,"Percent sign, purple diagonal slash with two square dots at opposite corners"
003843.png,"Heart, solid bright red shape with two upper lobes and pointed base"
003844.png,"Heart, vertically split with a bright red left half and purple right half"
003845.png,"Heart, solid purple shape with two rounded upper lobes and pointed base"
003846.png,"Digit zero, tall blocky purple numeral with a hollow rectangular center"
003847.png,"Digit one, tall purple numeral with a top left serif and flat base"
003848.png,"Digit two, blocky purple numeral with horizontal top, middle step, and flat base"
003849.png,"Digit three, blocky purple numeral with two stacked open loops facing right"
003850.png,"Digit four, blocky purple numeral with an open top and vertical right stem"
003851.png,"Digit five, blocky purple numeral with a flat top bar and square bottom loop"
003852.png,"Digit six, blocky purple numeral with a"
003961.png,"Sausage segment, orange cylinder sliced open at right end showing speckled brown interior"
003962.png,"Sausage end, orange cylindrical body tapering to a tied knot on the left"
003963.png,"Sausage segment, horizontal orange cylindrical block bordered by dark lines top and bottom"
003964.png,"Sausage end, orange cylindrical body tapering to a tied knot on the right"
003965.png,"Meat loaf corner, upper-left rounded arc of speckled brown meat with tan crust"
003966.png,"Meat loaf corner, upper-right rounded arc of speckled brown meat with dripping tan crust"
003967.png,"Meat loaf block, horizontal slice with dripping tan crust over speckled brown meat"
003968.png,"Meat loaf top, horizontal edge with dripping tan crust over speckled brown meat"
003969.png,"Ham slice corner, upper-left rounded arc of pink meat with white rim and flecks"
003970.png,"Ham slice corner, upper-right rounded arc of pink meat with white dripping rim"
003971.png,"Ham block, horizontal slice of light pink speckled meat bordered top and bottom"
003972.png,"Ham platform, flat top edge with dripping white fat over light pink speckled meat"
003973.png,"Ham slice corner, bottom-left rounded edge of pink speckled meat with white border"
003974.png,"Ham slice bottom, curved lower edge of pink speckled meat with dark outer outline"
003975.png,"Ham slice corner, bottom-right rounded edge of pink speckled meat with white border"
003976.png,"Glazed sausage end, rounded left cut showing brown interior beneath melting yellow cheese"
003977.png,"Glazed sausage end, rounded right cut showing brown interior beneath melting yellow cheese"
003978.png,"Glazed sausage end, orange body tied at left end beneath melting yellow cheese"
003979.png,"Glazed sausage segment, orange horizontal block with melted yellow cheese dripping along top"
003980.png,"Glazed sausage end, orange body tied at right end beneath melting yellow cheese"
003981.png,"Lit candle with a yellow flame, white wax, and a blue base"
003982.png,"Lit candle with a yellow flame, white wax, and an orange base"
003983.png,Stemmed goblet filled with bright blue liquid inside a white glass bowl
003984.png,Drinking glass filled with blue liquid and small bubbles inside
003985.png,"Empty drinking glass, white with a thick dark grey outline"
003986.png,Green bottle neck sealed at the top with a brown cork stopper
003987.png,"Green bottle neck, open at the top with a flared base"
003988.png,Sushi roll wrapped in dark seaweed with white rice and orange-green filling
003989.png,"Nigiri sushi topped with orange fish, white rice, and a green seaweed band"
003990.png,"Ceramic mug, plain white with a dark outline and a right handle"
003991.png,"Hamburger with brown sesame bun, green lettuce, orange cheese, and meat patty"
003992.png,"Left segment of a hamburger with brown bun, green lettuce, and cheese"
003993.png,"Middle segment of a hamburger showing layers of bun, lettuce, and cheese"
003994.png,"Right segment of a hamburger with brown bun, green lettuce, and cheese"
003995.png,"Tall hamburger with a rounded top bun, green lettuce, cheese, and patty"
003996.png,"Small hamburger with brown buns, green lettuce, orange cheese, and patty"
003997.png,Striped straw with alternating light blue and white horizontal bands
003998.png,Striped straw with alternating orange and white horizontal bands
003999.png,Empty stemmed goblet made of white glass with a dark grey outline
004000.png,Clear glass bottle neck with a flared base and dark grey outline
004041.png,"Grass terrain block, square with bright green grass top, brown dirt base, and dark slate outline"
004042.png,"Grass platform tile, left-edge section with green grass, brown dirt, and dark border on three sides"
004043.png,"Grass platform tile, middle section with green grass over brown dirt, bordered on top and bottom"
004044.png,"Grass platform tile, right-edge section with green grass, brown dirt, and dark border on three sides"
004045.png,"Dirt background block, seamless light brown soil with scattered darker specks and green bottom-right corner"
004046.png,"Dirt background block, seamless light brown soil with scattered darker specks and green bottom-left corner"
004047.png,"Soil block, square brown dirt tile enclosed in dark brown border, patterned with darker speckles"
004048.png,"Yellow block, golden square tile with four corner rivets, enclosed by a dark brown border"
004049.png,"Question mark block, golden square with a central white question mark and dark brown border"
004050.png,"Coin block, golden yellow square featuring a central white hollow ring and dark brown border"
004051.png,"Mushroom platform block, red square with white spots, brown top edge, and scalloped tan trim"
004052.png,"Mushroom platform middle block, red surface with white spots, dark top, and notched tan trim"
004053.png,"Mushroom platform corner block, red surface with white spots, bordered along the top and left"
004054.png,"Mushroom platform corner block, red surface with white spots, bordered along the top and right"
004055.png,"Green bush clump, rounded foliage cluster with dark green outline and textured light green leaves"
004056.png,"Foliage top-left tile, green bush segment with dark outline along top and rounded left edge"
004057.png,"Foliage top-middle tile, green bush segment with dark outline across straight top edge and speckled surface"
004058.png,"Foliage top-right tile, green bush segment with dark outline along top and rounded right edge"
004059.png,"Wooden bridge plank, diagonal brown rectangular bar with a light orange center and dark border"
004060.png,"Oval bridge plank, diagonal rounded brown pill shape with an orange center and dark outline"
004021.png,"Pink alien creature wearing a clear round space helmet, with one central eye"
004022.png,"Yellow alien creature wearing a clear round space helmet, with small dark eyes"
004023.png,"Beige alien creature wearing a clear space helmet, with legs spread wide apart"
004024.png,"Beige alien creature wearing a clear space helmet, standing with legs close together"
004025.png,Yellow square face block with small dark eyes and an unhappy open mouth
004026.png,Yellow square face block with angry eyes and a gritted-teeth white mouth
004027.png,Golden beetle creature with two raised wings and a dark brown outline
004028.png,Golden beetle creature with folded narrow wings and a dark brown outline
004029.png,"Drill machine with a pointed grey bit, red dome, and small treads underneath"
004030.png,"Drill machine with a pointed grey bit, red dome, and shifted walking treads"
004031.png,"Drill machine with a pointed grey bit, red dome, and flat grey base"
004032.png,Blue and grey mechanical walking chest with small dark legs underneath
004033.png,Blue and grey mechanical walking chest with shifted dark legs underneath
004034.png,Blue and grey mechanical chest with white markings and no visible legs
004035.png,"Bat creature with an orange head, white eyes, and wings pointed upwards"
004036.png,Bat creature with an orange head and curved grey wings curled downwards
004037.png,Bat creature with an orange head and grey wings spread out horizontally
004038.png,Blue and grey mechanical block creature with four dark legs stepping forward
004039.png,Blue and grey mechanical block creature with four dark legs stepping backward
004040.png,Blue and grey mechanical block resting flat with no visible legs
004081.png,"Ground tile, bordered on all four sides in dark slate, layered tan and brown"
004082.png,"Ground tile, dark slate border on top, left, and bottom, open on right"
004083.png,"Ground tile, bordered only at top and bottom in dark slate, open sides"
004084.png,"Ground tile, dark slate border on top, right, and bottom, open on left"
004085.png,"Square pyramid block, four triangular brown and tan facets within a dark border"
004086.png,"Angled roof tile, sloped brown and tan faces with left and bottom borders"
004087.png,"Ground tile, horizontal tan and brown layers framed by top and bottom borders"
004088.png,"Angled roof tile, sloped tan and brown faces with top and right borders"
004089.png,"Tree trunk segment, vertical tan wood surface bordered by dark brown textured bark"
004090.png,"Water tile, dark wavy crest along top edge above light blue bubbly water"
004091.png,"Waterfall tile, vertical blue stream with light bubbles flanked by dark side borders"
004092.png,"Waterfall tile, light blue flowing water with tiny bubbles between dark side borders"
004093.png,"Foliage column tile, emerald green center with specks flanked by dark vertical borders"
004094.png,"Foliage corner tile, emerald surface with bottom-left corner framed by dark border"
004095.png,"Foliage tile, flat emerald surface with dark border along the bottom edge"
004096.png,"Foliage corner tile, emerald surface with bottom-right corner framed by dark border"
004097.png,"Heart container, fully filled red heart outlined with a dark red border"
004098.png,"Half heart container, red left half and hollow right half in dark outline"
004099.png,"Wooden fence, brown horizontal slats connecting two vertical wooden posts in dark outline"
004100.png,"Ground tile, bordered on top, left, and right in dark slate, open bottom"
004101.png,"Ground block with brown soil, light tan top layer, and dark left edge"
004102.png,"Ground block with brown soil, light tan top surface, and dark upper border"
004103.png,"Ground block with brown soil, light tan upper layer, and dark right edge"
004104.png,Wooden pole with two grey curved metal arms branching from the top
004105.png,Metal bracket in a grey U-shape with a notched center and dark outline
004106.png,Wooden ladder with brown vertical rails and four horizontal climbing rungs
004107.png,"Tree trunk with tan wooden bark, darker brown sides, and a flared base"
004108.png,Water block in solid cyan blue patterned with tiny light blue square flecks
004109.png,Waterfall section of cyan flowing water with dark side borders and white foam
004110.png,Waterfall section of cyan water framed by dark borders over a foamy bottom
004111.png,Bush block of green foliage with pale green spots and dark outer edges
004112.png,Bush tile of green foliage with light green top highlights and dark borders
004113.png,Bush platform of green foliage featuring a bright top band and dark borders
004114.png,Bush block of green leaves with lighter speckles and a dark rounded outline
004115.png,Vertical lever standing upright on a brown base with grey and orange handle
004116.png,Diamond gemstone in brilliant cyan blue with a wide dark grey outline
004117.png,Diagonal lever pointing up-left from a brown base with an orange handle
004118.png,Diagonal lever pointing up-right from a brown base with an orange handle
004119.png,Metal floor spikes consisting of two grey triangular points outlined in dark grey
004120.png,Terrain block displaying light blue sky over brown soil within a dark frame
004141.png,Ground cross-section tile showing brown dirt beneath light blue area with dark border
004142.png,Dirt tile in brown with scattered light and dark square speckles
004143.png,Wooden mast pole with curved dark grey metal base supports
004144.png,"Orange flag attached to a dark grey vertical pole, waving rightward"
004145.png,Orange flag waving to the right on a dark grey pole
004146.png,Blue curved pipe corner section with dark grey outer and inner edges
004147.png,Blue curved pipe corner section facing upward with dark grey borders
004148.png,Blue pipe segment featuring a widened central joint with grey outlines
004149.png,Brown wooden log segment with rough bark edges and dark flecks
004150.png,Wooden T-junction post with brown side branches and a lighter knot
004151.png,Brown wooden branch stump with irregular jagged edges and darker bark
004152.png,Horizontal brown wooden beam with small bark knobs and dark outlines
004153.png,"Brown wooden fence with two posts, a horizontal rail, and diagonal brace"
004154.png,Stepped pedestal with an orange flat top and grey metal base
004155.png,Brown wooden fence with two short posts joined by a central rail
004156.png,Wide mechanical pedestal featuring a flat orange top on grey stepped tiers
004157.png,Brown dirt path tile bounded by dark grey vertical borders on both sides
004158.png,Brown dirt tile with a dark grey vertical border on the left
004159.png,Brown dirt tile textured with scattered light and dark square speckles
004160.png,Brown dirt tile with a dark grey vertical border on the right
004161.png,Green grass plant with two tall curved rounded stalks and light specks
004162.png,Evergreen pine tree with layered green foliage and a small brown trunk
004163.png,Green saguaro cactus with two small side branches and a dark outline
004164.png,Brown wooden door with a small white window panel and simple frame
004165.png,Horizontal blue pipe section featuring a wide rim on the left opening
004166.png,Horizontal blue pipe segment with a vertical raised band in the middle
004167.png,Horizontal blue pipe section featuring a wide rim on the right end
004168.png,Vertical blue pipe segment with a wide opening rim at the bottom
004169.png,Brown tree trunk section with a stubby branch extending to the left
004170.png,Brown tree trunk base with roots flaring outward at the bottom
004171.png,Brown tree trunk section with a short broken branch on the right
004172.png,Brown jagged rock cluster with irregular facets and dark brown outlines
004173.png,Tan mushroom with a rounded yellow-brown cap and a slender stalk
004174.png,Green grass clump with two short rounded blades curving outwards
004175.png,Red mushroom with a white spot on the cap and pale stalk
004176.png,Square brown dirt block with dark borders along three outer sides
004177.png,Square brown dirt block with dark borders on the bottom and left
004178.png,Square brown dirt block with speckled soil and a dark bottom border
004179.png,Square brown dirt block with dark borders on the bottom and right
004180.png,Brown rectangular platform block with dark outlines and two lighter square markings
004221.png,"Grey stone ledge tile with stepped upper surface, muted grey tones and pale base"
004222.png,"Grey stone ledge tile with stepped right corner, shaded surface and pale base"
004223.png,Grey stone block tile with stepped top edge and dark grey borders
004224.png,Grey stone corner block tile with stepped top edge and dark right border
004225.png,Grey stone square tile with dark left border and corner accent marks
004226.png,Grey stone square tile with faint corner notches and pale bottom band
004227.png,Grey stone wall tile with dark bottom edge and pale horizontal highlight stripe
004228.png,"Grey stone corner tile with dark top and left borders, pale horizontal stripe"
004229.png,Grey stone wall tile with dark horizontal borders and pale highlight stripe
004230.png,"Grey stone wall tile with dark borders, light horizontal stripe and speckled surface"
004231.png,Grey stone corner wall tile with dark right border and pale horizontal stripe
004232.png,Brown dirt cliff slope ascending to the right with stepped rocky brown tiers
004233.png,"Brown dirt cliff slope ascending to the right, overgrown with green moss patches"
004234.png,"Brown dirt cliff slope ascending to the right, covered in green grass patches"
004235.png,Brown dirt cliff corner tile with rounded upper-left edge and layered concentric shading
004236.png,Brown dirt cliff tile with square upper-left corner and recessed inner panel
004237.png,Brown dirt cliff tile with notched upper-right corner and recessed inner panel
004238.png,Brown dirt cliff corner tile with rounded upper-right edge and layered concentric shading
004239.png,Brown dirt cliff edge tile with vertical stepped shape and shaded brown rock
004240.png,"Brown dirt cliff edge tile with stepped shape, brown rock and green moss"
004181.png,"Wooden platform with a brown upper section and a grey base, outlined in dark grey"
004182.png,"Wooden door with two brown panels, a white handle, and a dark brown frame"
004183.png,"Left cloud platform piece, white with light blue shading and dark grey bottom border"
004184.png,"Cloud platform piece, white with a flat grey top and rounded dark bottom outline"
004185.png,"Right cloud platform piece, white with light blue shading and dark grey bottom border"
004186.png,"Small cloud platform, white with a flat top and a curved dark grey bottom"
004187.png,"Snowman with a white round body, orange carrot nose, stick arms, and dark outline"
004188.png,Round gold coin with a brown circular border and a square yellow center
004189.png,"Rotating gold coin seen from the side, featuring a brown border and yellow center"
004190.png,"Multiplication symbol or letter X, bold white with a thick dark grey outline"
004191.png,"Percent sign, bold white with two dots and a thick dark grey outline"
004192.png,Flying saucer with a grey metallic trapezoid base and a bright blue central dome
004193.png,"Number zero, a blocky white numeral with a hollow center and dark grey outline"
004194.png,"Number one, a blocky white numeral with a thick dark grey outline"
004195.png,"Number two, a blocky white numeral with a thick dark grey outline"
004196.png,"Number three, a blocky white numeral with a thick dark grey outline"
004197.png,"Number four, a blocky white numeral with a thick dark grey outline"
004198.png,"Number five, a blocky white numeral with a thick dark grey outline"
004199.png,"Number six, a blocky white numeral with a thick dark grey outline"
004200.png,"Number seven, a blocky white numeral with a thick dark grey outline"
004201.png,"Number eight, white digit with a thick dark slate grey blocky outline"
004202.png,"Number nine, white digit with a thick dark slate grey blocky outline"
004203.png,"Number zero, white digit with a thick dark slate grey blocky outline"
004204.png,"Number one, white digit with a thick dark slate grey blocky outline"
004205.png,"Number two, white digit with a thick dark slate grey blocky outline"
004206.png,"Number three, white digit with a thick dark slate grey blocky outline"
004207.png,"Number four, white digit with a thick dark slate grey blocky outline"
004208.png,"Number five, white digit with a thick dark slate grey blocky outline"
004209.png,"Number six, white digit with a thick dark slate grey blocky outline"
004210.png,"Number seven, white digit with a thick dark slate grey blocky outline"
004211.png,"Number eight, white digit with a thick dark slate grey blocky outline"
004212.png,"Number nine, white digit with a thick dark slate grey blocky outline"
004213.png,"Square grass tile, bright green surface with dashed dark green borders"
004214.png,"Rounded blue block, bright cyan surface with a dark square center hole"
004215.png,"Wooden horizontal bar, thin reddish-brown stick with curled brackets at each end"
004216.png,"Tree branch, thick horizontal brown wood with knotty bark and dark outlines"
004217.png,"Tree trunk piece, vertical brown wood with a short severed branch extending right"
004218.png,"Snowman, pale blue-white body with an orange carrot nose and brown stick arms"
004219.png,"Grey folder, stone-grey rectangular shape with a tabbed upper left corner"
004220.png,"Grey folder, wide rectangular grey shape with a tabbed top and bottom highlight"
004001.png,White vertical pipe flaring outward at the base with a dark outline
004002.png,Green square mat with a white bordered square panel in the center
004003.png,Green square mat displaying an off-center white bordered rectangular panel inside
004004.png,White whipped cream swirl forming a triangular mound with soft grey shading
004005.png,"White whipped cream swirl decorated with tiny red, green, and blue sprinkles"
004006.png,Left segment of a sushi bar counter with white base and brown top
004007.png,Middle segment of a sushi bar counter with white base and brown top
004008.png,Right segment of a sushi bar counter with white base and brown top
004009.png,Sushi maki roll wrapped in dark seaweed around white rice and green filling
004010.png,"Salmon nigiri sushi piece with orange fish, white rice, and green wrapper"
004011.png,Triangular yellow tortilla chip with light brown speckles and a dark outline
004012.png,"Pizza slice with yellow melted cheese, brown crust, and red pepperoni dots"
004013.png,"Salmon nigiri sushi with orange topping, white rice, and green seaweed belt"
004014.png,"Green alien wearing a round white astronaut helmet, standing with legs apart"
004015.png,"Blue alien with three facial dots in an astronaut helmet, legs apart"
004016.png,Pink one-eyed alien wearing a clear round astronaut helmet and small body
004017.png,Yellow alien with dark eyes wearing a round astronaut helmet and boots
004018.png,Spiky gray naval mine shaped like a smiling face inside a diamond
004019.png,"Green alien wearing a round white astronaut helmet, standing with legs together"
004020.png,"Blue alien with three facial dots in an astronaut helmet, legs together"
004261.png,"Wooden door, light brown, single recessed panel with handle on the right outer frame"
004262.png,"Wooden door, light brown, two recessed rectangular panels with handle on the right edge"
004263.png,"Wooden door, light brown, single recessed panel with latch on the right inner border"
004264.png,"Wooden door, light brown, single recessed panel with latch on the left inner border"
004265.png,"Wooden door, light brown, two recessed panels with latch on the left inner border"
004266.png,"Wooden door, light brown, single recessed panel with handle on the left outer edge"
004267.png,"Wooden door, light brown, two recessed panels with handle on the left outer edge"
004268.png,"Stone staircase, grey, descending diagonally from upper right to lower left"
004269.png,"Stone staircase, grey, descending from upper right with patches of green moss"
004270.png,"Stone staircase, grey, descending from upper right, heavily overgrown with bright green moss"
004271.png,"Stone wall tile, smooth bluish-grey surface with a dark vertical strip on the left"
004272.png,"Stone wall tile, smooth bluish-grey surface with a dark vertical strip on the right"
004273.png,"Stone wall tile, smooth bluish-grey surface with dark vertical strips on both sides"
004274.png,"Stone wall tile, grey, framed by brown wooden beams along top and left edges"
004275.png,"Stone wall tile, grey, with a horizontal brown wooden beam across the top"
004276.png,"Stone wall tile, grey, with a brown wooden T-shaped support column and corner braces"
004277.png,"Stone wall tile, grey, framed by brown wooden beams along top and right edges"
004278.png,"Stone wall tile, grey, with a pale horizontal stripe, dark top and bottom borders"
004279.png,"Stone wall tile, grey, with a pale horizontal stripe, dark top and left borders"
004280.png,"Stone wall tile, grey, with a pale horizontal stripe and dark segmented top border"
004241.png,"Stone pillar segment, vertical grey rock with a stepped right edge and dark outline"
004242.png,"Stone pillar segment, vertical grey rock with green moss along the left edge"
004243.png,"Archway corner, curved top-left brown wooden segment with concentric rounded bands"
004244.png,"Wall panel, horizontal brown wooden block with a recessed rectangular center"
004245.png,"Wall panel, horizontal brown wooden beam with an inset rectangle"
004246.png,"Archway corner, curved top-right brown wooden segment with concentric rounded bands"
004247.png,"Rock pillar, vertical brown formation with a widened asymmetrical base"
004248.png,"Rock pillar, vertical brown formation with patches of green moss"
004249.png,"Rock pillar, vertical grey stone with a widened asymmetrical base"
004250.png,"Rock pillar, vertical grey stone with green moss patches on both sides"
004251.png,"Stone wall tile, square grey slab with dark vertical borders"
004252.png,"Stone wall tile, grey block with a stepped top edge"
004253.png,"Stone wall tile, grey square flanked by dark vertical stripes"
004254.png,"Stone floor tile, grey square slab with shaded inner borders"
004255.png,"Stone floor tile, grey square slab with corner accent dots"
004256.png,"Stone wall tile, grey square slab with dark right border"
004257.png,"Stone wall tile, grey block with a stepped top cutout"
004258.png,"Rock slope, stepped grey stone mound ascending to the right"
004259.png,"Rock slope, stepped grey stone mound descending to the right"
004260.png,"Wooden door, brown rectangular frame with inner panel and right-side handle"
004281.png,"Stone tile, a grey square block with a light horizontal groove along the top"
004282.png,"Stone tile, a grey square block with a horizontal groove and top notch"
004283.png,"Squirrel, a pale brown woodland rodent facing right with an upright bushy tail"
004284.png,"Bamboo stalk, a vertical green segmented cane with small stubs extending sideways"
004285.png,"Wooden log, a brown vertical tree trunk segment with ridges and branch stubs"
004286.png,"Damaged stone tile, a grey square featuring a dark impact hole with cracks"
004287.png,"Cracked stone tile, a grey square surface marked with small central branching fissures"
004288.png,"Cracked stone tile, a grey square featuring a vertical zigzag fissure through center"
004289.png,"Cracked stone tile, a grey square fractured with numerous intersecting dark grey cracks"
004290.png,"Damaged stone tile, a grey square showing a dark central hole with fractures"
004291.png,"Stone wall tile, a grey masonry block with vertical and horizontal seam lines"
004292.png,"Stone wall tile, a grey block with a horizontal groove and left seam"
004293.png,"Stone wall tile, a grey block with a vertical pillar band down center"
004294.png,"Stone wall tile, a grey block with a horizontal groove and right seam"
004295.png,"Stone wall tile, a grey block with a horizontal seam and subtle shading"
004296.png,"Mine entrance tile, dark grey rock cavity with a brown wooden beam on left"
004297.png,"Mine entrance tile, a dark grey cavern wall with a brown wooden pillar left"
004298.png,"Mine entrance tile, a dark grey cavern wall with a brown wooden pillar right"
004299.png,"Mine entrance tile, dark grey rock cavity with a brown wooden beam on right"
004300.png,"Mine tunnel tile, a low dark grey cavity with a brown wooden post left"
004301.png,"Wall opening, dark grey with a brown wooden post on the left"
004302.png,"Wall opening, dark grey with a brown wooden post on the right"
004303.png,"Wall opening, dark grey with a stepped top and wooden right post"
004304.png,"Hanging plant, consisting of three green vertical stalks with small side shoots"
004305.png,"Wooden hanging planks, three vertical brown boards with small protruding side pegs"
004306.png,"Stone wall block, light grey with a dark left border and stepped bottom"
004307.png,"Stone wall block, light grey with subtle texture and a stepped bottom edge"
004308.png,"Stone wall block, light grey with a dark right border and stepped bottom"
004309.png,"Stone wall block, light grey with dark borders along both vertical edges"
004310.png,"Stone wall block, light grey with a vertical brown wooden post on left"
004311.png,"Stone wall block, light grey with a vertical brown wooden beam through center"
004312.png,"Stone wall block, light grey with a vertical brown wooden post on right"
004313.png,"Stone wall tile, light grey with a horizontal stripe and top border"
004314.png,"Stone wall tile, light grey with faint surface cracks and horizontal stripe"
004315.png,"Stone wall tile, light grey with intersecting horizontal and vertical light bands"
004316.png,"Damaged stone wall, light grey with a large V-shaped gap along top"
004317.png,"Stone wall tile, light grey with a horizontal band meeting right edge"
004318.png,"Dark doorway tile, charcoal grey with a brown wooden beam on the left"
004319.png,"Dark doorway tile, charcoal grey with a pale grey column on the left"
004320.png,"Dark doorway tile, charcoal grey with a pale grey column on the right"
004321.png,Doorway with dark grey interior and brown wooden door opened on the right
004322.png,Stone archway left side made of grey blocks framing a dark interior opening
004323.png,Stone archway right side made of grey blocks framing a dark interior opening
004324.png,Stone column capital in light grey with a wide rectangular flared top
004325.png,Stone pillar capital in light grey with rounded top corners and vertical shaft
004326.png,Stone pillar capital in light grey tapering downward into a narrower shaft
004327.png,Stone column shaft segment in light grey with pale vertical marble streaks
004328.png,Brown stepped terrain block with raised left section and darker right border
004329.png,"Brown stepped terrain block with raised left edge, inner shadow, and lighter base"
004330.png,Brown stepped terrain block with raised top-left section and two-toned lighter base
004331.png,"Brown stepped terrain block with raised left edge, inner border, and lighter bottom"
004332.png,Brown stepped terrain block with raised left section and dark bottom-right notch
004333.png,Brown stepped terrain block with raised left section and dark bottom-left notch
004334.png,Brown square floor tile with dark brown corner notches on the right side
004335.png,Brown square floor tile with dark brown corner notches and lighter bottom strip
004336.png,Brown wall tile with dark brown border on the top and left edges
004337.png,Brown square tile with dark brown top and left borders and faint speckles
004338.png,Brown square tile with dark brown top border and faint lighter speckles
004339.png,Brown square tile with dark brown border on top and right edges
004340.png,Brown square tile with dark brown top and right borders and faint speckles
004341.png,"Wooden counter section, brown timber with dark border and lower rectangular recessed panel"
004342.png,"Wooden counter corner, brown rounded top-left edge with curved grey metal handrail"
004343.png,"Wooden counter corner, brown timber framed by grey metal railing on top and left"
004344.png,"Wooden counter corner, brown timber framed by grey metal railing on top and right"
004345.png,"Wooden counter corner, brown rounded top-right edge with curved grey metal handrail"
004346.png,"Wooden counter block, brown panel featuring dark brown framing and horizontal bevelled trim"
004347.png,"Escalator portal, pale blue-grey interior enclosed by a dark grey three-sided metal frame"
004348.png,"Wooden counter segment, brown wood with dark border and two horizontal recessed panels"
004349.png,"Wooden counter corner, low brown timber with rounded top-left edge and curved grey railing"
004350.png,"Wooden counter corner, low brown timber with square top-left edge and grey metal railing"
004351.png,"Wooden counter corner, low brown timber with square top-right edge and grey metal railing"
004352.png,"Wooden counter corner, low brown timber with rounded top-right edge and curved grey railing"
004353.png,"Escalator ramp, pale blue-grey surface flaring outward between dark grey side borders"
004354.png,"Escalator base, pale blue-grey central ramp with flared dark grey sides and bottom border"
004355.png,"Escalator entrance, pale blue-grey ramp flanked by dark grey metal borders and wide base"
004356.png,"Vertical escalator track, pale blue-grey central strip bordered by dark grey vertical edges"
004357.png,"Wooden floor tile, light brown wood planks flanked by darker brown side edges"
004358.png,"Wooden desk section, brown wooden surface with an offset stepped top edge and shadow"
004359.png,"Wooden floor tile, square brown surface with darker brown triangular corner accents"
004360.png,"Wooden floor tile, medium brown central wood flanked by dark brown vertical borders"
004381.png,Brown wooden beam forming an L-shaped top-right corner with a diagonal support bracket
004382.png,Brown square wall tile with subtle textured spots and a dark brown left border
004383.png,Plain brown square wall tile textured with faint darker square speckles
004384.png,Brown square wall tile with faint speckles and a dark brown right border
004385.png,Brown wall tile flanked by dark brown vertical borders on both sides
004386.png,Brown wall tile framed by dark wooden beams and brace at top-left corner
004387.png,Brown square wall tile with a horizontal dark brown wooden beam along the top
004388.png,Brown wall tile featuring a central vertical wooden post with diagonal top braces
004389.png,Brown wall tile framed by dark wooden beams and brace at top-right corner
004390.png,"Brown wall tile with horizontal wooden borders on top and bottom, notched top edge"
004391.png,"Brown wall tile with dark wooden borders on top, bottom, and left edges"
004392.png,Brown square wall tile with horizontal dark brown wooden borders across top and bottom
004393.png,"Brown wall tile with dark wooden borders along top, bottom, and right edges"
004394.png,"Brown wall tile with horizontal wooden borders across top and bottom, notched top-right corner"
004395.png,Dark grey wall section with a stepped upper edge and light grey column on left
004396.png,Dark grey square wall tile flanked by a light grey vertical column on left
004397.png,Dark grey square wall tile flanked by a light grey vertical column on right
004398.png,Dark grey wall section with a stepped upper edge and light grey column on right
004399.png,Short dark grey wall segment with stepped top edge and light grey column on left
004400.png,Short dark grey wall segment with flat top and light grey vertical column on left
004361.png,"Wooden wall tile, square brown surface with darker left and top shaded borders"
004362.png,"Wooden wall tile, square brown surface with darker bottom and right inner borders"
004363.png,"Wooden wall tile, square brown surface with corner shading and a right border stripe"
004364.png,"Wooden wall tile, brown block with a stepped notch along the top edge"
004365.png,"Earthen ramp, brown dirt slope rising from bottom-left to top-right with stepped edge"
004366.png,"Earthen ramp, brown dirt slope descending from top-left to bottom-right with stepped edge"
004367.png,"Wooden door section, brown with two panels, right handle, and left-bottom gray frame"
004368.png,"Wooden door section, brown with single panel, right handle, and left-bottom gray frame"
004369.png,"Wooden door section, brown with two panels, low right handle, and left-bottom gray frame"
004370.png,"Wooden door section, brown with single panel, low right handle, left-bottom gray frame"
004061.png,"Ground tile with dark border on top and sides, green grass, and brown dirt"
004062.png,"Ground tile with dark top-left corner border, green grass, and brown dirt base"
004063.png,"Ground tile with dark top border, layered green grass, and speckled brown dirt"
004064.png,"Ground tile with dark top-right corner border, green grass, and brown dirt base"
004065.png,Dirt block in light brown with small specks and dark green top-right corner
004066.png,Dirt block in light brown with small specks and dark green top-left corner
004067.png,"Brown square block with dark border, lighter top rim, and diagonal textured band"
004068.png,"Golden lock block with dark outline, four corner studs, and central brown keyhole"
004069.png,"Brown square block with dark border, lighter top rim, and four corner rivets"
004070.png,"Brown mystery block with dark border, corner dots, and faint central question mark"
004071.png,"Brown square block with dark border, corner dots, and central circular ring"
004072.png,Tree trunk segment in light tan wood with dark brown textured bark edges
004073.png,Water surface tile with dark scalloped crests and bright cyan blue body below
004074.png,"Water waterfall tile framed by dark top and side borders, showing vertical flow"
004075.png,"Water pool tile framed by dark top and side borders, with submerged bubbles"
004076.png,Foliage bush tile with dark green rounded outline and bright green leaf highlights
004077.png,"Foliage tile with dark left border, rounded corner, and bright green leaf highlights"
004078.png,Solid green foliage tile filled uniformly with smooth medium green color
004079.png,Foliage tile with dark right border and bright green leaf specks at bottom
004080.png,"Golden key with dark outline, rectangular handle with hole, and two downward teeth"
004441.png,"Metal wall tile, light grey steel with recessed rectangular panel and bevelled border"
004442.png,"Metal wall tile, light grey with horizontal dividing groove and rectangular recessed panels"
004443.png,"Metal wall tile, light grey steel featuring a recessed rectangular panel and rivets"
004444.png,"Metal wall tile, light grey panel with inner rectangular bevel and grey borders"
004445.png,"Metal wall tile, light grey steel with horizontal panel dividers and corner rivets"
004446.png,"Metal wall tile, light grey steel with recessed inner rectangle and left tab"
004447.png,"Metal wall tile, light grey panel with horizontal grooves and small edge latch"
004448.png,"Pool corner tile, top-left grey border enclosing textured light blue water"
004449.png,"Pool edge tile, grey top border along clear textured light blue water"
004450.png,"Pool corner tile, top-right grey border surrounding textured light blue water"
004451.png,"Water tile, turquoise pool water with bubbles and grey bottom-right border corner"
004452.png,"Water tile, turquoise pool water with bubbles and grey bottom-left border corner"
004453.png,"Pool corner tile, top-left grey border enclosing murky teal water"
004454.png,"Pool edge tile, grey top border along murky green-blue water"
004455.png,"Pool corner tile, top-right grey border surrounding murky green-blue water"
004456.png,"Water tile, green-blue water with ripple textures and grey bottom-right border corner"
004457.png,"Water tile, green-blue water with ripple textures and grey bottom-left border corner"
004458.png,"Stone ore block, light grey rock embedded with dark grey coal or iron flecks"
004459.png,"Mineral ore block, grey stone embedded with horizontal silvery white crystals or veins"
004460.png,"Dirt ore block, brown earth embedded with dark grey coal or stone flecks"
004421.png,"Arch corner of grey metal, curving along the top-left with inner panels"
004422.png,Wall segment of grey metal with a dark top edge and recessed panel
004423.png,Wall segment of grey metal with dark top and right edges and panel
004424.png,"Arch corner of grey metal, curving along the top-right with inner panels"
004425.png,Fence of grey metal with five vertical bars and two horizontal crossbars
004426.png,Pipe junction of grey metal with two vertical pipes and horizontal branch
004427.png,Wooden beam resting on a pale vertical post with a diagonal support
004428.png,Wall block of brown stone with subtle mottling and stepped bottom edge
004429.png,Wall block of brown stone with faint mottling and stepped bottom edge
004430.png,Wall block of brown stone with dark right border and stepped bottom
004431.png,Wall block of brown stone with dark side borders and stepped bottom
004432.png,Wall block of brown stone with a vertical fold on the left
004433.png,Wall block of brown stone with a central vertical crease and stepped bottom
004434.png,Wall block of brown stone with a vertical fold on the right
004435.png,Wall block of brown stone with a dark top border and highlights
004436.png,Wall block of brown stone with horizontal borders and dark cracked fissures
004437.png,Wall block of brown stone with horizontal borders and a central column
004438.png,Wall block of brown stone with a deep V-shaped jagged top cutout
004439.png,Wall block of brown stone with horizontal borders and right vertical line
004440.png,Door of grey metal with a recessed rectangular panel and right-side latch
004481.png,"Stone ground tile, light grey square textured with scattered brown and tan specks"
004482.png,"Dirt ground tile, brown surface with a cluster of glowing cream-yellow mineral flecks"
004483.png,"Dirt ground tile, solid brown square lightly textured with subtle tan specks"
004484.png,"Road tile, dark asphalt surface bordered on the left by a light grey curb"
004485.png,"Road tile, dark asphalt surface bordered on the right by a light grey curb"
004486.png,"Pedestrian crosswalk tile, alternating grey and dark stripes with a sidewalk on the left"
004487.png,"Pedestrian crosswalk tile, vertical alternating stripes of dark grey asphalt and light grey paint"
004488.png,"Pedestrian crosswalk tile, alternating grey and dark stripes with a sidewalk on the right"
004489.png,"Road tile, dark grey asphalt bordered on the left by brown soil and sidewalk"
004490.png,"Road tile, dark grey asphalt bordered on the right by brown soil and sidewalk"
004491.png,"Swimming pool tile, light blue water with a bottom-left grey tiled corner border"
004492.png,"Swimming pool tile, light blue water bordered at the bottom by a grey rim"
004493.png,"Swimming pool tile, light blue water with a bottom-right grey tiled corner border"
004494.png,"Swimming pool tile, light blue water with a grey rim at bottom-right inner corner"
004495.png,"Swimming pool tile, light blue water with a grey rim at bottom-left inner corner"
004496.png,"Teal water pool tile, turquoise surface with a bottom-left grey tiled corner border"
004497.png,"Teal water pool tile, turquoise surface bordered at the bottom by a grey rim"
004498.png,"Teal water pool tile, turquoise surface with a bottom-right grey tiled corner border"
004499.png,"Teal water pool tile, turquoise surface with a grey rim at bottom-right inner corner"
004500.png,"Teal water pool tile, turquoise surface with a grey rim at bottom-left inner corner"
004501.png,"Gemstone ore tile, light grey stone embedded with clusters of purple crystal fragments"
004502.png,"Gold ore tile, light grey stone embedded with clusters of bright yellow nuggets"
004503.png,"Gemstone ore tile, brown dirt surface embedded with scattered purple crystal pieces"
004504.png,"Gold ore tile, brown dirt surface embedded with clusters of yellow mineral nuggets"
004505.png,"Dirt ground tile, flat brown soil surface with faint darker rectangular patches"
004506.png,"Dirt ground tile, brown soil textured with scattered darker square earth specks"
004507.png,"Dirt ground tile, brown earth surface with a few subtle darker rectangular patches"
004508.png,"Dirt ground tile, brown soil textured with stacked darker rectangular dirt markings"
004509.png,"Dirt ground tile, brown earth with subtle horizontal and vertical darker soil markings"
004510.png,"Wall tile, dark grey surface with a segmented light grey stone left border"
004511.png,"Wall tile, dark grey surface with a segmented light grey stone right border"
004512.png,"Wall tile, vertical alternating grey stone stripes with segmented light grey left border"
004513.png,"Wall tile, alternating vertical stripes of dark grey and light grey stone"
004514.png,"Wall tile, vertical grey stone stripes flanked by segmented light grey borders"
004515.png,"Wooden door tile, vertical brown timber door with latch beside dark grey wall"
004516.png,"Wooden door tile, dark grey wall meeting vertical brown timber door with latch"
004517.png,"Pool water tile, light cyan water bordered by grey tiles along bottom and left"
004518.png,"Pool water tile, light cyan water bordered by a grey tiled bottom edge"
004519.png,"Pool water tile, light cyan water bordered by grey tiles along bottom and right"
004520.png,"Pool water tile, light cyan water with a grey tiled top-right corner"
004461.png,"Dirt block, brown with horizontal pale grey mineral streaks and specks"
004462.png,"Stone archway section, curved grey masonry forming an upper-left tunnel entrance"
004463.png,"Stone tunnel lintel, straight horizontal grey masonry above a dark opening"
004464.png,"Stone archway section, curved grey masonry forming an upper-right tunnel entrance"
004465.png,"Gated stone archway, curved grey masonry with vertical steel bars on left"
004466.png,"Gated tunnel entrance, horizontal grey stone beam above vertical steel bars"
004467.png,"Gated stone archway, curved grey masonry with vertical steel bars on right"
004468.png,"Tunnel archway corner, grey stone masonry with a brown wooden post on left"
004469.png,"Tunnel archway corner, grey stone masonry with a brown wooden post on right"
004470.png,"Water canal edge, light blue water bordered by a grey vertical wall on left"
004471.png,"Water surface, light blue pool tile with subtle ripples and pale flecks"
004472.png,"Water canal edge, light blue water bordered by a grey vertical wall on right"
004473.png,"Water pool corner, light blue surface with a grey stone upper-right edge"
004474.png,"Water pool corner, light blue surface with a grey stone upper-left edge"
004475.png,"Water canal edge, teal-green water bordered by a grey vertical wall on left"
004476.png,"Water surface, teal-green pool tile with subtle ripples and pale flecks"
004477.png,"Water canal edge, teal-green water bordered by a grey vertical wall on right"
004478.png,"Water pool corner, teal-green surface with a grey stone upper-right edge"
004479.png,"Water pool corner, teal-green surface with a grey stone upper-left edge"
004480.png,"Stone ore block, grey rock embedded with pale yellow square mineral crystals"
004401.png,Dark grey rectangular block with light grey vertical trim along the right side
004402.png,Dark grey rectangular block with an indented top-right corner beside a grey pillar
004403.png,Brown wooden beam with coiled off-white ropes hanging in a loop underneath
004404.png,Brown dirt ground tile with a dark central pit and light cracked lines
004405.png,"Brown dirt ground tile with jagged, light tan fracture lines across the center"
004406.png,Brown dirt ground tile displaying a vertical branching crack through the middle
004407.png,Brown cracked dirt tile covered with an extensive network of jagged fissure lines
004408.png,Brown dirt ground tile featuring an irregular black pit near the center
004409.png,"Brown dirt ground tile with faint, light tan branching cracks in the middle"
004410.png,Brown dirt ground tile featuring a vertical jagged crack running through the center
004411.png,Brown dirt ground tile covered with diagonal web-like cracked fissure lines
004412.png,Brown wooden wall tile with darker brown borders on the top and left
004413.png,Brown wooden wall tile featuring a thick vertical column on the left side
004414.png,Brown wooden wall tile with a dark top border and central vertical beam
004415.png,Brown wooden wall tile with dark brown borders along the top and right
004416.png,Brown wooden wall tile featuring a thick vertical column on the right side
004417.png,Grey metallic wall tile featuring a curved upper-left corner with rivets along the edge
004418.png,Grey metallic wall tile with a rectangular recessed panel and rivets on the left
004419.png,Grey metallic wall tile with a rectangular recessed panel and rivets on the right
004420.png,Grey metallic wall tile featuring a curved upper-right corner with rivets along the edge
004121.png,"Ground tile, dark border on top, bottom, and left, showing sky over brown soil"
004122.png,"Ground tile, dark border on top and bottom, showing sky over brown soil"
004123.png,"Ground tile, dark border on top, bottom, and right, showing sky over brown soil"
004124.png,"Wooden signpost, brown rectangular plaque with faint left arrow on a vertical post"
004125.png,"Wooden signpost, brown rectangular plaque with faint right arrow on a vertical post"
004126.png,"Wooden signpost, blank brown rectangular plaque mounted on a short vertical post"
004127.png,"Wooden directional sign, brown left-pointing arrow plaque mounted on a vertical post"
004128.png,"Wooden directional sign, brown right-pointing arrow plaque mounted on a vertical post"
004129.png,"Blue pipe entrance, vertical blue tube with dark outlines and highlighted top rim"
004130.png,"Tree trunk segment, vertical brown bark with two green leafy bush clusters attached"
004131.png,"Tree crown, green square foliage with a brown branching trunk base at the bottom"
004132.png,"Foliage cluster, rounded green leaf clump connected to a dark brown wood piece"
004133.png,"Tree branch segment, horizontal brown wood with two rounded green leafy clumps attached"
004134.png,"Blue pipe corner, curved top-left bend of a blue tube with dark grey outline"
004135.png,"Blue pipe corner, curved top-right bend of a blue tube with dark grey outline"
004136.png,"Horizontal wooden beam, brown bar attached to a flared dark grey bracket on left"
004137.png,"Horizontal wooden beam, brown bar attached to a flared dark grey bracket on right"
004138.png,"Ground tile, dark border on left, top, and right, showing sky over brown soil"
004139.png,"Ground tile, dark border on top and left, showing sky over brown soil"
004140.png,"Ground tile, dark border on top only, showing sky over brown soil"
004541.png,"Metal hatch segment, curved upper-left corner with concentric gray bands and rivet details"
004542.png,"Metal hatch segment, straight top-center section with vertical seams in shades of gray"
004543.png,"Metal hatch segment, curved upper-right corner with concentric gray bands and rivet details"
004544.png,"Cyan cracked block, featuring an L-shaped gray metal border on the left side"
004545.png,"Cyan cracked block, featuring faint vertical fissure lines and a notched left edge"
004546.png,"Cyan cracked block, showing a seamless surface with faint vertical and horizontal fissures"
004547.png,"Cyan cracked block, featuring faint vertical fissure lines and a notched right edge"
004548.png,"Cyan cracked block, featuring an L-shaped gray metal border on the right side"
004549.png,"Teal cracked block, featuring an L-shaped gray metal border on the left side"
004550.png,"Teal cracked block, featuring faint vertical fissure lines and a notched left edge"
004551.png,"Teal cracked block, showing a seamless surface with faint vertical and horizontal fissures"
004552.png,"Teal cracked block, featuring faint vertical fissure lines and a notched right edge"
004553.png,"Teal cracked block, featuring an L-shaped gray metal border on the right side"
004554.png,"Pickaxe buried in gray stone, with a brown wooden handle and iron head"
004555.png,"Fossil bones buried in brown dirt, displaying two light cream animal limb bones"
004556.png,"Pickaxe buried in brown dirt, with a brown wooden handle and iron head"
004557.png,"Sandstone square block, pale beige and tan surface with faint square flecks"
004558.png,"Sandstone square block, pale tan surface with lighter top border and square flecks"
004559.png,"Sandstone square block, muted beige surface with light and dark square flecks"
004560.png,"Sandstone square block, muted beige surface with a lighter top-right corner fleck"
004521.png,"Water tile, light blue with bubbles and a pale corner edge at upper left"
004522.png,"Water pool tile, turquoise surface with grey borders along left and bottom edges"
004523.png,"Water pool tile, turquoise surface with light grey border along the bottom edge"
004524.png,"Water pool tile, turquoise surface with grey borders along right and bottom edges"
004525.png,"Water pool tile, turquoise surface with a pale corner border at top right"
004526.png,"Water pool tile, turquoise surface with a pale corner border at top left"
004527.png,"Stone floor tile, light grey surface speckled with a cluster of orange crystals"
004528.png,"Stone floor tile, light grey surface speckled with a cluster of green crystals"
004529.png,"Dirt floor tile, brown surface speckled with a cluster of bright orange crystals"
004530.png,"Dirt floor tile, brown surface speckled with a cluster of bright green crystals"
004531.png,"Dirt ground tile, plain brown square divided faintly into four equal quadrants"
004532.png,"Ground floor tile, brown surface patterned with a four-by-four grid of alternating shades"
004533.png,"Dirt ground tile, light brown square featuring subtle, slightly darker small square specks"
004534.png,"Dirt floor tile, textured brown surface with faint grid pattern and scattered specks"
004535.png,"Wooden floor tile, brown surface divided into four square panels with inner borders"
004536.png,"Wall section, dark grey surface flanked by vertical grey stone molding on left"
004537.png,"Wall section, dark grey surface flanked by vertical grey stone molding on right"
004538.png,"Platform edge tile, curved grey stone border along upper-left with brown wooden interior"
004539.png,"Platform edge tile, straight horizontal grey stone ledge above brown wooden wall panels"
004540.png,"Platform edge tile, curved grey stone border along upper-right with brown wooden interior"
004561.png,"Sandstone floor tile, beige square stone with subtle tan rectangular markings"
004562.png,"Wooden wall tile, brown wood panels with a grey stone border along left"
004563.png,"Wooden wall tile, square brown surface partitioned into four recessed rectangular panels"
004564.png,"Wooden wall tile, brown wood panels with a grey stone border along right"
004565.png,"Stone wall tile, light grey surface with a darker segmented border along left"
004566.png,"Stone wall tile, light grey surface with a darker segmented border along right"
004567.png,"Open doorway tile, dark grey interior framed by a vertical grey stone doorframe"
004568.png,"Open doorway tile, dark grey interior with a vertical grey stone frame right"
004569.png,"Stone axe, angled diagonally with a grey blade and brown wooden handle"
004570.png,"Flowing water tile, light blue stream with an uneven wavy left edge"
004571.png,"Flowing water tile, square light blue surface with vertical light streaks"
004572.png,"Flowing water tile, light blue stream with an uneven wavy right edge"
004573.png,"Flowing water tile, light blue surface with a grey stone in center"
004574.png,"Flowing water tile, vertical light blue stream with wavy edges both sides"
004575.png,"Greenish water tile, seafoam flowing liquid with a wavy left boundary"
004576.png,"Greenish water tile, square seafoam surface with light vertical flowing streaks"
004577.png,"Greenish water tile, seafoam flowing liquid with a wavy right boundary"
004578.png,"Greenish water tile, seafoam surface containing a smooth grey stone centered"
004579.png,"Greenish water tile, vertical seafoam stream with wavy jagged borders both sides"
004580.png,"Wooden cross, intersecting brown timber beams with shaded edges forming four arms"
004601.png,Waterfall left edge with pale turquoise flowing water and an uneven left boundary
004602.png,Waterfall center section with vertical streaks of pale turquoise flowing water and bubbles
004603.png,Waterfall right edge with pale turquoise flowing water and an uneven right boundary
004604.png,Waterfall section with two rounded grey stones submerged in flowing pale turquoise water
004605.png,Waterfall stream with pale turquoise flowing water and uneven jagged sides on both flanks
004606.png,Wooden support pillar with brown vertical column and an angled bracket-shaped top capital
004607.png,"Sliding wooden door, brown with vertical handle, half-open beside a dark interior space"
004608.png,"Sliding metal door, light grey with vertical handle, half-open beside a dark interior space"
004609.png,"Double wooden sliding doors, light brown panels parted slightly around a dark vertical gap"
004610.png,"Double metal sliding doors, light grey panels parted slightly around a dark vertical gap"
004611.png,Wooden fence section with brown vertical pickets bound by two horizontal grey rails
004612.png,Wooden fence corner section with brown vertical posts and two horizontal grey rails
004613.png,"Upper doorway corner with grey header beam, dark left interior, and brown right door"
004614.png,"Upper doorway corner with grey header beam, brown left door, and dark right interior"
004615.png,"Upper doorway corner with grey header beam, dark left interior, and grey right door"
004616.png,"Upper doorway corner with grey header beam, grey left door, and dark right interior"
004617.png,"Pile of grey stones, consisting of stacked angular rocks and loose rubble blocks"
004618.png,Water surface tile with rippling light blue texture and subtle circular water highlights
004619.png,Water shoreline tile with rippling light blue surface beneath a lighter pale blue band
004620.png,Water surface tile with pale turquoise rippling waves and scattered light-toned circular highlights
004621.png,"Waterfall, light blue water forming a wide horizontal top and narrow vertical column"
004622.png,"Water tile, square of bright cyan water featuring soft ripples and rising bubbles"
004623.png,"Water tile, square of seafoam green water patterned with soft waves and bubbles"
004624.png,"Water surface tile, seafoam green square displaying a lighter horizontal band and bubbles"
004625.png,"Water tile, square seafoam green fluid with diagonal light wave pattern and bubbles"
004626.png,"Waterfall, seafoam green water forming a wide top section over a vertical stream"
004627.png,"Water tile, seafoam green square featuring curved surface ripples and faint scattered bubbles"
004628.png,"Stone fireplace, short grey rectangular block with an active orange and yellow flame"
004629.png,"Open wooden door, brown paneled section on the right beside a dark doorway"
004630.png,"Open wooden door, brown paneled section on the left beside a dark doorway"
004631.png,"Open wooden door, brown panel with a vertical handle beside a dark interior"
004632.png,"Open metal door, light grey paneled section on the right beside a dark doorway"
004633.png,"Open metal door, light grey paneled section on the left beside a dark doorway"
004634.png,"Open metal door, light grey panel with a handle beside a dark interior"
004635.png,"Double wooden doors, two brown panels parted to reveal a dark open doorway"
004636.png,"Double metal doors, two grey panels parted to reveal a dark open doorway"
004637.png,"Wooden fence, four vertical brown posts joined by two horizontal grey metal rails"
004638.png,"Wooden fence, two vertical brown posts connected by two horizontal grey metal rails"
004639.png,"Stone fireplace, tall grey rectangular block holding a burning orange and yellow flame"
004640.png,"Stone fireplace, tall grey rectangular block with an empty, dark unlit hearth opening"
004581.png,Cross-shaped wooden beam with four brown arms and woven beige center pattern
004582.png,Square floor tile divided into four subtle beige quadrants with slight color variation
004584.png,Light beige square stone tile with faint darker square speckles across surface
004585.png,Square sand-colored stone tile with scattered faint square speckles on its surface
004586.png,Square beige wall panel divided into four smaller recessed square tiles
004587.png,Brown wooden wall panel with a gray vertical stone pillar on the left
004588.png,Brown wooden double cabinet with two paneled doors and vertical wooden handles
004589.png,Brown wooden wall panel with a gray vertical stone border on the right
004590.png,Light gray stone wall block bordered by a segmented column on the left
004591.png,Light gray stone wall block bordered by a segmented column on the right
004592.png,Open dark doorway framed by brown wooden side walls and gray stone ceiling
004593.png,Open dark doorway framed by light gray stone block walls and upper lintel
004594.png,Oval beige egg with a dark brown outline and subtle vertical shading
004595.png,Mining hammer with a gray stone head and angled brown wooden handle
004596.png,Flowing light blue water stream with straight right edge and jagged left edge
004597.png,Square light cyan water tile with vertical falling streaks and tiny pale bubbles
004598.png,Flowing light blue water stream with straight left edge and jagged right edge
004599.png,Flowing light blue water tile containing two smooth gray rounded stepping stones
004600.png,Vertical flowing light cyan water stream with jagged edges on both sides
004641.png,"Helmet, grey iron with an orange plume and a semi-transparent white visor"
004642.png,"Helmet, grey iron with a green plume and a semi-transparent white visor"
004643.png,"Helmet, pale gold with an orange plume and a semi-transparent white visor"
004644.png,"Helmet, pale gold with a green plume and a semi-transparent white visor"
004645.png,"Long brown hair, parted at the top with strands framing the face"
004646.png,"Long orange hair, parted at the top with strands framing the face"
004647.png,"Humanoid character base, beige skin with two dark square eyes"
004648.png,"Humanoid character base, beige skin with dark eyes and a nose dot"
004649.png,Orange short-sleeved shirt with a brown leather belt around the waist
004650.png,Orange short-sleeved shirt with an open V-neck collar
004651.png,Orange short-sleeved shirt layered under brown overalls with shoulder straps
004652.png,Teal short-sleeved shirt with a brown leather belt around the waist
004701.png,Blonde wig forming a curved arch with strands hanging down on both sides
004702.png,"Winged headband with grey curved wings, brown tips, and a tan horizontal band"
004703.png,"Winged headband with grey curved wings, white tips, and a tan horizontal band"
004704.png,"Winged headband with grey curved wings, purple tips, and a tan horizontal band"
004705.png,"Brown animal hood with pointed cat ears, white tips, and hanging side flaps"
004706.png,"Light grey animal hood with pointed ears, white tips, and hanging side flaps"
004707.png,"Pale purple animal hood with pointed ears, white tips, and hanging side flaps"
004708.png,"Brown animal cowl featuring rounded ears, white speck markings, and hanging side flaps"
004709.png,Brown animal cowl featuring rounded ears and a horizontal tan forehead band
004710.png,"Light grey animal cowl featuring rounded ears, white markings, and hanging side flaps"
004711.png,Light grey animal cowl featuring rounded ears and a horizontal tan forehead band
004712.png,"Pale purple animal cowl featuring rounded ears, white markings, and hanging side flaps"
004713.png,Pale purple animal cowl featuring rounded ears and a horizontal tan forehead band
004714.png,Round wooden shield with a pale yellow face and light brown outer rim
004715.png,Round buckler shield with a pale yellow center and a thick grey rim
004716.png,Round shield divided into green and reddish-orange quadrants with a white center hole
004717.png,Round shield with quartered green and reddish-orange segments enclosed by a grey rim
004718.png,Square shield featuring a pale yellow central field and a brownish-gold outer border
004719.png,Square shield with a pale yellow face framed by a notched grey metal border
004720.png,Square shield quartered into green and reddish-brown checkered sections without any border
004681.png,"Spool, a light grey reel holding wound brown thread in the center"
004682.png,"Square shield, a flat light grey metal plate with a dark grey border"
004683.png,"Spool, a brown wooden reel wound with light grey thread in the center"
004684.png,"Mud monster, a brown blocky humanoid creature with dark eyes and stubby limbs"
004685.png,"Clay golem, a brown blocky humanoid figure with dark eyes and an orange nose"
004686.png,"Tunic, an orange short-sleeved garment featuring a thin brown belt across the waist"
004687.png,"Tunic, a teal short-sleeved shirt with a brown horizontal belt across the middle"
004688.png,"Tunic, a light purple short-sleeved shirt with a brown belt across the waist"
004689.png,"Kite shield, a brown wooden pointed body framed by a darker brown rim"
004690.png,"Kite shield, a light grey metal pointed body with a dark grey rim"
004691.png,"Mantle, an orange cloth shoulder cloak with an upt"
004661.png,Gold ring with a circular band and a square purple gemstone on top
004662.png,Rope segment of braided brown fibers curving right at the upper end
004663.png,Rope segment of braided brown fibers curving left at the upper end
004664.png,Rope piece of braided brown fibers bent into an inverted U-shaped arch
004665.png,Rope segment of braided orange fibers curving right at the upper end
004666.png,Rope segment of braided orange fibers curving left at the upper end
004667.png,Rope piece of braided orange fibers bent into an inverted U-shaped arch
004668.png,Hoe with a vertical brown wooden handle and a horizontal grey metal blade
004669.png,Clay golem depicted as a blocky brown humanoid with two dark eyes
004670.png,Clay golem depicted as a blocky brown humanoid with an orange central face
004671.png,Battleaxe with a brown wooden handle and a notched grey metal head
004672.png,Hatchet with a vertical brown wooden handle and a broad grey metal blade
004673.png,Round wooden shield in light brown with a white square center boss
004674.png,"Round shield with a brown wooden core, grey metal rim, and white boss"
004675.png,Round metal shield with light grey shading and a white square center
004676.png,Round shield with a dark brown outer rim and a white circular core
004677.png,Hand plane tool with a diagonal wooden handle and an orange rectangular base
004678.png,Hand plane tool with a diagonal wooden handle and a teal rectangular base
004679.png,Hand plane tool with a diagonal wooden handle and a purple rectangular base
004680.png,Square shield made of brown wood with a darker brown raised outer border
004761.png,Dark grey winged helmet or cap featuring a horizontal brown leather strap
004762.png,"Round wooden shield quartered in tan and white, featuring a dark central boss"
004763.png,Round wooden shield quartered in tan and white with a grey metal rim
004764.png,"Round shield quartered in teal and brown, featuring a white central square boss"
004765.png,Round shield quartered in teal and tan with a white center and grey rim
004766.png,Green flared cloth mantle with two pointed upward wings and a flat bottom
004767.png,Tan flared cloth mantle with two pointed upward wings and a flat bottom
004768.png,Square shield with a grey border enclosing alternating tan and off-white quadrants
004769.png,"Square shield quartered in tan and white, framed by thick grey horizontal bands"
004770.png,Square shield divided into four alternating teal and brown quadrants without a border
004771.png,"Square shield quartered in teal and brown, framed by grey top and bottom bars"
004772.png,Human warrior with dark mohawk hairstyle
004721.png,Square metal frame holding four inner tiles in green and reddish-orange
004722.png,"Woman with blonde braided hair, wearing an orange tunic and brown boots"
004723.png,"Woman with white hair and brown skin, wearing a turquoise blue dress"
004724.png,Blonde hair braid curving horizontally right at the top and hanging downward
004725.png,Blonde hair braid curving horizontally left at the top and hanging downward
004726.png,Blonde braided hair forming an inverted U-shape with two hanging strands
004727.png,Adze tool with a beige blade pointing right and a brown wooden handle
004728.png,"Adze tool with a grey steel blade, gold collar, and silver handle"
004729.png,"Battleaxe with a curved beige blade, spiked back, and brown wooden handle"
004730.png,"Battleaxe with a curved grey metal blade, spiked back, and silver handle"
004731.png,Chopping axe with a broad beige wedge head and brown wooden handle
004732.png,Chopping axe with a broad grey steel head and silver metal handle
004733.png,Tunic in green with short sleeves and a thin brown horizontal belt
004734.png,Tunic in green with a wide V-neck collar and short flared sleeves
004735.png,Vest in brown leather layered over a bright green short-sleeved shirt
004736.png,Tunic in muted grey-brown with short sleeves and a thin brown belt
004737.png,Tunic in muted grey-brown with a wide V-neck collar and short sleeves
004738.png,Vest in brown leather layered over a grey-brown short-sleeved shirt
004739.png,Tunic in dark charcoal grey with short sleeves and a brown belt
004740.png,Vest in brown leather layered over a dark charcoal short-sleeved shirt
004781.png,Cane outline formed of light grey squares with a hooked top
004782.png,"Arch outline composed of light grey squares, curving over an open base"
004783.png,Sickle with a curved cyan blade and a short brown handle
004784.png,"Stocky human character with tan skin, dark hair, and a brown tunic"
004785.png,Double-bladed battleaxe with large cyan blades and a brown wooden handle
004786.png,Handaxe with a cyan blade facing right and a brown wooden handle
004787.png,Shoulder armor with a tan chest band and green-tipped upward horns
004788.png,Shoulder armor with a tan chest band and white-tipped upward horns
004789.png,Shoulder armor with a tan chest band and black-tipped upward horns
004790.png,Shoulder armor in bright green with flared pointed ends and white highlights
004791.png,Shoulder armor in pale yellow with flared pointed ends and white highlights
004792.png,Shoulder armor in dark grey with flared pointed ends and white highlights
004793.png,Shoulder armor in bright green
004741.png,Kite shield with a pale beige face and a tan outer rim
004742.png,Pointed kite shield divided into four quadrants of bright green and reddish brown
004743.png,Rectangular tower shield with two pointed top corners and pale beige center
004744.png,"Rectangular tower shield with horned top corners, quartered in green and reddish brown"
004745.png,"Shirtless muscular man with ginger hair and beard, wearing brown leather shorts"
004746.png,Bearded dwarf or craftsman wearing a bright turquoise shirt and brown apron
004747.png,Woodworking hand plane with an angled handle atop a bright green base
004748.png,Woodworking hand plane with an angled handle atop a light grey base
004749.png,Woodworking hand plane with an angled handle atop a dark grey base
004750.png,Arched heraldic mantle split into teal on the left and orange on the right
004751.png,Arched heraldic mantle split into light grey on the left and orange on the right
004752.png,Arched heraldic mantle split into purple on the left
004821.png,"Bed with brown wooden headboard on the left, pale sheet, and green blanket"
004822.png,Potted plant with vibrant green leaves in a teal pot with white band
004823.png,"Framed map with beige parchment, faint terrain markings, and a brown wooden frame"
004824.png,Silver candelabra holding three lit cream-colored candles on a branched stand
004825.png,Golden candelabra holding three lit cream-colored candles on a branched stand
004826.png,"Wooden table section, light brown rectangular surface with dark border and left leg"
004827.png,"Wooden table section, light brown rectangular surface with a horizontal lower edge"
004828.png,"Wooden table section, light brown rectangular surface with dark border and right leg"
004829.png,"Wooden table segment, rounded light brown left corner supported by a wooden leg"
004830.png,"Wooden table segment, rounded light brown right corner supported by a wooden leg"
004831.png,"Wooden tabletop tile, light brown rectangular surface with dark vertical side edges"
004832.png,"Wooden table segment, rounded light brown bottom surface supported by two vertical legs"
004833.png,"Bed corner with an orange blanket, cream sheet edge, and brown wooden frame"
004834.png,"Bed section with brown wooden headboard, beige sheet border, and orange blanket"
004835.png,"Bed section with a green blanket, beige sheet border, and brown wooden frame"
004836.png,"Bed section with brown wooden headboard, beige sheet border, and green blanket"
004837.png,"Wooden bridge tile, three horizontal brown planks with a light grey left border"
004838.png,Wooden floor tile composed of three horizontal reddish-brown wooden planks
004839.png,"Wooden bridge tile, three horizontal brown planks with a light grey right border"
004840.png,"Wooden bridge tile, horizontal brown planks enclosed by light grey side borders"
004841.png,"Bed with a brown wooden frame, right-side headboard, orange blanket, and white sheet"
004842.png,"Bed with a brown wooden frame, left-side headboard, orange blanket, and white sheet"
004843.png,Clothesline post made of brown wood on the left with a horizontal cream line
004844.png,Clothesline post made of brown wood on the right with a horizontal cream line
004845.png,Candelabra made of gray metal holding three lit candles with yellow flames
004846.png,Candelabra made of light beige metal holding three lit candles with yellow flames
004847.png,"Wooden nightstand with a light brown top, darker brown border, and two legs"
004848.png,Wooden desk with a wide light-brown surface and two dark brown legs
004849.png,Wooden table with a square light-brown top and two dark brown legs
004850.png,Wooden wash tub with tapered brown sides and two dark brown legs
004851.png,"Bed seen from above with a dark wooden frame, cream pillow, and orange blanket"
004852.png,"Bed seen from above with an orange blanket, cream pillow, and right-side wooden frame"
004853.png,Bed seen from above with an orange blanket between two cream pillow stripes
004854.png,"Bed with a brown wooden frame, right-side headboard, green blanket, and white sheet"
004855.png,"Bed with a brown wooden frame, left-side headboard, green blanket, and white sheet"
004856.png,Clothesline between wooden posts with a green towel hanging from the line
004857.png,Clothesline between wooden posts with two reddish-brown sausages hanging from the line
004858.png,Wooden chair viewed from the front with a square orange seat cushion
004859.png,Wooden chair with a tall left backrest and an orange seat cushion
004860.png,Wooden chair with a tall right backrest and an orange seat cushion
004801.png,Warrior in white armor holding a battleaxe and a blue-and-brown shield
004802.png,Warrior in white plate armor facing forward with a brown helmet cap
004803.png,"Wooden table piece, brown surface with a top edge and left leg"
004804.png,"Wooden table middle section, light brown top with dark brown border edges"
004805.png,"Wooden table piece, light brown top with top border and right leg"
004806.png,"Rounded wooden tabletop section, light brown curved left side with one leg"
004807.png,"Rounded wooden tabletop section, light brown curved right side with one leg"
004808.png,"Wooden tabletop tile, light brown square panel bordered in dark brown"
004809.png,"Wooden arch panel, light brown rounded top with a flat bottom edge"
004810.png,"Round wooden stool, circular brown top resting on two dark brown legs"
004811.png,Houseplant with green leaves growing inside a small teal and white pot
004812.png,"Wooden bridge segment, left edge with grey railing post and orange-brown planks"
004813.png,"Wooden bridge middle section, consisting of three horizontal orange-brown planks"
004814.png,"Wooden bridge segment, right edge with grey railing post and orange-brown planks"
004815.png,"Wooden bridge segment, orange planks flanked by grey railing posts and ropes"
004816.png,"Bed with an orange blanket, cream sheet, and brown wooden right headboard"
004817.png,"Bed with an orange blanket, cream sheet, and brown wooden left headboard"
004818.png,"Bed with an orange blanket, cream pillow, and tall right wooden headboard"
004819.png,"Bed with an orange blanket, cream pillow, and tall left wooden headboard"
004820.png,"Bed with a green blanket, cream pillow, and brown wooden right headboard"
004921.png,"Wooden nightstand with a pull-out drawer, topped with folded orange and white cloth"
004922.png,"Wooden bed frame in side view, showing light brown side rail and right headboard"
004923.png,"Wooden bed frame in side view, showing light brown side rail and left headboard"
004924.png,"Wooden bedside table viewed from the front, with a drawer and two legs"
004925.png,"Wooden chair in side profile, facing right with a tall backrest and seat"
004926.png,"Wooden chair in side profile, facing left with a tall backrest and seat"
004927.png,"Wooden bench with an orange cushioned seat, white trim, and short wooden legs"
004928.png,"Wooden chair viewed from behind, featuring an open backrest slot and sturdy legs"
004929.png,Wooden tabletop section covered by a green cloth runner with a cream stripe
004930.png,Wooden tabletop section covered by a green cloth runner with right cream stripe
004931.png,Wooden tabletop covered by a green runner with two vertical cream accent stripes
004932.png,"Wooden chair viewed from the front, with a backrest cutout and square legs"
004933.png,"Wooden bed with a headboard, beige pillow sheet, and solid orange blanket"
004934.png,"Wooden bed with headboard, orange pillow on beige sheet, and orange blanket"
004935.png,"Wooden bed with a headboard, large orange blanket, and beige lower hem"
004936.png,"Wooden bed with headboard, orange blanket, and folded beige hem showing orange trim"
004937.png,Left section of a wooden bed with corner post and beige mattress
004938.png,Right section of a wooden bed with corner post and beige mattress
004939.png,"Left section of a wooden bed with corner post, orange pillow, and blanket"
004940.png,"Right section of a wooden bed with corner post, orange pillow, and blanket"
004901.png,"Wooden chair in side profile, light brown frame with tall right backrest"
004902.png,"Bed upper section, beige surface with a vertical brown wooden post on the right"
004903.png,"Bed upper section, beige surface with a vertical brown wooden post on the left"
004904.png,"Bed upper section, light brown surface with a vertical wooden post on the right"
004905.png,"Bed upper section, light brown surface with a vertical wooden post on the left"
004906.png,"Wooden armchair facing forward, brown frame, blue upper cushion, and dark grey armrests"
004907.png,"Wooden armchair facing forward, brown frame, tan upper cushion, and dark grey armrests"
004908.png,"Wooden nightstand, brown frame with an orange upper display and lower drawer"
004909.png,"Bed lower section, cream sheet with brown wooden border on bottom and right"
004910.png,"Bed lower section, cream sheet with brown wooden border on bottom and left"
004911.png,"Bed lower section, light brown surface bordered by wood on bottom and right"
004881.png,"Armchair, brown wood with high left backrest, low armrest, and orange seat cushion"
004882.png,"Armchair, brown wood with high right backrest, low armrest, and orange seat cushion"
004883.png,"Armchair, brown fabric with a rounded backrest, wide seat, and small side armrests"
004884.png,"Wooden table, brown rectangular surface with dark upper edge and offset pedestal base"
004885.png,"Wooden table, brown rectangular surface with open left edge and centered pedestal base"
004886.png,"Wooden table, brown rectangular surface with dark left border and centered pedestal base"
004887.png,"Wooden table, brown rectangular surface with dark outlined borders and centered pedestal base"
004888.png,"Wooden bench, brown rectangular horizontal seat with a single leg on the left"
004889.png,"Wooden bench, brown rectangular horizontal seat with a single leg on the right"
004890.png,"Golem doll, brown rock-textured pointed body with stubby arms and two small feet"
004891.png,"Golem doll, light blue ice-textured pointed body with white markings and small limbs"
004892.png,"Golem doll, beige and yellow metallic pointed body with small arms and feet"
004893.png,"Carpet tile, green surface featuring a grey border and yellow stripe on the left"
004894.png,"Carpet tile, solid green rectangular surface divided into three subtle horizontal bands"
004895.png,"Carpet tile, green surface featuring a grey border and yellow stripe on the right"
004896.png,"Runner rug, green center bordered by yellow stripes and grey outer edges on sides"
004897.png,"Bed, beige mattress and brown wooden frame with a tall headboard on the right"
004898.png,"Bed, beige mattress and brown wooden frame with a tall headboard on the left"
004899.png,"Wooden chair, brown tall backrest seen from behind with arched cutout between legs"
004900.png,"Wooden chair, solid brown side profile with high backrest on the left"
004861.png,"Single bed with orange blanket, beige sheet, and tall wooden headboard on right"
004862.png,"Single bed with orange blanket, beige sheet, and tall wooden headboard on left"
004863.png,"Single bed with green blanket, beige sheet, and tall wooden headboard on right"
004864.png,"Single bed with green blanket, beige sheet, and tall wooden headboard on left"
004865.png,Teal shirt hanging from a horizontal light brown wooden rod on two brackets
004866.png,"Wooden nightstand with light brown panel, dark brown border, and two bottom legs"
004867.png,Wide wooden table with two thick legs and a flat light brown surface
004868.png,Wooden desk with a light brown panel and stepped brown legs below
004869.png,Square wooden desk with light brown front panel and two thick bottom legs
004870.png,Low wooden bench with dark brown side legs and light brown top beam
004871.png,"Large bed with orange blanket, beige sheet, bottom frame, and right headboard"
004872.png,"Large bed with orange blanket, beige sheet, bottom frame, and left headboard"
004873.png,"Large bed with green blanket, beige sheet, bottom frame, and right headboard"
004874.png,"Large bed with green blanket, beige sheet, bottom frame, and left headboard"
004875.png,Top-down bed with orange blanket and a segmented wooden border on the left
004876.png,Top-down bed with orange blanket and a segmented wooden border on the right
004877.png,Top-down bed with orange blanket bordered by segmented wooden rails on both sides
004878.png,"Bed with green blanket, beige pillow, brown bottom frame, and right-side headboard"
004879.png,"Bed with green blanket, beige pillow, brown bottom frame, and left-side headboard"
004880.png,"Wooden nightstand with dark brown border, two legs, and orange inner drawer"
004961.png,"Candelabra, three yellow flames atop candles on a pale beige three-branched stand"
004962.png,"Candelabra, three lit candles on a pale beige stand with stepped angled arms"
004963.png,"Candelabra, three lit candles on a grey silver stand with square U-shaped arms"
004964.png,"Candelabra, three lit candles on a grey silver stand with stepped angled arms"
004965.png,"Wooden bed frame, left side section with a brown post and orange horizontal stripe"
004966.png,"Wooden bed frame, middle section with top and bottom posts and orange horizontal stripe"
004967.png,"Wooden bed frame, right side section with a brown post and orange horizontal stripe"
004968.png,"Wooden bed frame, middle horizontal section with brown wood and an orange stripe"
004969.png,Grey stone archway or doorway frame with two legs and a flat top
004970.png,"Wooden bed edge, left side with brown wood and an orange fringed quilt"
004971.png,Orange quilt or blanket with a white fringed border along the bottom edge
004972.png,"Wooden bed edge, right side with brown wood and an orange fringed quilt"
004973.png,"Rounded furniture corner, curved brown wood draped with an orange fringed blanket, left side"
004974.png,"Rounded furniture corner, curved brown wood draped with an orange fringed blanket, right side"
004975.png,"Dark grey piano, right half showing black and white musical keyboard keys"
004976.png,"Dark grey piano, left half showing black and white musical keyboard keys"
004977.png,"Wooden headboard, top brown section with two corner posts above a cream panel"
004978.png,"Wooden headboard, brown wood panels with two raised corner posts along the top"
004979.png,"Wooden furniture top, brown wood panel with a raised post on the left"
004980.png,"Wooden furniture top, brown wood panel with a raised post on the right"
004941.png,"Wooden chair facing right, light brown wood with tall backrest and four legs"
004942.png,"Wooden chair facing left, light brown wood with tall backrest and four legs"
004943.png,"Wooden table segment, light brown surface with corner post on the left edge"
004944.png,"Wooden table segment, light brown surface with vertical support posts centered on edges"
004945.png,"Wooden table segment, light brown surface with corner post on the right edge"
004946.png,"Wooden table segment, plain light brown rectangular surface without any corner posts"
004947.png,"Green sofa left section, upholstered green cushion with a brown wooden left armrest"
004948.png,"Green sofa right section, upholstered green cushion with a brown wooden right armrest"
004949.png,"Green armchair, upholstered green seat and backrest between two brown wooden armrests"
004950.png,"Wooden chair facing forward, brown frame with open backrest and orange seat cushion"
004951.png,"Wooden single bed, brown headboard with two posts, beige sheet, and green blanket"
004952.png,"Wooden single bed, brown headboard, beige sheet, green pillow, and dark green blanket"
004953.png,"Wooden single bed, brown headboard, green blanket, and a beige folded bottom sheet"
004954.png,"Wooden single bed, brown headboard, green blanket, and beige foot with green detail"
004955.png,"Wooden double bed left section, headboard post on left, green pillow and blanket"
004956.png,"Wooden double bed right section, headboard post on right, green pillow and blanket"
004957.png,"Wooden double bed left section, headboard post on left, orange blanket and beige foot"
004958.png,"Wooden double bed right section, headboard post on right, orange blanket and beige foot"
004959.png,"Wooden chair facing right, light brown frame, tall backrest, and orange seat cushion"
004960.png,"Wooden chair facing left, light brown frame, tall backrest, and orange seat cushion"
005021.png,Right section of a wooden bench with an orange cushion and brown leg
005022.png,Rounded left end of a wooden bench with an orange cushion
005023.png,Rounded right end of a wooden bench with an orange cushion
005024.png,Vertical segment of an orange cushion with white and brown side borders
005025.png,Wooden chair with two legs and a rounded orange cushion
005026.png,Left section of a wooden bench with a green cushion and brown leg
005027.png,Horizontal middle section of a wooden bench with a green cushion
005028.png,Right section of a wooden bench with a green cushion and brown leg
005029.png,Rounded left end of a wooden bench with a green cushion
005030.png,Rounded right end of a wooden bench with a green cushion
005031.png,Vertical segment of a green cushion with white and brown side borders
005032.png,Wooden chair with two legs and a rounded green cushion
005033.png,"Single bed with a grey frame, white pillow, and orange blanket"
005034.png,Single bed facing downward with a grey frame and an orange blanket
005035.png,Wooden table edge draped on the right with a fringed green tablecloth
005036.png,Green tablecloth section with a white inner stripe and fringed bottom edge
005037.png,Wooden table edge draped on the left with a fringed green tablecloth
005038.png,Rounded wooden table corner draped partially with a fringed green tablecloth
005039.png,Wooden ladder with two vertical rails and three horizontal rungs
005040.png,Square wooden table top viewed from above with a dark rim
004981.png,"Bed left half, featuring a green blanket, light brown headboard, and wooden frame"
004982.png,"Bed right half, featuring a green blanket, light brown headboard, and wooden frame"
004983.png,"Chair in dark grey, viewed from the side facing right with white accents"
004984.png,"Chair in dark grey, viewed from the side facing left with white accents"
004985.png,"Chair in light grey, viewed from the front with square back and seat"
004986.png,"Chair in light grey, viewed from the side facing right with square back"
004987.png,"Chair in light grey, viewed from the side facing left with square back"
004988.png,"Table left section made of brown wood, with corner posts on the left"
004989.png,"Table middle section made of brown wood, with small posts at top and bottom"
004990.png,"Table right section made of brown wood, with corner posts on the right"
004991.png,"Round table seen from above, with grey circular trim and brown wooden surface"
004992.png,"Table middle piece, showing a horizontal brown wooden plank surface without legs"
004993.png,"Wooden railing or low bench, with two vertical posts joined by horizontal wood"
004994.png,"Sofa left end piece, featuring an orange cushion, tan trim, and wooden leg"
004995.png,"Sofa middle section, featuring an orange cushion flanked by tan and wooden borders"
004996.png,"Sofa right end piece, featuring an orange cushion, tan trim, and wooden leg"
004997.png,"Sofa rounded left end, featuring curved orange cushioning and a wooden support leg"
004998.png,"Sofa rounded right end, featuring curved orange cushioning and a wooden support leg"
004999.png,"Sofa backrest section, featuring a rectangular orange cushion inside a brown wooden frame"
005000.png,"Sofa arched backrest section, featuring a rounded orange cushion inside a wooden frame"
005001.png,"Wooden table left end, featuring green felt surface, light border, and single leg"
005002.png,"Wooden table middle section, featuring a green felt surface bordered by light stripes"
005003.png,"Wooden table right end, featuring green felt surface, light border, and single leg"
005004.png,"Wooden rounded table left end, featuring green felt surface, light border, and leg"
005005.png,"Wooden rounded table right end, featuring green felt surface, light border, and leg"
005006.png,"Wooden table top end, featuring green felt surface enclosed by a light border"
005007.png,"Wooden arched table top, featuring rounded green felt surface with light inner border"
005008.png,"Wooden table left section, draped with an orange tablecloth having fringed bottom edge"
005009.png,"Wooden table right section, draped with an orange tablecloth having fringed bottom edge"
005010.png,"Two small rounded stools or cushions, one orange and one green with fringe"
005011.png,"Wooden counter left half, featuring vertical brown planks and a dark grey top"
005012.png,"Wooden counter right half, featuring vertical brown planks and a dark grey top"
005013.png,"Dark grey stone wall, featuring narrow stair steps carved into the right side"
005014.png,"Dark grey stone wall, featuring narrow stair steps carved into the left side"
005015.png,"Wooden ladder, featuring two vertical brown side rails and two horizontal wooden rungs"
005016.png,"Kite shield, featuring a brown wooden center and a light grey metal border"
005017.png,"Grey bench, draped with an orange cloth displaying a vertical stripe on right"
005018.png,"Grey bench, draped with an orange cloth displaying a vertical stripe on left"
005019.png,"Wooden table left end, featuring an orange surface, light border, and single leg"
005020.png,"Wooden table middle section, featuring an orange surface bordered by light horizontal stripes"
005041.png,"Wooden tabletop segment, a solid light brown surface with darker horizontal borders"
005042.png,"Wooden counter right corner, light brown top with a dark border and right leg"
005043.png,"Wooden desk, light brown square surface framed in dark brown with two short legs"
005044.png,"Kite shield, medieval defense gear quartered in teal and brown segments"
005045.png,"Wooden display table, central pedestal base topped with an orange and white rectangular runner"
005046.png,"Wooden counter left end, pedestal base with an orange runner open to the right"
005047.png,"Wooden counter middle section, pedestal base with a continuous horizontal orange cloth strip"
005048.png,"Wooden counter right end, pedestal base with an orange runner open to the left"
005049.png,"Wooden table, two connected legs with an orange bordered tablecloth draped over the top"
005050.png,"Wooden desk, two straight legs with an orange rectangular cloth draped over the front"
005051.png,"Wooden chair, high backrest upholstered with curved orange fabric bordered in white"
005052.png,"Wooden display table, central pedestal base topped with a green and white rectangular runner"
005053.png,"Wooden counter left end, pedestal base with a green runner open to the right"
005054.png,"Wooden counter middle section, pedestal base with a continuous horizontal green cloth strip"
005055.png,"Wooden counter right end, pedestal base with a green runner open to the left"
005056.png,"Wooden table, two connected legs with a green bordered tablecloth draped over the top"
005057.png,"Wooden desk, two straight legs with a green rectangular cloth draped over the front"
005058.png,"Wooden chair, high backrest upholstered with curved green fabric bordered in white"
005059.png,"Wooden table corner, draped with a green fringed tablecloth on its right side"
005060.png,"Wooden table corner, draped with a green fringed tablecloth on its left side"
005101.png,Wooden kitchen cabinet with a light grey countertop and two brown panel doors
005102.png,Vertical grey rectangular panel with darker grey borders along both vertical edges
005103.png,Brown wooden modular counter tile with darker borders and a bottom-right inset panel
005104.png,Brown wooden modular counter tile with darker borders and a bottom-left inset panel
005105.png,Brown wooden counter section featuring an extended top lip and a recessed drawer
005106.png,Brown wooden counter section with a side border and framed drawer front
005107.png,Brown wooden desk piece with an orange top cushion and a left leg
005108.png,Brown wooden desk piece with an orange top cushion and a right leg
005109.png,Wooden low stool or chair with brown frame and an orange seat cushion
005110.png,Wooden armchair with thick brown side rests and an orange fabric seat cushion
005111.png,Framed wall picture with an ornate beige border and orange centered image
005112.png,Left half of an ornate beige framed wall map or parchment document
005113.png,Right half of an ornate beige framed wall map or parchment document
005114.png,"Wooden nightstand with a grey countertop, single drawer, and short brown legs"
005115.png,"Wooden bedside table featuring a grey top, centered drawer handle, and four legs"
005116.png,Wooden cabinet with a grey countertop and two brown doors with rectangular handles
005117.png,Empty wooden counter unit with a grey countertop and an open lower shelf
005118.png,Wooden kitchen counter with a grey top and white plates on the shelf
005119.png,Wooden counter shelf with a grey top holding green and yellow condiment jars
005120.png,Wooden counter shelf with a grey top holding blue and brown canisters
005121.png,Wooden kitchen counter with grey top and open shelf holding vertical white plates
005122.png,"Wooden sink cabinet with grey countertop, recessed rectangular basin, and two doors"
005123.png,Narrow wooden kitchen cabinet with flat grey countertop and a single cupboard door
005124.png,Vertical rectangular wooden board with light brown center and dark brown edges
005125.png,Dark grey cooking stove with two top burners and two lower oven doors
005126.png,Dark grey cooking stove with two top burners and a solid front base
005127.png,Left section of a framed turquoise painting within a brown wooden frame
005128.png,Center section of a framed turquoise panoramic picture showing a faint skyline
005129.png,Right section of a framed turquoise painting within a brown wooden frame
005130.png,Small framed turquoise picture in a light tan ornate frame with corner tabs
005131.png,Beige parchment treasure map with four corner pegs showing faint brown landmasses
005132.png,Pinned beige paper map displaying faint brown geographical shapes across its surface
005133.png,Rectangular mirror with light grey glass surrounded by a thick brown wooden frame
005134.png,Brown wooden wall shelf with a recessed horizontal compartment and left border
005135.png,Brown wooden wall shelf section with open left side and right border
005136.png,Brown wooden wall cupboard featuring two closed doors with small square knobs
005137.png,"Brown wooden wall shelf with a single wide, recessed dark brown shelf"
005138.png,Brown wooden open cupboard holding three stacked horizontal white towels or plates
005139.png,Brown wooden wall shelf holding a green bottle and a yellow container
005140.png,Brown wooden wall shelf holding a cyan bottle and an orange container
005181.png,Green chalkboard enclosed in a brown wooden frame with faint lighter rectangular marks
005182.png,Wall mirror with an ornate cream-colored frame and light blue reflective glass
005183.png,Dark grey metal cabinet with a circular center and a raised top-right section
005184.png,Dark grey metal cabinet with a circular center and a raised top-left section
005185.png,Wooden kitchen cabinet with a left border and two lower doors with knobs
005186.png,Wooden kitchen counter unit featuring two vertically stacked drawers with dark handles
005187.png,Wooden kitchen cabinet unit with two lower cupboard doors and small knobs
005188.png,Wooden kitchen counter unit with a dark brown empty open shelf space
005189.png,Wooden kitchen counter unit with an open shelf holding stacked grey plates
005190.png,Wooden kitchen counter unit with an open shelf containing green and yellow bottles
005191.png,Wooden kitchen counter unit with an open shelf holding teal and amber bottles
005192.png,Wooden kitchen counter unit with an open shelf containing upright white dishes
005193.png,Wooden kitchen cabinet with a right
005061.png,"Green rug with white border and fringe, partly under a curved wooden table edge"
005062.png,"Wooden chair seen from behind, with brown square frame, backrest slat, and two legs"
005063.png,"Wooden chair facing right, with tall left backrest, stepped armrest, and orange cushion seat"
005064.png,"Wooden chair facing left, with tall right backrest, stepped armrest, and orange cushion seat"
005065.png,"Wooden table section with an orange surface, top and left borders, and bottom leg"
005066.png,"Wooden table section with an orange surface, top and right borders, and bottom leg"
005068.png,"Single bed with a grey frame, green blanket, and cream pillow on the right"
005069.png,"Single bed with a grey frame, green blanket, and cream pillow on the left"
005070.png,"Kitchen counter with a grey countertop, two wooden cabinet doors, and a left leg"
005071.png,Kitchen counter with a grey countertop and a single wide wooden drawer
005081.png,Kitchen counter corner with an L-shaped grey surface and brown wooden base
005082.png,"Wooden counter unit with a grey top, single drawer, and left corner leg"
005083.png,"Wooden counter unit with a grey top, single drawer, and right corner leg"
005084.png,"Single bed with a grey frame, yellow pillow at top, and green blanket"
005085.png,"Single bed with a grey frame, green blanket, and beige sheet at bottom"
005086.png,Wooden chair seen from behind with a tall orange upholstered back
005087.png,Front-facing wooden chair with an orange cushioned back and brown legs
005088.png,Wooden chair with a tall orange upholstered backrest and brown wooden legs
005089.png,Framed chalkboard with a green surface and light brown wooden pegged frame
005090.png,"Parchment map with a tan surface, wooden pegs, and right rolled edge"
005091.png,"Parchment map with a tan surface, wooden pegs, and left rolled edge"
005092.png,Wooden kitchen counter with a grey surface and two paneled cabinet doors
005141.png,Wooden bookshelf with a brown square frame holding white and grey books
005142.png,Left section of a wooden bed featuring a grey sheet and corner footboard
005143.png,Middle section of a wooden bed featuring a grey sheet and plain footboard
005144.png,Right section of a wooden bed featuring a grey sheet and corner footboard
005145.png,Refrigerator made of silver metal with a square front panel and handle
005146.png,Wooden side cabinet with a light brown finish and recessed lower panel
005147.png,Dark grey dresser with two small upper drawers and one wide drawer
005148.png,Rectangular wall mirror with a light blue reflective pane and brown frame
005149.png,Left side of a wooden chair with a green seat and armrest
005150.png,Right side of a wooden chair with a green seat and armrest
005151.png,Top-left section of a green table with a brown wooden outer frame
005152.png,Top-right section of a green table with a brown wooden outer frame
005153.png,Left section of an orange patterned rug with a dark brown border
005154.png,Middle section of an orange patterned rug with brown top and bottom borders
005155.png,Right section of an orange patterned rug with a dark brown border
005156.png,Framed wall decoration with an ornate beige border enclosing a green panel
005157.png,Framed wall decoration with an ornate beige border enclosing an orange panel
005158.png,Framed wall decoration with an ornate beige border enclosing a turquoise panel
005159.png,Left section of a brown wooden cabinet with two small panel doors
005160.png,Right section of a brown wooden cabinet with two small panel doors
005161.png,"Wooden cabinet with two brown paneled doors, dark central handles, and flat top"
005162.png,Wooden shelf section with horizontal brown panels and a dark recessed middle shelf
005163.png,Wooden shelf holding a stack of four grey and white folded linens
005164.png,Wooden shelf holding a green bottle and a yellow bottle with white labels
005165.png,Wooden shelf holding a teal bottle and an orange bottle with white labels
005166.png,Wooden shelf holding a row of upright white and grey books
005167.png,Wooden kitchen counter left corner with grey countertop and brown paneled front
005168.png,Wooden kitchen counter middle section with grey countertop and smooth brown front
005169.png,Wooden kitchen counter right corner with grey countertop and brown paneled front
005170.png,Metal refrigerator in tall grey finish with dark rectangular door panel and handle
005171.png,"Wooden counter section with brown top, dark left edge trim, and lower panel"
005172.png,"Wooden counter section with brown top, dark right edge trim, and lower panel"
005301.png,"Circular metal vent with grey rim, central cross grate, and dark grey interior"
005302.png,"Circular metal porthole with grey frame, central cross grate, and teal interior"
005303.png,"Circular metal pipe grate flanked by vertical grey supports, with dark interior opening"
005304.png,"Circular metal pipe grate flanked by vertical grey supports, showing teal water inside"
005305.png,"Curved brown horn, tapering towards the right with a wide opening on left"
005306.png,Tall grey metal block with dark outline and horizontal seam across the middle
005307.png,Tall grey rectangular pillar with a darker grey border around the edges
005308.png,"Grey step-shaped block, taller on the left with a lower right platform"
005309.png,"Grey step-shaped block, taller on the right with a lower left platform"
005310.png,"Wooden desk with four short legs, brown frame, and horizontal drawer panel"
005311.png,Grey rectangular bench draped with a wide orange cloth runner over the middle
005312.png,Low grey rectangular table or bench with two short stubby legs
005313.png,Brown wooden cabinet with darker brown border and rectangular central panel
005314.png,Brown wooden wall drawer or shelf with a horizontal rectangular panel
005315.png,Cyan water surface with a tiny patch of brown and green shore at top-right
005316.png,Cyan water surface with a small brown and green shore at top-left corner
005317.png,Cyan water tile with curved brown shoreline and green grass along bottom-left
005318.png,Cyan water tile bordered horizontally along the bottom by brown shore and grass
005319.png,Cyan water tile with curved brown shoreline and green grass along bottom-right
005320.png,Brown floor tile divided into several rectangular parquet wood or stone paving blocks
005281.png,"Fabric banner, orange rectangular cloth with darker vertical side borders"
005282.png,"Fabric curtains, two vertical orange panels separated by a central vertical gap"
005283.png,"Pennant banner, orange hanging cloth with a pointed triangular bottom and borders"
005284.png,"Swallowtail banner, orange hanging cloth featuring a triangular notch cut into bottom"
005285.png,"Wooden cabinet, square brown furniture piece with a recessed front panel and border"
005286.png,"Wooden desk, furniture with a grey top surface, brown frame, and two legs"
005287.png,"Wooden door, closed brown panel with rounded top corners and right-side handle"
005288.png,"Wooden door, brown panel with a small barred upper window and right handle"
005289.png,"Barricaded door, brown wooden panel secured by a thick horizontal grey metal beam"
005290.png,"Barricaded door, brown wood with a barred window and horizontal grey metal beam"
005291.png,"Open doorway, dark arched opening revealing an open brown wooden door at left"
005221.png,Awning with alternating vertical stripes of green and beige fabric
005222.png,Window with a brown wooden frame and four dark rectangular panes
005223.png,Window with a light grey stone frame and four dark panes
005224.png,Arched window with a brown wooden frame and four dark panes
005225.png,Arched window with a light grey stone frame and four dark panes
005226.png,Hanging banner made of orange fabric with a scooped top edge
005227.png,Hanging banner of orange fabric displaying a white heraldic cross
005228.png,Shield-shaped banner of orange cloth hanging from two brown top loops
005229.png,Swallowtail banner of orange cloth with two points and top loops
005230.png,Trousers in orange cloth with a curved waistband and two legs
005231.png,Trousers in green cloth with a dark waistband and two legs
005232.png,Trousers in teal blue cloth with a dark waistband and legs
005233.png,"Sink vanity cabinet with a white washbasin, faucet, and wooden doors"
005234.png,Arched door made of brown wood with a small handle
005235.png,Arched door made of brown wood with a small barred window
005236.png,Arched wooden door reinforced with a horizontal grey metal crossbar
005237.png,Arched wooden door featuring a barred window and grey metal crossbar
005238.png,Arched doorway of dark stone containing brown wooden double doors
005239.png,Arched doorway showing a dark opening between brown wooden doorposts
005240.png,Arched wooden door encircled by a light grey reinforced metal frame
005241.png,"Kitchen counter unit with an arched white hood, brown domed cover, and dark grille"
005242.png,Kitchen cabinet counter with grey countertop and two brown wooden doors below
005243.png,Kitchen counter with grey top and open wooden shelf containing white stacked plates
005244.png,Kitchen counter with grey top and open wooden shelf holding green and yellow bottles
005245.png,Circular wooden window with closed brown shutters and vertical central seam
005246.png,Circular wooden window with brown frame and four dark unlit glass panes
005247.png,Circular wooden window with brown frame and four warm glowing orange panes
005248.png,Rectangular-framed round wooden window with four dark panes and open side shutters
005249.png,Rectangular-framed round wooden window with open shutters and four glowing orange panes
005250.png,"Arched stone fireplace with dark grey interior, black bricks, and grey hearth base"
005251.png,Arched stone fireplace with dark interior and tall burning orange and yellow flames
005252.png,Arched stone fireplace with dark interior and low glowing orange and yellow fire
005253.png,Hanging wooden sign with brown board suspended from top beam by grey brackets
005254.png,Hanging wooden sign with rectangular brown board mounted to an upper wooden beam
005255.png,Wooden signpost with blank rectangular brown board mounted on a vertical post
005256.png,Wooden directional signpost with left-pointing arrow board on a central vertical post
005257.png,Wooden directional signpost with right-pointing arrow board on a central vertical post
005258.png,Blacksmith anvil made of grey iron with flat top and flared base
005259.png,"Rectangular wooden tabletop viewed from above, light brown with dark brown border"
005260.png,"Vertical wooden tabletop with rounded corners viewed from above, shaded light brown"
005261.png,"Wooden barrel, brown staves bound by two light grey horizontal metal bands"
005262.png,"Wooden barrel, brown container reinforced with grey metal side panels and horizontal bands"
005263.png,"Wooden trash bin, rectangular brown container with a dark horizontal slot near top"
005264.png,"Wooden trash bin, brown container featuring a dark top slot and two grey bands"
005265.png,"Wooden trash bin, brown body with dark top opening, grey bands, and metal sides"
005266.png,"Water tile, light blue sea with a small green and brown shoreline bottom right"
005267.png,"Water tile, light blue surface with a tiny green and brown shore bottom left"
005268.png,"Coastline tile, green grass and brown earth on left meeting light blue water"
005269.png,"Water tile, light blue open surface patterned with subtle pale blue square highlights"
005270.png,"Coastline tile, light blue water on left meeting green and brown shore right"
005271.png,"Grass ground tile, bright solid green lawn with subtle darker green square texture"
005272.png,"Dirt ground tile, warm brown soil surface speckled with darker brown square spots"
005273.png,"Sand ground tile, pale beige desert surface detailed with subtle darker square specks"
005274.png,"Cobblestone path tile, scattered grey square stepping stones laid over bright green grass"
005275.png,"Market awning, orange and cream striped fabric canopy supported by a brown wooden pole"
005276.png,"Market awning, green and cream striped fabric canopy supported by a brown wooden pole"
005277.png,"Wooden sign, brown rectangular signboard suspended between two vertical grey metal posts"
005278.png,"Barred wooden window, brown rectangular frame containing vertical grey metal bars below"
005279.png,"Barricaded wooden window, brown frame and dark panes crossed by a thick horizontal plank"
005280.png,"Barricaded metal window, grey iron frame crossed by a thick brown wooden plank"
005201.png,Wooden bookshelf with a brown frame holding two shelves of blue and white potions
005202.png,"Wooden cabinet with a brown frame, upper shelf of blue potions, and lower panel"
005203.png,Standing mirror with a pale gold frame and light blue reflective glass surface
005204.png,"Wooden bed, top-left segment, with a brown side board and green top cushion"
005205.png,"Wooden bed, top-right segment, with a brown side board and green top cushion"
005206.png,"Wooden bed, bottom-left segment, with brown legs and a green draped blanket"
005207.png,"Wooden bed, bottom-right segment, with brown legs and a green draped blanket"
005208.png,"Framed parchment, left segment, with light beige paper and a brown wooden border"
005209.png,"Framed parchment, middle segment, with light beige paper and brown wooden horizontal borders"
005210.png,"Framed parchment, right segment, with light beige paper and a brown wooden border"
005211.png,Low wooden bookcase with brown legs and a single shelf holding blue potions
005321.png,Stone floor tile made of beige and cream rectangular pavers with thin grey seams
005322.png,Wooden floor tile composed of vertical light brown timber planks of varying widths
005323.png,Wooden wall tile composed of horizontal light brown planks arranged in staggered rows
005324.png,Striped market awning featuring vertical orange and beige bands on a wooden post
005325.png,Striped market awning featuring vertical green and beige bands on a wooden post
005326.png,Sleeping mat in green fabric with tufted spots and cream bottom border
005327.png,"Wooden cabinet with two cupboard doors, framed in dark and medium brown timber"
005328.png,Wooden display shelf holding two potion bottles in cyan and orange glass
005329.png,Wooden barrel or vertical grate with dark brown slats and silver metal band
005330.png,Metal vent or barrel made of grey steel with horizontal banding
005331.png,Arched window with a brown wooden frame and four dark unlit glass panes
005332.png,Arched window with a brown frame and warm orange curtains flanking dark glass
005333.png,Arched window with a brown wooden frame and draped green curtains inside
005334.png,Arched window with a brown wooden frame and draped teal curtains inside
005335.png,Orange pennant banner shaped like a shield tapering to a pointed bottom
005336.png,Orange pennant banner with a vertical white stripe down the center
005337.png,"Orange curtains hung beneath a brown wooden valance, tied back on both sides"
005338.png,"Green curtains hung beneath a brown wooden valance, tied back on both sides"
005339.png,"Teal curtains hung beneath a brown wooden valance, tied back on both sides"
005340.png,Metal cabinet or safe in light grey with a top indent and handle
005341.png,Grey metal door with small barred rectangular window and small right-side handle
005342.png,Grey service counter or wall hatch with a horizontal brown wooden shelf ledge
005343.png,Grey service counter hatch with iron bars above a horizontal brown wooden ledge
005344.png,Open wooden door on a brown frame revealing a dark grey interior space
005345.png,"Arched wooden door with small handle, enclosed inside a light grey stone frame"
005346.png,"Arched wooden door with small barred window, framed by light grey stone arch"
005347.png,Arched wooden window with four dark glass panes separated by brown cross mullions
005348.png,Arched grey stone window with four dark glass panes divided by cross mullions
005349.png,Orange terracotta roof section curving and sloping downwards from a left ridge
005350.png,Orange terracotta curved roof piece forming a concave dip in the middle
005351.png,Orange terracotta roof section curving and sloping downwards from a right ridge
005352.png,Wooden bed frame holding a cream mattress with an orange diagonal folded blanket
005353.png,Wooden bed frame with cream sheets and an orange blanket covering the bottom
005354.png,Wooden bed frame with empty flat brown mattress surface and four corner posts
005355.png,Wooden bed frame holding a plain cream-coloured mattress without any blanket or cover
005356.png,Closed beige burlap sack tied tightly at the top with protruding corner ears
005357.png,Open beige burlap sack filled with mounded brown grain or soil inside
005358.png,Brown wooden wall shelf with two white hanging sacks or bags suspended underneath
005359.png,Bed viewed from above with a bright green blanket and a white pillow
005360.png,Brown wooden headboard or simple cupboard panel supported on two short bottom legs
005461.png,A horizontal brown wooden shelf plank with shaded darker borders
005462.png,Swimming pool corner tile with light blue water bordered by grey stone edging
005463.png,Pool edge tile with cyan water and a straight grey stone border below
005464.png,Swimming pool corner tile showing cyan water with grey edging on right and bottom
005465.png,Brown stone floor tile composed of an irregular pattern of interlocking rectangular bricks
005466.png,Tan stone floor tile textured with irregular interlocking cobblestone or brick pavers
005467.png,Brown brick wall tile featuring horizontal layers of neatly arranged rectangular bricks
005468.png,Brown parquet tile showing three vertical rectangular planks with small cross dividers
005469.png,Brown wooden parquet floor tile featuring a basketweave pattern of interlocking rectangular blocks
005470.png,Wooden wall shelf with a vertical support post on the left and plank extending right
005471.png,Wooden wall shelf supporting a small brown bowl holding a green plant
005472.png,Wooden wall shelf holding a teal glass bottle with a brown stopper
005473.png,Wooden wall shelf piled with shiny yellow gold coins and gems
005474.png,"Arched window with grey stone frame, white mullions, and dark teal glass panes"
005475.png,"Rectangular window with grey stone frame, four teal glass panes, and decorative trim"
005476.png,"Arched window featuring a brown wooden frame, central mullions, and dark windowpanes"
005477.png,"Rectangular window with a brown wooden frame, four dark panes, and outer shutters"
005478.png,Turquoise cloth banner with a pointed triangular bottom and darker shaded border
005479.png,Teal fabric banner featuring a white central vertical stripe and a tapered bottom
005480.png,Orange curtains tied to the sides under a dark brown wooden valence
005441.png,Dark grey metal door with an arched top and a silver hinge on the left
005442.png,Rectangular dark grey metal door with a silver vertical hinge on the left edge
005443.png,Arched prison cell door with a dark grey base and light grey metal bars
005444.png,Rectangular prison cell door with a solid dark grey base and vertical metal bars
005445.png,Teal single door with a light silver handle on the right and recessed panel
005446.png,Dark grey door featuring a vertical teal frame and hinge on the left edge
005447.png,Arched window with a light grey stone frame and four teal blue glass panes
005448.png,Arched window with a brown wooden frame enclosing four warm orange glass panes
005449.png,Dark grey round lantern hanging down from a horizontal brown wooden ceiling beam
005450.png,Square window with a light grey frame and four teal blue glass panes
005451.png,Square window with a brown wooden frame and four warm orange glass panes
005481.png,Curtains of green fabric draped over a horizontal brown wooden rod
005482.png,Curtains of teal fabric draped over a horizontal brown wooden rod
005483.png,Nightstand of brown wood with two horizontal drawers and short base legs
005484.png,Cabinet of brown wood featuring two cupboard doors with small vertical handles
005485.png,Door of brown wood with an angled top-left edge and right-side handle
005486.png,Door of brown wood with an angled top-right edge and left-side handle
005487.png,Door of brown wood with an upper panel and a handle on the right
005488.png,Door of brown wood with an upper panel and a handle on the left
005489.png,Door of brown wood in a grey stone frame with angled top-left corner
005490.png,Door of brown wood in a grey stone frame with angled top-right corner
005491.png,Door of brown wood in a grey stone frame with right-side handle
005492.png,Door of brown wood in a grey stone frame with left-side handle
005493.png,Door of grey metal in a grey stone frame with angled top-left corner
005494.png,Door of grey metal in a grey stone frame with angled top-right corner
005495.png,Door of grey metal in a grey stone frame with right-side handle
005496.png,Door of grey metal in a grey stone frame with left-side handle
005497.png,"Window, arched top with light grey frame, four panes, and teal curtains"
005498.png,"Window, rectangular with light grey frame, four panes, and teal curtains"
005499.png,"Window, arched top with brown wooden frame, open shutters, and dark panes"
005500.png,"Window, rectangular with brown wooden frame, open shutters, and dark panes"
005501.png,Awning left piece of teal draped fabric with a vertical left border
005502.png,Awning middle piece of teal draped fabric forming a curved hanging swag
005503.png,Awning right piece of teal draped fabric with a vertical right border
005504.png,Rooster weathervane of brown wood mounted atop a vertical pole with crossbars
005505.png,Rooster weathervane of silver metal mounted atop a vertical pole with crossbars
005506.png,Arrow weathervane of brown wood pointing left atop a cross-braced mounting pole
005507.png,Arrow weathervane of silver metal pointing left atop a cross-braced mounting pole
005508.png,Wooden chair in side profile with tall left backrest and sturdy legs
005509.png,Wooden chair in side profile with tall right backrest and sturdy legs
005510.png,Wooden nightstand in light brown with a wide drawer and curved cutout
005511.png,Wooden nightstand in light brown with a tall frame and lower drawer
005512.png,Wooden bench half with a flat horizontal plank and one right leg
005513.png,Mushroom with a rounded reddish-orange spotted cap and pale grey stalk
005514.png,Flowerbed tile of green grass with three orange flowers and bottom-right curb
005515.png,Flowerbed tile of green grass with two orange flowers and bottom-left curb
005516.png,Flowerbed corner framed by gray stone curb containing grass and orange flowers
005517.png,Flowerbed edge framed by top gray stone curb containing grass and flowers
005518.png,Wooden counter shelf connected to a thick vertical beam on the right
005519.png,Wooden counter shelf with white and brown objects beside a right beam
005520.png,Wooden counter shelf supporting a brown bottle beside a vertical right beam
005381.png,Teal hanging banner with a white cross emblem and pointed top corners
005382.png,Teal shield-shaped hanging banner suspended from two brown leather wall straps
005383.png,Teal hanging banner with forked bottom edge suspended from two brown wall pegs
005384.png,Orange fabric curtains parted in the center hanging from a brown wooden rod
005385.png,Green fabric curtains parted in the middle beneath a horizontal brown wooden rod
005386.png,Teal curtains parted in the center hanging from a horizontal brown wooden rod
005387.png,Pool corner tile with light blue water framed by top and left borders
005388.png,Water surface tile with light blue water bordered along the top grey edge
005389.png,Pool corner tile showing light blue water bordered along top and right edges
005390.png,Arched prison gate made of grey metal bars with a horizontal locking bar
005391.png,Rectangular prison cell door made of grey vertical bars with a horizontal latch
005392.png,Arched iron portcullis with vertical grey bars crossed by two horizontal braces
005393.png,Rectangular iron grate with grey vertical bars reinforced by two horizontal crossbars
005394.png,Arched teal door with a rounded top and a vertical silver door handle
005395.png,Open doorway with a dark interior and a teal door swung to the left
005396.png,Brown wooden door set inside a grey frame with a small door handle
005397.png,Brown wooden door with a barred rectangular window set inside a grey frame
005398.png,Small rectangular barred window with three vertical grey metal bars in grey frame
005399.png,Bed with a green blanket and a light beige pillow on the left
005400.png,Two dark grey round pots hanging from hooks on a brown wooden rack
005521.png,"Wooden shelf mounted on a post, holding a pile of gold coins"
005522.png,Wooden wardrobe in light brown with two cupboard doors and short legs
005523.png,"Arched window with gray stone frame, crossbars, and glowing orange light"
005524.png,"Rectangular window with gray stone frame, vertical crossbars, and orange light"
005525.png,"Arched wooden window with brown frame, vertical bars, and glowing orange panes"
005526.png,"Rectangular wooden window with brown frame, vertical bars, and warm orange interior"
005527.png,Green fabric banner hanging vertically with folds and curved top indentation
005528.png,"Green fabric banner hanging down, decorated with a light gray cross design"
005529.png,"Green pointed banner hanging from two brown loops, tapering downward into points"
005530.png,"Green swallowtail banner hanging from two brown loops, featuring a notched bottom"
005531.png,"Flower garden plot with green grass, two brown-orange flowers, and gray borders"
005532.png,"Wooden bed viewed from the foot, with brown pillow and yellow blanket"
005533.png,"Wooden bed viewed from the foot, with yellow pillow and green blanket"
005534.png,"Wooden nightstand in light brown, featuring two stacked drawers with pull handles"
005535.png,"Wooden cabinet in light brown, featuring two panel doors and short legs"
005536.png,"Wooden nightstand in light brown, featuring a single panel door and legs"
005537.png,"Wooden door with rounded top-left corner, rectangular peephole window, and right handle"
005538.png,"Wooden door with rounded top-right corner, rectangular peephole window, and left handle"
005539.png,"Rectangular wooden door in light brown, with narrow peephole and right-side handle"
005540.png,"Rectangular wooden door in light brown, with narrow peephole and left-side handle"
005541.png,"Brown wooden door with viewing slot, set in frame with slanted top-left corner"
005542.png,"Brown wooden door with viewing slot, set in frame with slanted top-right corner"
005543.png,"Brown wooden door with viewing slot, bordered by grey stone on the left"
005544.png,"Brown wooden door with viewing slot, fully enclosed in a grey stone frame"
005545.png,"Grey metal door with viewing slot, set in frame with slanted top-left corner"
005546.png,"Grey metal door with viewing slot, set in frame with slanted top-right corner"
005547.png,"Grey metal door with viewing slot, bordered by grey stone on the left"
005548.png,"Grey metal door with viewing slot, fully enclosed in a grey stone frame"
005549.png,"Arched window with grey stone frame, vertical bars, and glowing orange interior light"
005550.png,"Rectangular window with grey stone frame, vertical bars, and glowing orange interior light"
005551.png,"Arched window with brown wooden frame, vertical bars, and glowing orange interior light"
005361.png,Wooden chair with backrest on the left and an orange seat cushion
005362.png,Wooden chair with backrest on the right and an orange seat cushion
005363.png,Cloth sack in light beige with folded top edge and brown outline
005364.png,Swimming pool water in light cyan with grey corner steps in bottom right
005365.png,Swimming pool water in light cyan with grey corner steps in bottom left
005366.png,Stone floor texture composed of interlocking rectangular brown paving tiles
005367.png,Stone floor texture composed of interlocking rectangular cream and beige paving tiles
005368.png,Wooden floor texture composed of vertical planks in shades of brown
005369.png,Wooden floor texture composed of horizontal planks in shades of brown
005370.png,Sleeping bag in green fabric with a pale beige pillow at top
005371.png,Wooden bed with beige sheet and folded diagonal orange blanket
005372.png,Wooden bed with beige sheet and horizontal orange blanket at the foot
005373.png,Wooden bed frame with corner posts and a plain light brown mattress
005374.png,Wooden bed frame with corner posts and a plain beige mattress cover
005375.png,Wooden wardrobe with two panelled cabinet doors inside a brown frame
005376.png,Four-pane window with dark grey glass set in a brown wooden frame
005377.png,Four-pane window with dark glass framed by orange curtains inside wood trim
005378.png,Four-pane window with dark glass framed by green curtains inside wood trim
005379.png,Four-pane window with dark glass framed by teal curtains inside wood trim
005380.png,Sleeveless tunic or dress in bright teal with a scooped neckline
005561.png,"Wooden counter, light brown rectangular top with a darker brown trim and right leg"
005562.png,"Wooden armchair, light brown seat and backrest framed by darker brown arms and legs"
005563.png,"Flower patch, three orange flowers on green grass with a grey stone corner"
005564.png,"Flower patch, two orange flowers on green grass with an upper-left grey stone corner"
005565.png,"Flower patch, two orange flowers on green grass with a vertical grey stone border"
005566.png,"Flower patch, three cross-shaped orange flowers with yellow centers on green grass"
005567.png,"Flower patch, two orange flowers on green grass with a vertical grey right border"
005568.png,"Dirt path tile, brown earthy ground with dark brown edges and scattered darker spots"
005569.png,"Vertical dirt path, brown textured earth flanked by uneven dark brown side borders"
005570.png,"Arched double doors, light grey panels with dark grey framing and small handles"
005571.png,"Rectangular double doors, light grey vertical panels with dark grey borders and handles"
005572.png,"Arched double doors, brown wooden vertical panels with grey metal hinges and handles"
005573.png,"Rectangular double doors, brown wooden vertical panels with grey hinges and center handles"
005574.png,"Lawn path tile, bright green central strip bordered by darker green vertical edges"
005575.png,"Paved path, narrow light grey central strip bordered by bright green lawn sections"
005576.png,"Hanging banner, green pointed pennant with darker green borders and a shield outline"
005577.png,"Hanging banner, green cloth with a swallowtail notched bottom and dark green trim"
005578.png,"Dirt path tile, brown square ground patch with jagged top and bottom borders"
005579.png,"Curved dirt patch, brown earth forming a quarter-circle shape with an upper-left arc"
005580.png,"Curved dirt patch, brown earth forming a quarter-circle shape with an upper-right arc"
005401.png,Arched mirror with a curved light brown frame and pale blue reflective glass
005402.png,Arched mirror with a narrow brown frame and diagonal reflections on blue glass
005403.png,"Chair seen from behind, made of tan wood with two lower leg gaps"
005404.png,"Armchair facing right, made of tan wood with an orange seat cushion"
005405.png,"Armchair facing left, made of tan wood with an orange seat cushion"
005406.png,"Desk made of grey metal, viewed from front with two wide legs"
005407.png,Wooden tabletop corner with a tan surface and one left brown leg
005408.png,"Wooden tabletop center section, flat tan surface with dark brown horizontal edges"
005409.png,Low grey metal desk with dark grey borders and two short legs
005410.png,"Grey metal bench with a flat top, dark border, and two legs"
005411.png,Mushroom with a broad reddish-brown cap and a thick tan stalk
005412.png,Swimming pool tile showing cyan water and an inner top-right grey corner
005413.png,Swimming pool tile showing cyan water and an inner top-left grey corner
005414.png,Swimming pool tile with cyan water and a vertical grey left edge
005415.png,Swimming pool water tile in solid cyan with scattered pale sparkle dots
005416.png,Swimming pool tile with cyan water and a vertical grey right edge
005417.png,Paving tile made of brown stone with irregular horizontal and vertical cracks
005418.png,"Paving tile made of brown stone with jagged, branching vertical crack lines"
005419.png,Floor tile featuring brown rectangular bricks laid in a horizontal running bond
005420.png,Floor tile featuring brown rectangular bricks laid with alternating vertical seams
005421.png,Wooden floor tile composed of light brown parquet planks in a geometric pattern
005422.png,"Wooden wardrobe with two tall paneled doors, light brown finish, and small feet"
005423.png,"Wooden bed frame featuring corner posts, short legs, and a white pillow"
005424.png,"Wooden dresser with a single drawer, corner posts, and a small white mirror"
005425.png,"Arched window with a grey frame, white inner panes, and dark teal glass"
005426.png,"Rectangular window with a grey frame, white inner panes, and dark teal glass"
005427.png,"Arched window with a brown wooden frame, four panes, and orange glass"
005428.png,"Rectangular window with a brown wooden frame, four panes, and orange glass"
005429.png,Teal rectangular curtain hanging straight with subtle vertical folds and dark border
005430.png,Teal curtains parted in the center to form two matching vertical fabric panels
005431.png,Teal pennant banner tapering downward into an inverted triangular point at bottom
005432.png,Teal swallowtail banner with two pointed tails cut into the bottom edge
005433.png,Orange draped curtains tied back on both sides beneath a brown wooden valance
005434.png,Green draped curtains tied back on both sides beneath a brown wooden valance
005435.png,Teal draped curtains tied back on both sides beneath a brown wooden valance
005436.png,Wooden shelf displaying a small yellow glass bottle beside a green bottle
005437.png,Wooden bed with an orange blanket folded back over a white bedsheet
005438.png,Wooden bed with corner posts and a solid orange blanket across it
005439.png,"Wooden bed with corner posts, four legs, and an uncovered tan mattress"
005440.png,Wooden bed with corner posts and a wide beige blanket draped across
005581.png,Arched mirror with a brown wooden frame and reflective light blue glass
005582.png,Rectangular mirror with a brown wooden frame and reflective light blue glass
005583.png,"Wooden chest, left half, featuring an arched top, silver band, and dark keyhole"
005584.png,"Wooden chest, right half, featuring an arched top, silver band, and dark keyhole"
005585.png,"Wooden chest, left arched section, bordered with silver metal trim and horizontal band"
005586.png,"Wooden chest, right arched section, bordered with silver metal trim and horizontal band"
005587.png,"Wooden chest, left rectangular section, with silver metal edging and a horizontal band"
005588.png,"Wooden chest, rectangular box with silver metal trim, horizontal band, and dark keyhole"
005589.png,"Metal chest, left arched half, grey body with a brown wooden horizontal band"
005590.png,"Metal chest, right arched half, grey body with a brown wooden horizontal band"
005591.png,"Metal chest, left rectangular section, grey body with a brown wooden horizontal band"
005592.png,"Metal chest, right rectangular section, grey body with a brown wooden horizontal band"
005593.png,"Arched wardrobe made of light grey metal, featuring two vertical doors and handles"
005594.png,"Arched wardrobe made of brown wood, featuring two vertical doors with silver handles"
005595.png,"Bed, top-left corner, featuring a turquoise quilt and cream-coloured top sheet border"
005596.png,"Bed, top edge section, featuring a turquoise quilt with a cream-coloured top sheet"
005597.png,"Bed, top-right corner, featuring a turquoise quilt and cream-coloured top sheet border"
005598.png,"Wooden chest, left rectangular half, featuring brown wood, silver band, and dark keyhole"
005599.png,"Wooden chest, right rectangular half, featuring brown wood, silver band, and dark keyhole"
005600.png,"Rectangular wardrobe made of light grey metal, featuring two vertical doors and handles"
005601.png,"Wooden wardrobe, brown double doors with central handles and outer grey hinges"
005602.png,"Green pipe segment, tapering tube of stepped bright green cylinders pointing right"
005603.png,"Arched stone furnace, dark grey brick chimney with burning orange and yellow fire"
005604.png,"Arched stone fireplace, dark grey domed furnace enclosing glowing yellow-orange flames"
005605.png,"Arched mirror, light brown wooden frame surrounding a pale blue reflective glass pane"
005606.png,"Grey metal container, rounded top with a narrow cyan glowing horizontal slit"
005607.png,"Wooden chest, brown rimmed box filled with a mound of orange material"
005608.png,"Wooden chest, brown rimmed box filled with a mound of bright yellow gold"
005609.png,"Wooden drawer unit, brown outer frame with two horizontal dark grey recessed slots"
005610.png,"Brown mushroom, dome-shaped brown cap supported by a pale beige vertical stalk"
005611.png,"Planter tile, green grass patch with two orange flowers bordered on bottom-left"
005612.png,"Planter tile, green grass patch with two orange flowers bordered on the bottom"
005613.png,"Planter tile, green grass patch with two orange flowers bordered on bottom-right"
005614.png,"Brown dirt tile, textured light brown earth with irregular jagged vertical sides"
005615.png,"Brown dirt tile, textured light brown earth with jagged irregular top and bottom"
005616.png,"Dirt path corner, light brown curved wedge with a dark brown outer edge"
005617.png,"Dirt path corner, rounded light brown earth quadrant with dark brown curved contour"
005618.png,"Turquoise water tile, speckled cyan surface with a pale vertical border on left"
005619.png,"Turquoise water tile, solid square of speckled cyan liquid with no borders"
005620.png,"Turquoise water tile, speckled cyan surface with a pale vertical border on right"
005641.png,Arched stone doorway with a smooth grey frame around a dark interior
005642.png,"Arched stone window with a grey frame, vertical mullions, and dark panes"
005643.png,Green fabric awning side section with folded cloth and dark green shading
005644.png,Green fabric awning center section showing draped cloth with a curved bottom
005645.png,Green fabric awning side section sloping down on the right with folds
005646.png,Arched brick fireplace with glowing orange and yellow fire burning over wood
005647.png,Arched brick fireplace with shifting orange flames glowing against dark hearth stones
005648.png,Campfire with tall orange and yellow flames rising from crossed brown logs
005649.png,Campfire with flickering orange flames burning on top of crossed wooden logs
005650.png,Round wooden mirror containing reflective pale blue glass with diagonal white glares
005651.png,Wooden fence segment with two upright posts holding two horizontal brown rails
005652.png,Square wooden mirror featuring light blue reflective glass with diagonal white streaks
005653.png,Gold candelabra with three vertical candle holders on straight branched arms
005654.png,"Gold candelabra with three candles mounted on tiered, stepped horizontal arms"
005655.png,Silver candelabra with three vertical candle holders on straight grey arms
005656.png,"Silver candelabra with three candles resting on tiered, stepped horizontal arms"
005657.png,Crossed wooden logs arranged in an interlocking star pattern for firewood
005658.png,Low wooden railing with two side posts and one broad horizontal plank
005659.png,Green grass tile with three white four-petaled flowers and connecting stems
005660.png,Green grass tile with two white four-petaled flowers beside a grey stone
005621.png,Window with a brown wooden frame and pale blue glass with white reflections
005622.png,Wooden ladder section with brown vertical posts and three horizontal rungs
005623.png,Pointed stone archway with a grey stone frame and dark hollow interior
005624.png,Rectangular stone doorway with a grey stone border and dark grey interior
005625.png,Narrow stone window with a tall grey frame and dark vertical opening
005626.png,"Gothic stone window with a pointed arch, central divider, and dark openings"
005627.png,"Green hanging banner tapering to a blunt point, with darker green edges"
005628.png,"Green hanging banner tapering downwards, featuring a vertical pale grey central stripe"
005629.png,Wooden sign or placard composed of brown horizontal planks with scalloped edges
005630.png,"Wooden cuckoo clock with a pointed roof, white face, and grey pendulum"
005631.png,Dark doorway with an open brown wooden door on the left side
005632.png,Dark doorway with an open brown wooden door on the right side
005633.png,Dark doorway with a flat brown wooden door along the left side
005634.png,Dark doorway with a flat brown wooden door along the right side
005635.png,Dark doorway with an open grey metal door on the left side
005636.png,Dark doorway with an open grey metal door on the right side
005637.png,Dark doorway with a flat grey metal door along the left side
005638.png,Dark doorway with a flat grey metal door along the right side
005639.png,Wide pointed stone archway with a grey frame and dark hollow interior
005640.png,Cruciform arrowslit window inside a tall grey stone frame with dark opening
005661.png,"Flower garden corner tile with white daisies, green grass, and grey stone border"
005662.png,"Flower bed border tile with white daisies, green grass, and top grey stone fence"
005663.png,Brown dirt terrain tile with speckled darker spots and cut-off lower right corner
005664.png,Brown dirt terrain tile with subtle speckles and a cut-away bottom-left corner
005665.png,Turquoise water tile bordered by light beige sand along the left and bottom
005666.png,Turquoise water tile bordered by a straight beige sandy edge along the bottom
005667.png,Turquoise water tile bordered by light beige sand along the right and bottom edges
005668.png,Green cactus with two raised side arms on a vertical central stem
005669.png,Arched window frame made of beige stone surrounding a dark grey opening
005670.png,Rectangular window with a light beige stone border and dark grey interior
005671.png,Narrow rectangular window with a cream stone frame and dark grey glass
005672.png,"Gothic arched window with a central stone mullion, light frame, and dark panes"
005673.png,"Flower bed corner tile with white daisies, green grass, and top-right grey border"
005674.png,Brown dirt cliff corner curving down from the top right to bottom left
005675.png,Brown dirt wall tile with an uneven crenelated top edge and darker speckles
005676.png,Brown dirt cliff corner curving downward from top left to bottom right
005677.png,Deciduous tree with a rounded light green leafy crown and short brown trunk
005678.png,Autumn tree featuring a rounded orange crown atop a short brown wooden trunk
005679.png,Deciduous tree featuring a rounded dark teal crown and a short brown trunk
005680.png,Triangular pine tree with stepped green foliage layers tapering to a pointed top
005701.png,"Wooden cross, brown timber post with horizontal crossbar and pointed top"
005702.png,"Cave entrance, arched grey stone opening leading into dark interior with orange specks"
005703.png,"Cave entrance, grey stone arched tunnel leading into a dark interior with embers"
005704.png,"Round green bush, simple circular shrub with light green top and darker base"
005705.png,"Teal flower, cross-shaped blue-green petals and yellow center planted on green grass"
005706.png,"Orange flower, four reddish-orange petals and yellow center growing in green grass"
005707.png,"Purple flower, four violet petals with bright yellow center growing on green grass"
005708.png,"White flower, cross-shaped pale grey petals with yellow center on green grass"
005709.png,"Grass tile, light green patch with white flowers and grey top-right corner"
005710.png,"Grass tile, green lawn with white flowers and grey stone top-left corner"
005711.png,"Grass tile, green patch with white flowers and grey border along left edge"
005712.png,"Grass tile, green square ground covered with three white flowers and yellow centers"
005713.png,"Grass tile, green patch with white flowers and grey border along right edge"
005714.png,"Dirt ground tile, light brown soil with darker specks and top-right corner notch"
005715.png,"Dirt ground tile, light brown soil with darker specks and top-left corner notch"
005716.png,"Dirt ground tile, light brown soil with a jagged dark brown left edge"
005717.png,"Dirt ground tile, solid light brown square speckled with darker brown spots"
005718.png,"Dirt ground tile, light brown soil with a jagged dark brown right edge"
005719.png,"Wooden tree trunk, vertical brown log with two short side branches protruding outward"
005720.png,"Wooden cabinet, grey border framing a dark top slot and brown bottom drawer"
005681.png,"Conical tree foliage, stepped triangular shape composed of warm orange and brown tones"
005682.png,"Conical evergreen pine tree foliage, stepped triangular shape in muted green shades"
005683.png,"Deciduous tree with rounded green foliage, tiny red berries, and a brown trunk"
005684.png,"Bare tree trunk with cut branches, rendered in light and dark brown wood"
005685.png,Pointed stone doorway with a dark grey empty interior and light beige trim
005686.png,Narrow cross-shaped arrow slit window framed by light beige stone with dark opening
005687.png,Arched stone doorway with a thick beige frame and dark black open interior
005688.png,Arched stone window with beige frame and two dark openings separated by vertical mullion
005689.png,Oval light blue egg or magical stone with glowing cyan circular symbols
005690.png,Prickly pear cactus with three rounded green pads connected together with subtle spots
005691.png,Rectangular wooden chest with grey metal frame borders and a central clasp
005692.png,Wooden door leaf with grey stone border along the top and left edges
005693.png,Wooden door leaf with grey stone border along the top and right edges
005694.png,Rounded grey stone gravestone with an embossed cross in the center
005695.png,Dome-shaped light green bush with faint darker green spots along its rounded surface
005696.png,Dome-shaped autumn bush with warm orange and brown tones and subtle surface spots
005697.png,Dome-shaped evergreen bush in dark green shades with subtle darker textured spots
005698.png,Dome-shaped light green bush dotted with several small red berries or flowers
005699.png,"Cluster of four colorful cut gemstones in yellow, purple, orange, and cyan"
005700.png,Rectangular stone gravestone with chamfered top corners and an embossed grey cross
005741.png,Green floor tile with a light beige border on the top and left edges
005742.png,Green floor tile bordered by a light beige band across the top edge
005743.png,Green floor tile with a light beige border on the top and right edges
005744.png,Round green bush with a small yellow flower blooming on its top left
005745.png,Framed wall painting with a brown wooden border and green interior landscape design
005746.png,Framed wall painting with a brown wooden frame showing an orange pumpkin silhouette
005747.png,Framed wall painting with a brown wooden frame displaying a teal silhouette inside
005748.png,Stone cross grave marker in light grey with a pointed arrow-shaped top
005749.png,Wooden door or cabinet with a thick grey frame and dark rectangular slot
005750.png,Brown wooden door featuring a dark upper rectangular panel and lower inset trim
005751.png,Wooden treasure chest with an arched lid and a grey metal banded frame
005752.png,"Arched wooden chest or door, left half with grey metal trim"
005753.png,"Arched wooden chest or door, right half with grey metal trim"
005754.png,Green slime monster with a rounded dome body and tiny blue spots
005755.png,Stone cross tombstone in light grey with rounded arms and dark outlines
005756.png,Tall stone cross grave marker in light grey with a dark grey outline
005757.png,"Green grass platform, left end piece with a rounded outer corner"
005758.png,"Green grass platform, middle section with flat edges on both sides"
005759.png,"Green grass platform, right end piece with a rounded outer corner"
005760.png,"Stone wall ruins in light grey, forming jagged stepped rocky blocks"
005721.png,"Door, brown wood with grey metal frame, dark upper window, lower panel"
005722.png,"Door, wide brown wood panel with dark upper window and brown frame"
005723.png,"Door, narrow brown wood panel with dark upper window and brown frame"
005724.png,"Grass slope, green and triangular, rising diagonally from left to right"
005725.png,"Grass slope, green and triangular, descending diagonally from left to right"
005726.png,"Sand slope, beige and triangular, rising diagonally from left to right"
005727.png,"Sand slope, beige and triangular, descending diagonally from left to right"
005728.png,"Fireplace, grey stone frame enclosing burning orange fire against dark interior"
005729.png,"Fireplace, grey stone frame enclosing taller orange fire against dark interior"
005730.png,"Bush, rounded green foliage with flat base and dark green outline"
005731.png,"Bush, rounded brown autumn foliage with flat base and dark outline"
005732.png,"Bush, rounded teal-green foliage with flat base and dark outline"
005733.png,"Conical bush, narrow green tapering plant with a flat horizontal base"
005734.png,"Conical bush, narrow brown tapering plant with a flat horizontal base"
005735.png,"Conical bush, narrow teal-green tapering plant with a flat horizontal base"
005736.png,"Bush, rounded green foliage dotted with small red berries, flat base"
005737.png,"Cactus, rounded green succulent pad with a circular orange flower attached"
005738.png,"Throne, bronze-coloured armchair with high backrest, side armrests, and stepped seat"
005739.png,"Throne, silver-coloured armchair with high backrest, side armrests, and stepped seat"
005740.png,"Throne, gold-coloured armchair with high backrest, side armrests, and stepped seat"
005761.png,Grass tile with two white flowers and a grey stone curb on bottom-left edges
005762.png,Grass tile with two white flowers and a grey stone curb along the bottom
005763.png,Grass tile with two white flowers and a grey stone curb on bottom-right edges
005764.png,"Brown dirt path segment with dark speckles, flat top, and pinched vertical sides"
005765.png,"Brown dirt path dead-end with dark speckles, stepped sides, and an arched rounded top"
005766.png,Brown dirt corner tile with textured spots and a curved bottom-left dark border
005767.png,"Brown dirt tile with textured spots, flat top, and an uneven stepped bottom"
005768.png,Brown dirt corner tile with textured spots and a curved bottom-right dark border
005769.png,Green grass tile with darker speckles and a pale cream vertical left border
005770.png,Green grass tile with darker green speckled texture across a solid square
005771.png,Green grass tile with darker speckles and a pale cream vertical right border
005801.png,Dome-shaped green bush with scattered purple spots and a flat dark base
005802.png,Pile of gold coins forming a rounded heap with bright yellow shading
005803.png,"Silver coin stacks, featuring one tall column beside a shorter right column"
005804.png,"Gold coin stacks, featuring one tall column beside a shorter right column"
005805.png,"Water lily flower with white petals, yellow pistils, resting in green foliage"
005806.png,Round green bush with a central vertical seam and jagged leaf edges
005807.png,"Two glass potion bottles with cork stoppers, one yellow and one green"
005808.png,Green hedge wall tile with a left corner and subtle darker speckles
005809.png,Green hedge wall tile with a flat horizontal top and textured surface
005810.png,Green hedge wall tile with a right corner and subtle darker speckles
005811.png,Green grass plant with several leafy blades pointing upwards from the base
005812.png,Small green bush with a rounded diamond shape and textured leaf segments
005813.png,Small pile of gold coins forming a rounded heap with yellow shading
005814.png,Square grass tile with three blue four-petal flowers and a grey stone corner
005815.png,Square grass tile with two blue four-petal flowers and a grey stone corner
005816.png,Square grass tile with three blue flowers framed by grey stone corner borders
005817.png,Square grass tile with three blue flowers and a grey stone top border
005818.png,Square brown dirt tile with darker brown corner notches and textured spots
005819.png,Square green grass tile with a pale beige border along the left and bottom
005820.png,Square green grass tile with a pale beige border along the bottom edge
005781.png,"Wooden wall panel, light brown square surface framed by a darker brown border"
005782.png,"Narrow wooden wall panel, light brown rectangular plank framed by a dark brown border"
005783.png,"Wooden service counter, framed in grey stone with a dark window and lower door"
005784.png,"Partial service counter, grey left frame with a dark horizontal slot and brown door"
005785.png,"Narrow service counter segment, grey border with a brown wooden door and dark window"
005786.png,"Green tent roof section, square green canvas with a diagonal highlight and brown corner"
005787.png,"Green tent entrance tile, angled green fabric roof with an exposed brown interior opening"
005788.png,"Beige tent roof section, cream canvas square with a diagonal highlight and brown corner"
005789.png,"Beige tent entrance tile, angled cream fabric roof with an exposed brown interior opening"
005790.png,"Stone furnace, light grey masonry structure with a dark chimney opening and square base"
005791.png,"Bare tree trunk, brown wooden stem with short branching limbs extending outward"
005821.png,"Grass tile, green square with darker spots, light brown border on right and bottom"
005822.png,"Sand tile, tan square with dark brown and beige borders on top and left"
005823.png,"Sand tile, tan square with a dark brown top edge and beige bottom strip"
005824.png,"Sand tile, tan square with dark brown and beige borders on top and right"
005825.png,"Sand tile, tan square with top-left borders and a light bottom-right corner notch"
005826.png,"Sand tile, tan square with top-right borders and a light bottom-left corner notch"
005827.png,"Sand tile, tan square with a left border and two light right-side corner notches"
005828.png,"Sand tile, tan square with a beige bottom border and two top corner notches"
005829.png,"Stone tile, grey square with dark grey and light borders on top and left"
005830.png,"Stone tile, grey square with a dark top edge and light grey bottom strip"
005831.png,"Stone tile, grey square with dark grey and light borders on top and right"
005832.png,"Stone tile, grey square with top-left borders and a light bottom-right corner notch"
005833.png,"Stone tile, grey square with top-right borders and a light bottom-left corner notch"
005834.png,"Stone tile, grey square with a left border and two light right-side corner notches"
005835.png,"Stone tile, grey square with a light bottom border and two top corner notches"
005836.png,"Slate tile, blue-grey square with dark borders on the top and left edges"
005837.png,"Slate tile, blue-grey square with a dark top edge and pale bottom strip"
005838.png,"Slate tile, blue-grey square with dark borders on the top and right edges"
005839.png,"Slate tile, blue-grey square with top-left borders and a light bottom-right corner notch"
005840.png,"Slate tile, blue-grey square with top-right borders and a light bottom-left corner notch"
005861.png,"Wooden bridge segment with light brown planks, vertical posts, and blue water splashes below"
005862.png,"Wooden bookcase with brown frame, two short legs, and green, blue, and orange books"
005863.png,"Wooden low bookshelf with brown rectangular frame, holding green, teal, and orange books"
005864.png,"Grass tile with blue flowers, yellow centers, and gray pavement in top-right corner"
005865.png,"Grass tile with blue flowers, yellow centers, and gray pavement in top-left corner"
005866.png,Grass tile with blue flowers bordered by a vertical gray pavement strip left
005867.png,Grass tile filled with three blue four-petal flowers with yellow center dots
005868.png,Grass tile with blue flowers bordered by a vertical gray pavement strip right
005869.png,"Stone pavement tile with mottled gray surface, notched corner, and indented right border"
005870.png,"Stone walkway tile with mottled gray surface and jagged, indented vertical side edges"
005871.png,Tan floor tile framed by dark gray-brown borders along top and left edges
005872.png,Tan square floor tile featuring pale triangular corner brackets with tiny dark dots
005873.png,Tan floor path tile bordered by vertical light bands and darker side edges
005874.png,"Tan floor tile with dark left edge, light bottom border, and corner bracket"
005875.png,"Tan floor tile with light borders, dark right edge, and top-left corner accent"
005876.png,Tan floor tile with dark right edge and pale corner brackets on left
005877.png,Tan floor tile with light horizontal borders and pale corner brackets at bottom
005878.png,Gray floor tile framed by dark gray borders along top and left edges
005879.png,Gray square floor tile featuring lighter corner brackets with small darker corner dots
005880.png,Gray path tile bordered by lighter vertical stripes and darker vertical side edges
005941.png,"Grey stone wall corner with stepped parapet, dark grey rim, and lighter layered face"
005942.png,Grey stone wall segment with two dark vertical pillars flanking a recessed panel
005943.png,Grey stone wall piece with a stepped-down right parapet and dark grey trim
005944.png,Grey stone wall section with a recessed central crenel and light grey surface
005945.png,Grey stone wall segment with a higher left ledge stepping down to the right
005946.png,Grey stone wall corner piece with a higher right ledge stepping down to the left
005947.png,Grey stone wall segment featuring an offset top notch and light grey face
005948.png,Grey stone wall corner with an elevated right section and dark grey framing
005949.png,Wooden wall panel with two dark brown vertical pillars flanking a recessed wooden square
005950.png,Wooden wall section with a recessed central crenel and shaded tan front surface
005951.png,Wooden wall piece featuring a stepped-down right parapet with a raised right edge
005952.png,Wooden wall segment with
005901.png,Brown wooden wall panel with horizontal planks and a vertical border along the left
005902.png,"Brown wooden wall panel with horizontal planks, a left border, and notched top trim"
005903.png,Brown wooden wall panel with horizontal planks in alternating light and dark shades
005904.png,Brown wooden wall panel with horizontal planks and a decorative notched top border
005905.png,"Brown wooden wall panel with horizontal planks, a right border, and notched top"
005906.png,Brown wooden wall panel with horizontal planks and a vertical border along the right
005907.png,Grey stone block with irregular jagged edges and light grey textured surface
005908.png,Grey stone block curved into an upper-left quarter-circle with a textured surface
005909.png,Grey stone block curved into an upper-right quarter-circle with mottled texturing
005910.png,Wooden drying rack post with an arm hanging a single teal fish
005911.png,Wooden drying rack post with an extended beam hanging two teal fish
005912.png,Wooden bridge or dock platform segment with posts dipping into light blue water
005913.png,Orange ground tile framed with a pale cream border along the top and left
005914.png,Orange ground tile framed with a pale cream border along the top edge
005915.png,Orange ground tile framed with a pale cream border along the top and right
005916.png,Brown wooden table or low shelf with horizontal planks and two side legs
005917.png,Brown wooden box or step showing horizontal planks enclosed within a dark frame
005918.png,"Green grass patch with two blue flowers, edged by grey pavement on the bottom-left"
005919.png,"Green grass patch with two blue flowers, edged by grey pavement along the bottom"
005920.png,"Green grass patch with two blue flowers, edged by grey pavement on the bottom-right"
005961.png,"Wooden bookshelf section filled with two rows of blue, green, and orange books"
005962.png,"Wooden bookcase section with a right wall, holding two rows of colorful books"
005963.png,"Wooden bookcase right-side section with two shelves containing teal, green, and orange books"
005964.png,Horizontal stone wall segment with light gray masonry and stepped dark gray edges
005965.png,Wooden trellis structure with a dark brown pillar on the left and pale lattice
005966.png,Wooden trellis structure with pale square lattice on the left and brown support pillar
005967.png,"Wooden bridge segment with brown planks, protruding posts, and water visible at bottom"
005968.png,"Short wooden bookcase standing on legs, holding a shelf of colorful vertical books"
005969.png,"Small wooden bookshelf unit containing a single row of teal, orange, and green books"
005970.png,Green grass ground tile featuring textured squares and a rounded bottom-right corner
005971.png,Green grass ground tile featuring textured squares and a rounded bottom-left corner
005972.png,Orange carpet corner tile with a pale cream-colored border on the left and bottom
005973.png,Orange carpet edge tile with a pale cream-colored border along the bottom edge
005974.png,Orange carpet corner tile with a pale cream-colored border on the right and bottom
005975.png,Beige floor tile with a wide brownish-gray horizontal band along the bottom edge
005976.png,Beige floor tile framed by dark grayish-brown borders along the left and bottom
005977.png,"Beige floor tile bordered on the left, bottom, and right by dark grayish-brown edges"
005978.png,Beige floor tile framed by dark grayish-brown borders along the right and bottom
005979.png,Beige floor tile with a dark grayish-brown vertical border along the left edge
005980.png,Solid light beige floor tile with a uniform flat sandy-colored square surface
005921.png,"Grey stone block, square mottled texture, notched corners and jagged left edge"
005922.png,"Grey stone block, square mottled texture, protruding tabs on top and bottom edges"
005923.png,"Grey stone quarter-circle tile, curved lower-left edge outlined in darker slate grey"
005924.png,"Grey stone quarter-circle tile, curved lower-right edge outlined in darker slate grey"
005925.png,"Orange dirt ground tile, patterned with darker squares and a pale beige left border"
005926.png,"Orange dirt ground tile, covered in a grid of subtle darker orange squares"
005927.png,"Orange dirt ground tile, patterned with darker squares and a pale beige right border"
005928.png,"Tan stone floor tile, bordered by dark brown vertical raised edges on both sides"
005929.png,"Stepped beige wall tile, with a dark brown border along top and left edges"
005930.png,"Stepped beige wall tile, with a dark brown stepped border along the top edge"
005931.png,"Stepped beige wall tile, with a dark brown border along top and right edges"
005932.png,"Beige interior wall tile, with dark brown borders on top and left sides"
005933.png,"Beige wall segment, featuring a stepped top edge lined with a dark brown border"
005934.png,"Beige wall corner tile, with a dark brown border on the top and right"
005935.png,"Grey stone floor tile, bordered by dark grey vertical edges on both sides"
005936.png,"Stepped grey wall tile, with a dark grey border along top and left edges"
005937.png,"Stepped grey wall tile, with a dark grey stepped border along the top edge"
005938.png,"Stepped grey wall tile, with a dark grey border along top and right edges"
005939.png,"Grey interior wall tile, with dark grey borders on top and left sides"
005940.png,"Grey wall segment, featuring a stepped top edge lined with a dark grey border"
005981.png,"Square tile, beige surface with a shaded vertical border along the right edge"
005982.png,"Square tile, light grey surface with a horizontal shaded border across the bottom"
005983.png,"Square tile, light grey surface with dark beveled borders on bottom and left edges"
005984.png,"Square tile, light grey surface framed by dark borders along three lower sides"
005985.png,"Square tile, light grey surface with dark beveled borders on bottom and right edges"
005986.png,"Square tile, light grey surface with a vertical shaded border along the left edge"
005987.png,"Square tile, light grey surface with a vertical shaded border along the right edge"
005988.png,"Square tile, blue-grey surface with a horizontal shaded border along the bottom edge"
005989.png,"Square tile, blue-grey surface with shaded borders along the bottom and left edges"
005990.png,"Square tile, blue-grey surface framed by borders along the bottom and side edges"
005991.png,"Square tile, blue-grey surface with shaded borders along the bottom and right edges"
005992.png,"Square tile, blue-grey surface with a vertical shaded border along the left edge"
005993.png,"Square tile, blue-grey surface with a vertical shaded border along the right edge"
005994.png,"Square tile, brown surface with a horizontal shaded border along the bottom edge"
005995.png,"Square tile, brown surface with darker borders along the bottom and left edges"
005996.png,"Square tile, brown surface framed by darker borders along the bottom and sides"
005997.png,"Square tile, brown surface with darker borders along the bottom and right edges"
005998.png,"Square tile, brown surface featuring a darker vertical border on the left edge"
005999.png,"Square tile, plain uniform solid brown surface without any borders or patterns"
006000.png,"Square tile, brown surface featuring a darker vertical border on the right edge"
006021.png,Square beige panel tile with dark borders along right and bottom edges
006022.png,Square beige panel tile with dark borders along top and left edges
006023.png,Square beige panel tile with a dark border along the top edge
006024.png,Square beige panel tile with dark borders along top and right edges
006025.png,Square grey panel tile with dark horizontal borders along top and bottom
006026.png,Square grey panel tile with dark borders along left and bottom edges
006027.png,Square grey frame tile with dark borders along all four outer edges
006028.png,Square grey panel tile with dark borders along right and bottom edges
006029.png,Square light grey panel tile with dark borders along top and left edges
006030.png,Square light grey panel tile with a dark border across the top edge
006031.png,Square light grey panel tile with dark borders along top and right edges
006032.png,Square steel blue panel tile with dark borders along top and bottom
006033.png,Square steel blue panel tile with dark borders along left and bottom edges
006034.png,Square steel blue frame tile with dark borders along all four edges
006035.png,Square steel blue panel tile with dark borders along right and bottom edges
006036.png,Square pale blue panel tile with dark borders along top and left edges
006037.png,Square pale blue panel tile with a dark border across the top edge
006038.png,Square pale blue panel tile with dark borders along top and right edges
006039.png,Square brown panel tile with dark horizontal borders along top and bottom
006040.png,Square brown panel tile with dark borders along left and bottom edges
006041.png,"Wooden block tile, square brown wood with a dark brown outer border"
006042.png,"Wooden block tile, brown wood with dark borders on three outer edges"
006043.png,"Wooden block tile, brown wood with dark borders on top and left"
006044.png,"Wooden block tile, brown wood with a dark border across the top"
006045.png,"Wooden block tile, brown wood with dark borders on top and right"
006046.png,Green carpet tile with light beige border bands along top and left
006047.png,Green floor tile with horizontal light beige stripes across the top
006048.png,Green carpet tile with light beige border bands along top and right
006049.png,"Dark grey tombstone, rounded stone headstone standing on a wide stepped base"
006050.png,"Dark grey tombstone, rounded stone headstone wrapped with a light brown cloth"
006051.png,"Grey stone block, square tile with beveled top corners and recessed center"
006052.png,"Grey stone block, square tile with beveled corners and inset grey panel"
006053.png,"Grey stone block, flat grey surface with beveled dark-trimmed top corners"
006054.png,"Grey stone block, flat light grey square with dark borders on three sides"
006055.png,"Lever switch, grey rectangular stone base with an upright wooden handle"
006056.png,"Lever switch, grey rectangular stone base with a wooden handle leaning left"
006057.png,"Lever switch, grey rectangular stone base with a wooden handle leaning right"
006058.png,"Foliage corner, green bush canopy curved along the bottom-left edge"
006059.png,"Foliage cluster, square green bush canopy with small scalloped lower leaves"
006060.png,"Foliage corner, green bush canopy curved along the bottom-right edge"
006061.png,"Stone pedestal with indented sides, flat top, and mottled grey surface"
006062.png,"Stone tombstone with an arched top, stepped base, and grey mottled texture"
006063.png,Stone corner tile with a rounded bottom-left quadrant in mottled grey
006064.png,Stone corner tile with a rounded bottom-right quadrant in mottled grey
006065.png,Fabric runner edge in green with tan stripes along the left side
006066.png,Fabric tile in solid green forming a flat square surface
006067.png,Fabric runner edge in green with tan stripes along the right side
006068.png,Wooden wall panel of beige horizontal planks with a left vertical border
006069.png,Wooden wall panel composed of four horizontal beige planks without borders
006070.png,Wooden wall panel of beige horizontal planks with a right vertical border
006071.png,Wooden wall panel of beige horizontal planks bordered on both vertical sides
006072.png,Wooden support bracket forming an inverted L-shape for an upper-left corner
006073.png,Wooden support bracket forming an inverted L-shape for an upper-right corner
006074.png,Grey wall panel of horizontal light grey planks with a left border
006075.png,Grey wall panel of horizontal light grey planks with a right border
006076.png,Grey wall panel of light grey horizontal planks bordered on both sides
006077.png,Stone support bracket forming an inverted L-shape for an upper-left corner
006078.png,Stone support bracket forming an inverted L-shape for an upper-right corner
006079.png,Blue-grey wall panel of horizontal planks with a dark left border
006080.png,Blue-grey wall panel of horizontal planks with a dark right border
006001.png,"Bush canopy segment, rounded green foliage with light green dappled highlights"
006002.png,"Hedge foliage segment, green horizontal shrub with a scalloped top border"
006003.png,"Bush canopy segment, green foliage forming an upper-right rounded curve with highlights"
006004.png,"Grey stone boulder, rounded left half with subtle mottled blocky highlights"
006005.png,"Grey stone boulder, rounded right half with subtle mottled blocky highlights"
006006.png,"Open parchment scroll, light beige rolled paper with brown wooden spindle ends"
006007.png,"Brown rectangular block with rounded edges, lighter central groove, and cyan bottom trim"
006008.png,"Roast poultry, golden-brown cooked meat resting on a white platter with steam"
006009.png,"Open book with a reddish-brown cover, two beige pages, and top bookmarks"
006010.png,"Open book with a green cover, two beige pages, and top bookmarks"
006011.png,"Open book with a dark teal cover, two beige pages, and top bookmarks"
006012.png,"White teapot with grey outline, left spout, round right handle, and small feet"
006013.png,"Grass terrain tile, green ground with dappled spots and a clipped top-right corner"
006014.png,"Grass terrain tile, green ground with dappled spots and a clipped top-left corner"
006015.png,"Grass terrain tile, green ground featuring an irregular jagged left border edge"
006016.png,"Grass terrain tile, solid green ground patterned with lighter green square spots"
006017.png,"Grass terrain tile, green ground featuring an irregular jagged right border edge"
006018.png,"Parchment frame tile, beige surface bounded by brown horizontal border bars"
006019.png,"Parchment frame tile, beige surface enclosed by a brown border on three sides"
006020.png,"Parchment window tile, square beige surface completely framed by a brown outer border"
006101.png,"Grass ground tile, square green patch bordered by pale beige and light green edges"
006102.png,"Stone staircase, beige three-step stairs ascending to the right with a dark brown outline"
006103.png,"Stone staircase, beige three-step stairs descending to the right with a dark brown outline"
006104.png,"Stone wall tile, beige square framing three vertical bars ascending in height towards right"
006105.png,"Stone wall tile, beige square framing three vertical bars descending in height towards right"
006106.png,"Sandstone wall tile, pale beige block with faint bricks and a dark brown base"
006107.png,"Sandstone wall tile, pale beige block with faint bricks between dark top and bottom borders"
006108.png,"Sandstone floor tile, square pale beige stone marked with three faint rectangular bricks"
006109.png,"Stone staircase, light grey three-step stairs ascending to the right with a dark outline"
006110.png,"Stone staircase, light grey three-step stairs descending to the right with a dark outline"
006111.png,"Stone wall tile, grey square framing three vertical bars ascending in height towards right"
006112.png,"Stone wall tile, grey square framing three vertical bars descending in height towards right"
006113.png,"Stone wall tile, light grey block with faint bricks and a dark grey base"
006114.png,"Stone wall tile, light grey block with faint bricks between dark top and bottom borders"
006115.png,"Stone staircase, pale blue-grey stairs ascending to the right with a dark slate outline"
006116.png,"Stone staircase, pale blue-grey stairs descending to the right with a dark slate outline"
006117.png,"Stone wall tile, blue-grey square framing three vertical bars ascending in height to right"
006118.png,"Stone wall tile, blue-grey square framing three vertical bars descending in height to right"
006119.png,"Stone wall tile, pale blue-grey block with faint bricks and a dark slate base"
006120.png,"Stone wall tile, pale blue-grey block with faint bricks between dark top and bottom borders"
006081.png,Metal wall panel with light grey horizontal slats flanked by vertical side rails
006082.png,Grey metal beam forming an upper-left corner support with a diagonal bracket
006083.png,Grey metal beam forming an upper-right corner support with a diagonal bracket
006084.png,Wooden wall panel featuring light brown horizontal planks with a darker left border
006085.png,Wooden wall panel consisting of uniform light brown horizontal planks filling the square
006086.png,Wooden wall panel featuring light brown horizontal planks with a darker right border
006087.png,Wooden wall panel with horizontal planks between darker vertical left and right borders
006088.png,Wooden corner beam forming an upper-left support bracket in medium brown tones
006089.png,Wooden corner beam forming an upper-right support bracket in medium brown tones
006090.png,Wooden crate with a dark brown outer frame and a recessed square center
006091.png,"Wooden crate with angled top corners, dark borders, and a recessed center panel"
006092.png,Wooden block with chamfered top corners and a flat light-brown front face
006093.png,Wooden block with chamfered top corners and a dark brown bottom border
006094.png,Lever switch featuring a grey rectangular base and an upright brown handle angled right
006095.png,Lever switch featuring a grey rectangular base and an upright brown handle angled left
006096.png,"Orange dirt block speckled with yellow flecks, having a cut-off bottom-right corner"
006097.png,"Orange dirt block speckled with yellow flecks, having a cut-off bottom-left corner"
006098.png,Grey stone tile with subtle surface spots and darker notched squares at each corner
006099.png,Green carpet corner tile bordered on the left and bottom by cream stripes
006100.png,Green carpet edge tile bordered along the bottom edge by horizontal cream stripes
006121.png,"Wooden staircase ascending rightward, composed of three stepped light brown blocks with dark borders"
006122.png,"Wooden staircase descending rightward, composed of three stepped light brown blocks with dark borders"
006123.png,"Wooden crate panel, dark brown square frame enclosing three vertical light brown wooden planks"
006124.png,"Wooden crate panel, dark brown square frame enclosing three vertical light brown planks"
006125.png,"Dirt ground block, light brown square surface with darker spots and dark brown base"
006126.png,"Layered dirt block featuring horizontal bands of light, medium, and dark brown soil"
006127.png,"Dirt ground tile, solid square light brown surface marked with faint darker specks"
006128.png,"Curved rock block, orange-brown stone quadrant with rounded upper edge and yellow specks"
006129.png,"Rough rock wall, orange-brown stone block with a jagged top edge and yellow flecks"
006130.png,"Curved rock block, orange-brown stone quadrant with rounded right edge and yellow specks"
006131.png,"Stone platform segment, light grey rounded slab with bumpy edges and faint specks"
006132.png,"Stone boulder segment, light grey rounded rock with scalloped edges and subtle spots"
006133.png,"Railway track segment, two horizontal grey metal rails laid over three vertical brown sleepers"
006134.png,"Railway track segment, two horizontal grey metal rails laid over two vertical brown sleepers"
006135.png,"Railway track junction, grey metal rails branching diagonally across three vertical brown wooden sleepers"
006136.png,"Railway track junction, grey metal rails splitting diagonally across three vertical brown wooden ties"
006137.png,"Railway track junction, grey rails branching diagonally across two vertical brown wooden sleepers"
006138.png,"Railway track junction, grey rails forming a diagonal branch across two brown wooden sleepers"
006139.png,"Curved railway track, arched grey metal rails laid over a diagonal brown wooden sleeper"
006140.png,"Curved railway track, grey metal rails bending sharply across a diagonal brown wooden tie"
006141.png,"Wooden cabinet, tall brown rectangular frame with recessed panel and grey feet"
006142.png,"Metal locker, tall grey rectangular frame with dark screen and grey feet"
006143.png,"Wooden cart, short brown rectangular box supported by two grey metal feet"
006144.png,"Metal cart, short grey rectangular box with brown interior and grey feet"
006145.png,"Leather satchel, rounded brown horizontal pouch with central strap and cyan trim"
006146.png,"Dirt block, orange-brown square tile with cut-off top-right corner and yellow specks"
006147.png,"Dirt block, orange-brown square tile with cut-off top-left corner and yellow specks"
006148.png,"Dirt wall, orange-brown tile with a jagged left edge and yellow specks"
006149.png,"Dirt block, solid orange-brown square tile speckled with yellow and dark dots"
006150.png,"Dirt wall, orange-brown tile with a jagged right edge and yellow specks"
006151.png,"Stone wall tile, beige block with jagged right edge and notched corner"
006152.png,"Stone pillar, beige vertical segment with scalloped left and right edges"
006153.png,"Stone pillar, smooth beige vertical column flanked by dark grey borders"
006154.png,"Stone pillar, beige vertical column with dark borders and surface cracks"
006155.png,"Stone wall tile, beige square with dark top-left borders and cracks"
006156.png,"Stone wall tile, beige square with a dark top border and cracks"
006157.png,"Stone wall tile, beige square with dark top-right borders and cracks"
006158.png,"Stone floor tile, beige square surface marked by branching grey cracks"
006159.png,"Stone pillar, smooth grey vertical column flanked by dark grey borders"
006160.png,"Stone pillar, grey vertical column with dark borders and surface cracks"
005881.png,"Grey stone tile with dark left border, pale bottom edge, and corner accent"
005882.png,"Grey stone tile with notched top-left corner, pale bottom edge, and right border"
005883.png,Grey stone tile with light left corner notches and dark vertical right border
005884.png,Grey stone tile with layered top border and light bottom corner accents
005885.png,Grey stone tile with layered blue-grey borders enclosing a central recessed square
005886.png,Grey stone tile with four light corner brackets and darker square inner accents
005887.png,Grey stone tile flanked by vertical pale grey stripes and darker outer borders
005888.png,Grey stone tile with pale bottom and left bands and top-right corner bracket
005889.png,Grey stone tile with pale bottom border and a light top-left corner bracket
005890.png,Grey stone tile with light left corner brackets and a vertical right edge
005891.png,Grey stone tile with horizontal top band and two light bottom corner accents
005892.png,Brown wooden tile with layered square frame surrounding a recessed central panel
005893.png,Brown wooden tile featuring darker brown corner brackets at all four corners
005894.png,Brown wooden tile with vertical side borders flanking a flat central wooden panel
005895.png,Brown wooden tile with darker inner corner border and top-right corner bracket
005896.png,"Brown wooden tile with pale bottom border, dark inner line, and corner bracket"
005897.png,Brown wooden tile with dark left corner brackets and a vertical right border
005898.png,Brown wooden tile with horizontal top edge and dark bottom corner brackets
005899.png,Wooden cabinet with two brown drawer fronts framed by flat side panels
005900.png,Wooden nightstand with two brown drawers and two short legs at the base
006181.png,Wooden fence section with brown posts and two light grey metal horizontal rails
006182.png,Wooden fence section with brown vertical posts and light grey crisscrossed metal rails
006183.png,"Tattered parchment sheet, square beige paper with ragged corners and scattered speckles"
006184.png,Beige stone tile with a rounded top-left corner arc and straight edges
006185.png,Beige stone tile with a rounded top-right corner arc and straight edges
006186.png,Square orange tile framed by cream and white stripes on the upper-left borders
006187.png,"Horizontal orange tile topped by parallel horizontal stripes of cream, white, and tan"
006188.png,Square orange tile framed by cream and white stripes on the upper-right borders
006189.png,Beige vertical tab with a rectangular inset and a stepped diagonal lower-right edge
006190.png,Light grey metal tab with an inner rectangle and stepped diagonal lower-right edge
006191.png,Steel blue-grey vertical tab with an inner rectangle and stepped diagonal lower-right edge
006192.png,Brown wooden vertical tab with an inner rectangle and stepped diagonal lower-right edge
006193.png,Tall brown wooden minecart or crate with two small grey metal wheels below
006194.png,Tall brown wooden minecart encased in a light grey metal frame with wheels
006195.png,Brown wooden minecart with a hollow interior and two small grey bottom wheels
006196.png,Brown wooden minecart reinforced with a grey metal frame and two bottom wheels
006197.png,Brown dirt mound with an asymmetrical profile rising to a peak on the right
006198.png,Brown tree stump or flat-topped dirt mound with a pale horizontal stripe
006199.png,Brown dirt mound sloping upward smoothly to a rounded peak on the right
006200.png,"Brown dirt mound featuring two rounded peaks, the taller one on the right"
006161.png,Cracked grey stone block with dark borders along the top and left edges
006162.png,Cracked grey stone block with a dark border along the top edge
006163.png,Cracked grey stone block with dark borders along the top and right edges
006164.png,Cracked grey stone block showing central branching fissures without outer borders
006165.png,Cracked bluish-grey block with dark borders along the top and left edges
006166.png,Cracked bluish-grey block with a dark border along the top edge
006167.png,Cracked bluish-grey block with dark borders along the top and right edges
006168.png,Cracked bluish-grey block featuring central branching fissures without any borders
006169.png,Wooden wall panel composed of vertical brown planks with darker shading
006170.png,Cracked wooden wall panel made of vertical brown planks with fissures
006171.png,Cracked brown wooden block with dark borders along top and left edges
006172.png,Cracked brown wooden block with a dark border along the top edge
006173.png,Cracked brown wooden block with dark borders along top and right edges
006174.png,Cracked brown wooden block showing central branching fissures without outer borders
006175.png,Curved railway track with grey metal rails and a diagonal wooden sleeper
006176.png,Curved railway track with grey metal rails and an opposite diagonal wooden sleeper
006177.png,Straight railway track with two vertical grey rails and three horizontal wooden ties
006178.png,Straight railway track with two vertical grey rails and two horizontal wooden ties
006179.png,Wooden barricade of three vertical brown planks with left-side cracked grey crossbars
006180.png,Wooden barricade of three vertical brown planks with right-side cracked grey crossbars
006201.png,"Cookie corner piece, curved bottom-left segment of spotted orange-brown baked dough"
006202.png,"Cookie bottom edge, rectangular orange-brown pastry segment with yellow spots and scalloped rim"
006203.png,"Cookie corner piece, curved bottom-right segment of spotted orange-brown baked dough"
006204.png,"Flatbread edge tile, light beige square dough fragment with notched corner borders"
006205.png,"Flatbread bottom edge, square light beige dough fragment with scalloped lower hem"
006206.png,"Flatbread corner piece, curved bottom-left quadrant of speckled pale beige baked dough"
006207.png,"Flatbread corner piece, curved bottom-right quadrant of speckled pale beige baked dough"
006208.png,"Border tile, warm amber-brown square featuring two vertical tan stripes on the left"
006209.png,"Plain tile, solid untextured square of warm amber-brown colour"
006210.png,"Border tile, warm amber-brown square featuring two vertical tan stripes on the right"
006211.png,"Column capital, carved beige stone pillar top with flared molding and vertical fluting"
006212.png,"Column base, carved beige stone pillar bottom with stepped plinth and vertical shaft"
006213.png,"Cracked wall tile, beige stone bottom-left corner with branching fissure and dark borders"
006214.png,"Cracked wall tile, beige stone bottom segment with central fissure and dark baseboard"
006215.png,"Cracked wall tile, beige stone bottom-right corner with vertical fissure and dark borders"
006216.png,"Cracked floor tile, square beige stone block with a branching central fracture"
006217.png,"Column capital, carved light grey marble pillar top with flared molding and fluting"
006218.png,"Column base, carved light grey marble pillar bottom with stepped plinth and shaft"
006219.png,"Cracked wall tile, grey stone bottom-left corner with branching fissure and dark borders"
006220.png,"Cracked wall tile, grey stone bottom segment with central fissure and dark baseboard"
006261.png,"Square tile with layered nested borders in dark orange, amber, cream, and beige"
006262.png,"Triangular ramp tile, beige with a dark grey stepped diagonal edge ascending right"
006263.png,"Triangular ramp tile, beige with a dark grey stepped diagonal edge descending right"
006264.png,"Square block tile, light beige with dark grey borders along top and left"
006265.png,"Square block tile, light beige with a dark grey border along the top"
006266.png,"Square block tile, light beige with dark grey borders along top and right"
006267.png,"Triangular ramp tile, reddish-brown with a dark brown stepped diagonal edge ascending right"
006268.png,"Triangular ramp tile, reddish-brown with a dark brown stepped diagonal edge descending right"
006269.png,"Square block tile, reddish-brown with dark brown borders along top and left"
006270.png,"Square block tile, reddish-brown with a dark brown border along the top"
006271.png,"Square block tile, reddish-brown with dark brown borders along top and right"
006272.png,"Triangular ramp tile, pale blue-grey with a dark grey stepped diagonal edge ascending right"
006273.png,"Triangular ramp tile, pale blue-grey with a dark grey stepped diagonal edge descending right"
006274.png,"Square block tile, pale blue-grey with dark grey borders along top and left"
006275.png,"Square block tile, pale blue-grey with a dark grey border along the top"
006276.png,"Square block tile, pale blue-grey with dark grey borders along top and right"
006277.png,"Triangular ramp tile, tan-brown with a dark brown stepped diagonal edge ascending right"
006278.png,"Triangular ramp tile, tan-brown with a dark brown stepped diagonal edge descending right"
006279.png,"Square block tile, tan-brown with dark brown borders along top and left"
006280.png,"Square block tile, tan-brown with a dark brown border along the top"
006281.png,Brown square block tile with subtle shading along the top and right edges
006282.png,Wooden ladder segment with three horizontal brown rungs bound to grey vertical rails
006283.png,Wooden ladder segment with three brown rungs wrapped diagonally with grey metal wire
006284.png,Wooden ladder piece with two horizontal brown rungs secured to grey vertical posts
006285.png,Wooden ladder piece with two brown rungs tied diagonally to grey vertical posts
006286.png,"Open brown sack filled with white flour, holding an inserted wooden scoop handle"
006287.png,Purple slime tile forming a rounded upper-left corner with glowing pink spots
006288.png,Purple slime wall tile with an uneven wavy top edge and pink spots
006289.png,Purple slime tile forming a rounded upper-right corner with a bright pink speck
006290.png,Beige clay tile forming a curved upper-left corner with subtle lighter surface spots
006291.png,Beige stone tile with an uneven scalloped top edge and subtle speckled texture
006292.png,Beige clay tile forming a rounded upper-right corner with soft speckled surface shading
006293.png,Wooden fence segment of two brown vertical planks joined by horizontal grey brackets
006294.png,Wooden fence segment of two vertical brown pickets bound with grey metal bars
006295.png,Wooden fence post of a single brown vertical plank with rightward grey hinges
006296.png,Wooden fence post of a single brown vertical plank with leftward grey hinges
006297.png,"Brown wooden cart viewed from above, carrying bright yellow glowing ore inside"
006298.png,"Grey metal cart viewed from above, filled with glowing yellow ore or gold"
006299.png,"Brown wooden minecart filled with yellow ore, resting on two small grey wheels"
006300.png,"Grey metal minecart containing yellow glowing ore, supported by two small grey wheels"
006301.png,"Grey rock boulder, flat-bottomed stone formation with tiered peaks and dark grey outline"
006302.png,"Grey rock boulder, rounded stone mound with a dark grey stepped border"
006303.png,"Grey rock boulder, symmetrical rounded stone formation outlined in dark grey"
006304.png,"Sandy ramp, pale beige staircase slope rising from left to right"
006305.png,"Sandy ramp, pale beige staircase slope descending from left to right"
006306.png,"Brown dirt ramp, earthy staircase slope rising from left to right"
006307.png,"Brown dirt ramp, earthy staircase slope descending from left to right"
006308.png,"Stone ramp, light grey-blue staircase slope rising from left to right"
006309.png,"Stone ramp, light grey-blue staircase slope descending from left to right"
006310.png,"Clay ramp, tan brown staircase slope rising from left to right"
006311.png,"Clay ramp, tan brown staircase slope descending from left to right"
006312.png,"Purple terrain tile, square block with pink speckles and cut top-right corner"
006313.png,"Purple terrain tile, square block with pink speckles and cut top-left corner"
006314.png,"Purple terrain tile, square block with pink speckles and jagged left border"
006315.png,"Purple terrain tile, flat square block patterned with pink and dark squares"
006316.png,"Purple terrain tile, square block with pink speckles and jagged right border"
006317.png,"Sand terrain tile, pale beige square block with notched top-right corner"
006318.png,"Sand terrain tile, pale beige square block with notched top-left corner"
006319.png,"Sand terrain tile, pale beige block with darker jagged left edge"
006320.png,"Sand terrain tile, flat pale beige square block with subtle darker flecks"
006241.png,"Wooden fence post, brown vertical timber with two grey metal brackets on the right"
006242.png,"Wooden fence post, brown vertical timber with two grey horizontal rails passing through"
006247.png,"High-backed wooden chair, brown frame with light grey backrest, cushion, and metal feet"
006248.png,"High-backed stone chair, grey frame with light grey backrest, cushion, and darker feet"
006249.png,"Low wooden armchair, brown square frame with light grey cushioned seat and grey feet"
006250.png,"Low stone armchair, grey square frame with light grey cushioned seat and dark feet"
006251.png,"Tree stump, brown cut wooden log with wide base and short side branch"
006252.png,"Rocky mound, brown stone boulder covered with patches of green moss on left"
006253.png,"Rocky mound, triangular brown stone formation covered with green moss along the slope"
006321.png,"Stone block, pale beige with small square speckles and a jagged right edge"
006322.png,"Wall tile, pale beige square with a dark grey vertical stripe on the left"
006323.png,"Wall tile, pale beige square with a dark grey vertical stripe on the right"
006324.png,"Platform tile, beige horizontal rectangle with a pale band along the bottom"
006325.png,"Wall tile, pale beige square with a thin dark vertical edge on the left"
006326.png,"Wall tile, plain beige square with a solid uniform flat surface"
006327.png,"Wall tile, warm brown square with a dark vertical stripe along the left"
006328.png,"Wall tile, warm brown square with a dark vertical stripe along the right"
006329.png,"Platform tile, brown horizontal rectangle with a lighter band along the bottom"
006330.png,"Wall tile, brown square with a narrow darker vertical stripe on the left"
006331.png,"Wall tile, solid brown square with a completely flat, uniform color"
006332.png,"Wall tile, brown square with a thin darker vertical border on the right"
006333.png,"Wall tile, pale greyish-blue square with a dark grey stripe on the left"
006334.png,"Wall tile, pale greyish-blue square with a dark grey stripe on the right"
006335.png,"Wall tile, pale blue-grey square with a thin dark border on the left"
006336.png,"Wall tile, pale blue-grey square with a thin dark border on the right"
006337.png,"Wall tile, medium brown square with a dark vertical shadow on the left"
006338.png,"Wall tile, light brown square with a dark vertical shadow on the right"
006339.png,"Platform tile, light brown horizontal rectangle with a pale bottom stripe"
006340.png,"Wall tile, light brown square with a narrow dark vertical left border"
006381.png,"Wooden wall tile, square light brown surface with a lighter horizontal baseboard along bottom"
006382.png,"Wooden wall tile, brown square with lighter bottom baseboard and dark right vertical trim"
006383.png,"Triangular roof tile, pale blue-grey wedge with a stepped diagonal edge rising to right"
006384.png,"Triangular roof tile, pale blue-grey wedge with a stepped diagonal edge sloping down right"
006385.png,"Diagonal wall tile, pale blue-grey block with stepped bottom edge and dark left border"
006386.png,"Diagonal wall tile, pale blue-grey block with stepped bottom edge and dark right border"
006387.png,"Wall tile, pale blue-grey square with dark left border and light bottom baseboard"
006388.png,"Wall tile, pale blue-grey square with dark right border and light bottom baseboard"
006389.png,"Triangular wooden tile, brown wedge with a stepped diagonal edge rising to upper right"
006390.png,"Triangular wooden tile, brown wedge with a stepped diagonal edge descending to lower right"
006391.png,"Diagonal wooden wall tile, brown shape with stepped bottom edge and dark left border"
006392.png,"Diagonal wooden wall tile, brown shape with stepped bottom edge and dark right border"
006393.png,"Wooden wall tile, brown square with dark left border and light bottom baseboard"
006394.png,"Wooden wall tile, brown square featuring a pale horizontal baseboard across the bottom"
006395.png,"Wooden wall tile, brown square with dark right border and light bottom baseboard"
006396.png,"Wooden fence gate, light brown double-door gate between two vertical pointed posts"
006397.png,"Wooden fence section, two vertical pointed brown posts joined by two horizontal rails"
006398.png,"Wooden fence section, left vertical pointed post with two horizontal rails extending rightward"
006399.png,"Wooden fence section, right vertical pointed post with two horizontal rails extending leftward"
006400.png,"Wooden fence section, central vertical post with two horizontal rails extending both ways"
006341.png,"Ground tile of solid, uniform light tan brown color"
006342.png,Railroad track segment with two vertical grey rails and two brown wooden ties
006343.png,Railroad track end piece with one brown wooden tie on grey rails
006344.png,Railroad track intersection with crossed grey metal rails in a grid pattern
006345.png,Railroad track segment with two vertical grey rails crossing two brown wooden ties
006346.png,Arched wooden door with light brown vertical planks and darker square panels
006347.png,Water tile corner with teal body bordered on top and left by cream
006348.png,"Water tile edge with horizontal bands of cream, cyan, and deep teal"
006349.png,Water tile corner with teal body bordered on top and right by cream
006350.png,"Minecart with brown wooden frame, dark grey interior, and bottom metal wheels"
006351.png,"Minecart with tall grey metal frame, brown stripe, and dark interior"
006352.png,"Minecart with brown wooden body, dark grey interior, and two bottom wheels"
006353.png,"Minecart with grey metal body, tan stripe, and dark grey interior"
006354.png,Grey stone boulder with jagged top and patches of green moss
006355.png,Railroad track segment with one brown wooden tie crossing two grey rails
006356.png,Grey rock mound with pointed peak and patches of green moss
006357.png,Flat grey stone formation covered with patches of bright green moss
006358.png,Purple canopy corner with rounded bottom-left edge and small pink spots
006359.png,Purple canopy segment with scalloped bottom edge and scattered pink spots
006360.png,Purple canopy corner with rounded bottom-right edge and small pink spots
006361.png,"Slice of bread with beige crumb, square darker pores, and light brown crust"
006362.png,"Slice of bread with domed top, flat bottom, and light brown crust outline"
006363.png,"Quarter flatbread with beige surface, square pores, and curved bottom-left crust"
006364.png,Flatbread edge piece featuring a porous beige surface and scalloped bottom crust
006365.png,"Quarter flatbread with beige surface, square pores, and curved bottom-right crust"
006366.png,Teal rug border tile with vertical cream and light blue stripes on left
006367.png,"Teal rug center tile consisting of a plain, solid blue-green square surface"
006368.png,Teal rug border tile with vertical light blue and cream stripes on right
006369.png,Steep beige roof tile with grey vertical left edge and stepped diagonal right
006370.png,Steep beige roof tile with grey vertical right edge and stepped diagonal left
006371.png,Shallow beige roof tile with vertical grey left trim and lower diagonal slope
006372.png,Shallow beige roof tile with vertical grey right trim and lower diagonal slope
006373.png,Beige wall corner tile with grey left border and lighter tan bottom trim
006374.png,Beige wall tile with a horizontal light tan baseboard along bottom edge
006375.png,Beige wall corner tile with grey right border and lighter tan bottom trim
006376.png,Steep brown roof tile with dark brown left trim and stepped diagonal slope
006377.png,Steep brown roof tile with dark brown right trim and stepped diagonal slope
006378.png,Shallow brown roof tile with dark brown left trim and lower diagonal slope
006379.png,Shallow brown roof tile with dark brown right trim and lower diagonal slope
006380.png,Brown wall corner tile with dark brown left border and lighter bottom baseboard
006221.png,"Cracked stone wall tile, grey surface with dark right and bottom edges and central fissure"
006222.png,"Stone pillar capital, pale grey with flared top molding resting on a column shaft"
006223.png,"Stone pillar base, pale grey pedestal with stepped sides and a sturdy flat bottom"
006224.png,"Cracked stone tile, pale bluish-grey with dark left and bottom edges and branching fracture"
006225.png,"Cracked stone tile, pale bluish-grey with a dark grey bottom edge and vertical fissure"
006226.png,"Cracked stone tile, pale bluish-grey with dark right and bottom edges and branching fracture"
006227.png,"Cracked stone tile, flat pale bluish-grey square surface featuring a large central branching fracture"
006228.png,"Wooden pillar capital, warm brown carved block with flared top resting on a column"
006229.png,"Wooden pillar base, warm brown carved pedestal with stepped vertical sides and flat base"
006230.png,"Cracked brown stone tile, dark left and bottom borders with an angled branching fissure"
006231.png,"Cracked brown stone tile, dark lower border"
006481.png,Green bar segment with rounded left end and dark green border
006482.png,Green horizontal bar segment with dark green top and bottom borders
006483.png,Green bar segment with rounded right end and dark green border
006484.png,Green bar segment with rounded left cap and dark green outline
006485.png,Green bar segment with rounded right cap and dark green outline
006486.png,Brown left-pointing arrow button with dark brown border and flat right side
006487.png,Brown right-pointing arrow button with dark brown border and flat left side
006488.png,Grey left-pointing arrow button with dark grey border and flat right side
006489.png,Grey right-pointing arrow button with dark grey border and flat left side
006490.png,Cream left-pointing arrow button with greyish brown border and flat right side
006491.png,Cream right-pointing arrow button with greyish brown border and flat left side
006492.png,Tan square parchment piece with ragged top and left notched edges
006493.png,Tan horizontal rectangular parchment piece with jagged top edge
006494.png,Tan square parchment piece with notched top and right jagged edges
006495.png,Pale cream square paper piece with ragged top and left notched edges
006496.png,Pale cream rectangular paper piece with jagged top edge
006497.png,Pale cream square paper piece with notched top and right jagged edges
006498.png,Brown square tile with a darker vertical stripe along the left edge
006499.png,Brown square tile with a darker vertical stripe along the right edge
006500.png,Light grey square tile with a dark grey stripe on the left edge
006401.png,"Island rock, brown stone formation protruding from light blue water with white ripples"
006402.png,"Island rock, single brown stone peak resting in light blue water with highlights"
006403.png,"Island rock, low brown boulder resting in light blue water with white dots"
006404.png,"Bush, purple foliage cluster with irregular jagged edges and darker shaded outline"
006405.png,"Bush, yellow foliage cluster with irregular jagged edges and darker golden outline"
006406.png,"Bush, orange foliage cluster with irregular jagged edges and darker brown outline"
006407.png,"Bush, green foliage cluster with irregular jagged edges and darker olive outline"
006408.png,"Square stone tile, beige paving block with darker corner notches and surface speckles"
006409.png,"Water corner tile, turquoise pool bordered on the left and bottom by beige"
006410.png,"Water edge tile, turquoise section bordered along the bottom edge by beige stripes"
006411.png,"Water corner tile, turquoise pool bordered on the right and bottom by beige"
006412.png,"Pointed banner top, beige fabric featuring a triangular peak with dark outlines"
006413.png,"Banner middle section, beige vertical strip flanked by dark brown side borders"
006414.png,"Swallowtail banner bottom, beige cloth ending in an inverted triangular cutout notch"
006415.png,"Wall tile, beige square surface featuring a dark vertical left border and speckles"
006416.png,"Wall tile, beige square surface featuring a dark vertical right border and speckles"
006417.png,"Pointed banner top, brown fabric featuring a triangular peak with dark outlines"
006418.png,"Banner middle section, brown vertical strip flanked by dark brown side borders"
006419.png,"Swallowtail banner bottom, brown cloth ending in an inverted triangular cutout notch"
006420.png,"Wall tile, brown square surface featuring a dark vertical left border and speckles"
006441.png,"Wooden gate, brown double doors between two square fence posts"
006442.png,"Wooden fence, brown horizontal planks between two vertical square posts"
006443.png,"Wooden fence, brown horizontal planks with a single post on the left"
006444.png,"Wooden fence, brown horizontal planks with a single post on the right"
006445.png,"Wooden fence, brown horizontal planks centered around a single vertical post"
006446.png,"Square tile, brown with darker borders along the top and left edges"
006447.png,"Square tile, brown with a darker border along the top edge"
006448.png,"Square tile, brown with darker borders along the top and right edges"
006449.png,"Square tile, grey with darker borders along the top and left edges"
006450.png,"Square tile, grey with a darker border along the top edge"
006451.png,"Square tile, grey with darker borders along the top and right edges"
006452.png,"Square tile, beige with darker borders along the top and left edges"
006453.png,"Square tile, beige with a darker border along the top edge"
006454.png,"Square tile, beige with darker borders along the top and right edges"
006455.png,"Square tile, green with darker borders along the top and left edges"
006456.png,"Square tile, green with a darker border along the top edge"
006457.png,"Square tile, green with darker borders along the top and right edges"
006458.png,"Square tile, terracotta brown with darker borders along top and left edges"
006459.png,"Square tile, terracotta brown with a darker border along the top edge"
006460.png,"Square tile, terracotta brown with darker borders along top and right edges"
006461.png,Teal platform tile with light top edge and dark cyan left border
006462.png,Teal platform tile featuring a light cyan highlight along the top edge
006463.png,Teal platform tile with light top edge and dark cyan right border
006464.png,Green platform tile with light green top edge and dark left border
006465.png,Green platform tile with light top edge and dark green bottom border
006466.png,Green platform tile with light top edge and dark green right border
006467.png,Brown platform tile with light top edge and darker brown left border
006468.png,Brown platform tile with light top edge and darker brown bottom border
006469.png,Brown platform tile with light top edge and darker brown right border
006470.png,"Brown court tile with white boundary lines on top, left, and bottom"
006471.png,Brown court tile with white boundary lines along top and bottom edges
006472.png,"Brown court tile with white boundary lines on top, right, and bottom"
006473.png,Green vertical pipe with beveled top corners and dark green shaded sides
006474.png,Green rounded pipe cap with arched top and dark green shaded sides
006475.png,Teal vertical pipe with beveled top corners and dark shaded side edges
006476.png,Teal rounded pipe cap with arched top and dark shaded vertical sides
006477.png,Orange vertical pipe with beveled top corners and darker shaded side edges
006478.png,Orange rounded pipe cap with arched top and darker shaded vertical edges
006479.png,Green square block consisting of a single flat lime green solid color
006480.png,Green rectangular block consisting of a solid flat lime green color
006421.png,"Ribbon piece, brown square cloth with a dark vertical right border"
006422.png,"Ribbon top end, light grey cloth with a pointed triangular peak"
006423.png,"Ribbon section, light grey vertical rectangular cloth with darker side borders"
006424.png,"Ribbon bottom end, light grey cloth with an inverted triangular notch"
006425.png,"Ribbon piece, light grey square cloth with a dark left border"
006426.png,"Ribbon piece, light grey square cloth with a dark right border"
006427.png,"Ribbon top end, brown cloth with a pointed triangular peak"
006428.png,"Ribbon section, brown vertical rectangular cloth with darker side borders"
006429.png,"Ribbon bottom end, brown cloth with an inverted triangular notch"
006430.png,"Ribbon piece, brown square cloth with a dark vertical left border"
006431.png,"Ribbon piece, tan square cloth with a dark vertical right border"
006432.png,"Rock formation, grey stone protruding from cyan water with white foam"
006433.png,"Rock formation, small grey stone peak emerging from cyan water ripples"
006434.png,"Rock formation, jagged grey stone emerging from bright cyan water"
006435.png,"Bread slice half, pale beige crumb with tan crust, flat left edge"
006436.png,"Bread slice half, pale beige crumb with tan crust, flat right edge"
006437.png,"Gummy rabbit, purple candy bunny standing upright with tall ears and highlights"
006438.png,"Gummy rabbit, yellow candy bunny standing upright with tall ears and highlights"
006439.png,"Gummy rabbit, orange candy bunny standing upright with tall ears and highlights"
006440.png,"Gummy rabbit, green candy bunny standing upright with tall ears and highlights"
006501.png,"Square tile, light grey with a dark grey vertical border on the right"
006502.png,"Square tile, tan beige with brown and cream vertical stripes on the left"
006503.png,"Square tile, tan beige with cream and brown vertical stripes on the right"
006504.png,"Square tile, green with a dark olive green vertical border on the left"
006505.png,"Square tile, solid green with a flat uniform surface and no borders"
006506.png,"Square tile, green with a dark olive green vertical border on the right"
006507.png,"Square tile, reddish brown with a darker brown vertical stripe on the left"
006508.png,"Square tile, solid reddish brown with a completely uniform and flat surface"
006509.png,"Square tile, reddish brown with a darker brown vertical stripe on the right"
006510.png,"Square tile, teal cyan with a darker blue-green stripe along the left edge"
006511.png,"Square tile, solid teal cyan with a flat, completely uniform surface"
006512.png,"Square tile, teal cyan with a darker blue-green stripe along the right edge"
006513.png,"Square tile, brown with darker brown borders along the top and left edges"
006514.png,"Square tile, brown with a darker brown border along the top edge"
006515.png,"Square tile, brown with darker brown borders along the top and right edges"
006516.png,"Square tile, light grey with dark grey borders on top, bottom, and left"
006541.png,"Square tile, beige center with pale highlight and dark brown bottom-left border"
006542.png,"Square tile, beige center with light bottom highlight and dark brown bottom border"
006543.png,"Square tile, beige center with pale highlight and dark brown bottom-right border"
006544.png,"Square tile, bright green with darker green borders along the bottom and left edges"
006545.png,"Square tile, bright green with a darker green horizontal border along the bottom edge"
006546.png,"Square tile, bright green with darker green borders along the bottom and right edges"
006547.png,"Square tile, reddish brown with dark brown borders along the bottom and left edges"
006548.png,"Square tile, reddish brown with a dark brown horizontal border along the bottom edge"
006549.png,"Square tile, reddish brown with dark brown borders along bottom and right edges"
006550.png,"Square tile, teal blue with darker cyan borders along the bottom and left edges"
006551.png,"Square tile, teal blue with a darker cyan horizontal border along the bottom edge"
006552.png,"Square tile, teal blue with darker cyan borders along bottom and right edges"
006553.png,"Square tile, teal blue with dark borders on the top, bottom, and left sides"
006554.png,"Square tile, teal blue with dark horizontal borders along the top and bottom edges"
006555.png,"Square tile, teal blue framed by darker borders along all four outer edges"
006556.png,"Square tile, beige with dark grey borders along the top, bottom, and left"
006557.png,"Square tile, beige with dark grey horizontal borders along the top and bottom edges"
006558.png,"Square tile, beige with dark grey borders along top, bottom, and right edges"
006559.png,"Square tile, beige with white inner outline and dark borders on three sides"
006560.png,"Square tile, beige with white stripes and dark grey borders on top and bottom"
006561.png,"Square floor mat with a beige center, white inner trim, and grey border"
006562.png,Green vertical runner mat with dark green borders and rounded bottom corners
006563.png,Teal vertical runner mat with dark teal borders and rounded bottom corners
006564.png,Brown vertical runner mat with dark brown borders and rounded bottom corners
006573.png,Teal horizontal bench segment with a rounded left end and dark borders
006574.png,Teal horizontal bench segment with dark borders along the top and bottom
006575.png,Teal horizontal bench segment with a rounded right end and dark borders
006576.png,Teal horizontal cushion segment with a rounded left end and dark border
006577.png,Teal horizontal cushion segment with a rounded right end and dark border
006578.png,Round wooden stool with a light brown top and dark brown border
006579.png,Round wooden log end with concentric rings and a darker brown core
006580.png,Round grey stone plate with a pale center and darker grey rim
006521.png,Square gray panel framed by white highlight lines and dark gray outer borders
006522.png,"Vertical cylinder bar, bright green with darker green vertical shading along both edges"
006523.png,Vertical green cylinder tube with dark green borders and a tapered rounded bottom
006524.png,"Vertical cylinder bar, turquoise cyan with dark teal shading along both side edges"
006525.png,Vertical cyan cylinder tube with dark teal borders and a tapered rounded bottom
006526.png,"Vertical cylinder bar, warm brown with dark reddish-brown shading along both side edges"
006527.png,Vertical brown cylinder tube with dark reddish-brown borders and a tapered rounded bottom
006528.png,Tan paper sheet with two small square binder cutouts along the left edge
006529.png,Tan paper sheet with a single small square cutout on the right edge
006530.png,Cream paper sheet featuring two small square binder notches along the left edge
006531.png,"Square paper sheet, plain off-white flat surface with clean straight edges"
006532.png,Cream paper sheet featuring a single small square notch on the right edge
006601.png,Teal square block with dark cyan borders and small notches along outer edges
006602.png,Green horizontal bar end with rounded left edge and dark green outline
006603.png,Green horizontal bar segment with dark green borders along top and bottom edges
006604.png,Green horizontal bar end with rounded right edge and dark green outline
006605.png,"Brown horizontal bar end with dark brown borders along top, bottom, and left"
006606.png,Brown horizontal bar segment with dark brown borders along top and bottom edges
006607.png,"Brown horizontal bar end with dark brown borders along top, bottom, and right"
006608.png,Brown rectangular UI frame piece with white inner lining and dark brown border
006609.png,Brown horizontal panel segment with white and dark brown stripes along horizontal borders
006610.png,Brown rectangular UI frame piece with white inner lining and dark right border
006611.png,Left-pointing green arrow button with a dark green border and flat right edge
006612.png,Right-pointing green arrow button with a dark green border and flat left edge
006613.png,Left-pointing brown arrow button with dark brown border and flat vertical right edge
006614.png,Right-pointing brown arrow button with dark brown border and flat vertical left edge
006615.png,Left-pointing teal arrow button with dark cyan border and flat vertical right edge
006616.png,Right-pointing teal arrow button with dark cyan border and flat vertical left edge
006617.png,"Solid green rectangular block with completely flat, unbordered sides and uniform color"
006618.png,Narrow solid green rectangular block with flat edges and uniform lime green color
006619.png,Green terrain block with jagged notched indentations along its top and left edges
006620.png,Green grass platform block with an uneven notched top edge and flat base
006661.png,"Horizontal bar left end, rust orange with dark brown rounded border and lower shadow"
006662.png,"Horizontal bar right end, rust orange with dark brown rounded border and lower shadow"
006663.png,"Rectangular block, flat rust orange surface with sharp edges and uniform color"
006664.png,"Narrow rectangular block, flat rust orange surface with sharp edges and solid coloring"
006665.png,Brown platform corner block with dark notched borders on the left and bottom
006666.png,Brown platform center block with a dark notched border along the bottom edge
006667.png,Brown platform corner block with dark notched borders on the right and bottom
006668.png,Gray platform corner block with dark gray notched borders on left and bottom
006669.png,Gray platform center block with a dark gray notched border along the bottom
006670.png,Gray platform corner block with dark gray notched borders on right and bottom
006671.png,Beige platform corner block with dark notched borders on the left and bottom
006672.png,Beige platform center block with a dark notched border along the bottom edge
006673.png,Beige platform corner block with dark notched borders on the right and bottom
006674.png,Green platform corner block with darker notched borders on the left and bottom
006675.png,Green platform center block with a darker notched border along the bottom edge
006676.png,Green platform corner block with darker notched borders on the right and bottom
006677.png,Terracotta platform corner block with dark orange notched borders on left and bottom
006678.png,Terracotta platform center block with a dark orange notched border along the bottom
006679.png,Terracotta platform corner block with dark orange notched borders on right and bottom
006680.png,Cyan platform corner block with dark teal notched borders on the left and bottom
006641.png,"Square tile, flat solid lime green without any patterns, borders, or markings"
006642.png,Green rectangular panel with a small square notch centered on its right edge
006643.png,Brown rectangular panel with two small square notches spaced along its left edge
006644.png,"Square tile, flat solid warm brown without any patterns, borders, or markings"
006645.png,Brown rectangular panel with a small square notch centered on its right edge
006646.png,Teal rectangular panel with two small square notches spaced along its left edge
006647.png,"Square tile, flat solid teal without any patterns, borders, or markings"
006648.png,Teal rectangular panel with a small square notch centered on its right edge
006649.png,"Brown platform segment, horizontal block with dark brown top, bottom, and left borders"
006650.png,"Brown platform segment, horizontal block with dark brown borders on top and bottom"
006651.png,"Brown platform segment, horizontal block with dark brown top, bottom, and right borders"
006652.png,"Grey stone platform segment, light grey rectangular block with dark"
006701.png,"Solid teal rectangle, flat horizontal geometric block with clean edges and no shading"
006702.png,"Solid teal rectangle, horizontal geometric bar of uniform cyan tone without details"
006703.png,"Round green disc, circular tree canopy with lime interior and darker olive-green rim"
006704.png,"Round green disc, circular shape with olive border and darker square center spot"
006705.png,"Round brown disc, circular token with warm terracotta center and darker brown border"
006706.png,"Round brown disc, circular shape with dark rim and a darker square center"
006707.png,"Round cyan disc, circular shape with light turquoise center and darker teal border"
006708.png,"Round cyan disc, circular shape with dark teal border and square center spot"
006709.png,"Plain green tile, solid square field of uniform pale green without patterns"
006710.png,"Textured grass tile, light green square terrain accented with scattered darker green tufts"
006711.png,"Flowering meadow tile, light green square featuring two yellow-orange blossoms and grass accents"
006712.png,"Curved coastline tile, bright blue water meeting tan sand and green grass borders"
006713.png,"Straight coastline tile, light blue water bordered by sandy beach and green grass"
006714.png,"Industrial pipe, curved grey metallic conduit with a widened joint and dark outline"
006715.png,"Skyscraper complex, cluster of grey high-rise buildings with white windows and dark outlines"
006716.png,"Covered building, blocky grey facility with small windows enclosed by an arched canopy"
006717.png,"Industrial factory, blocky grey building featuring three sawtooth roof peaks and dark outlines"
006718.png,"Chemical plant, grey industrial complex with smokestack, horizontal pipe, and dark outline"
006719.png,"Sci-fi robot walker, grey armored machine with tripod legs and tall head antennae"
006720.png,"Rocket launchpad, white vertical rocket standing inside a grey gantry tower structure"
006581.png,Circular grey disc with a dark grey outer border and central square
006582.png,Circular beige disc with a solid light center and dark brown border
006583.png,Circular beige disc with a dark brown outer border and central square
006584.png,Brown corner tile with darker notched borders on the top and left edges
006585.png,Brown edge tile with a darker notched border along the top edge
006586.png,Brown corner tile with darker notched borders on the top and right edges
006587.png,Grey corner tile with darker notched borders on the top and left edges
006588.png,Grey edge tile with a darker notched border along the top edge
006589.png,Grey corner tile with darker notched borders on the top and right edges
006590.png,Tan corner tile with darker notched borders on the top and left edges
006591.png,Tan edge tile with a darker notched border along the top edge
006592.png,Tan corner tile with darker notched borders on the top and right edges
006593.png,Green corner tile with darker notched borders on the top and left edges
006594.png,Green edge tile with a darker notched border along the top edge
006595.png,Green corner tile with darker notched borders on the top and right edges
006596.png,Terracotta corner tile with darker notched borders on top and left edges
006597.png,Terracotta edge tile with a darker notched border along the top edge
006598.png,Terracotta corner tile with darker notched borders on top and right edges
006599.png,Teal corner tile with darker notched borders on the top and left edges
006600.png,Teal edge tile with a darker notched border along the top edge
006721.png,"Factory buildings, grey rectangular blocks with light windows on a dark base"
006722.png,"Waving flag, grey fabric attached to a light grey vertical pole"
006723.png,"Waving flag, light grey rectangular cloth mounted on a vertical pole"
006724.png,"Hill, rounded mound with an orange-brown peak and green grassy slopes"
006725.png,"Multi-tiered building, grey stone structure with white rectangular windows and pillars"
006726.png,"Boulder, rounded grey stone formation with pale highlights and a dark outline"
006727.png,"Coastline terrain tile, green land at top-left and blue water at bottom-right"
006728.png,"Shoreline terrain tile, green land at top and blue water at bottom"
006729.png,"Coastline terrain tile, blue water at bottom-left and green land at top-right"
006730.png,"River terrain tile, light blue stream flowing vertically between green grassy banks"
006731.png,"River bend terrain tile, light blue water curving between green land corners"
006732.png,"Metal gate, grey mesh barrier set between two thick rectangular support posts"
006733.png,"City skyscrapers, green rectangular towers of varying heights with white windows"
006734.png,"Compound building, green structure with white windows inside a rounded boundary wall"
006735.png,"Factory, green industrial building with three diagonal smokestacks and white windows"
006736.png,"Factory, green industrial structure with an overhead mechanical crane arm"
006737.png,"Mech robot, green bipedal armored machine with an angled head and legs"
006738.png,"Missile silo, green pointed structure housing a central white rocket"
006739.png,"Factory buildings, green rectangular blocks with white windows on a dark base"
006740.png,"Waving flag, green fabric with ruffled edges on a light grey pole"
006801.png,"Ocean coast tile featuring light blue water, a tan beach, and green grass"
006802.png,Light blue ocean water tile with white wave crests and a green coastline
006803.png,"Ocean water tile with light blue sea, white foam waves, and green land"
006804.png,Rocket launcher vehicle made of grey metal with angled launch tubes and tracks
006805.png,Military helicopter crafted from grey metal with a rounded cockpit and top rotor
006806.png,Anti-aircraft vehicle with two upward-pointing grey gun barrels on a tracked chassis
006807.png,Grey naval battleship with a bridge tower creating a bright cyan water wake
006808.png,Grey naval submarine floating at sea surface with a bright cyan water wake
006809.png,Small grey patrol boat with a central cabin floating on cyan water ripples
006810.png,"Military supply truck in grey metal with four wheels, cab, and open bed"
006811.png,"Transport truck featuring an orange canvas cargo cover, grey cab, and four wheels"
006812.png,Heavy armored tank in grey metal with thick caterpillar tracks and solid plating
006813.png,Armored combat tank made of grey metal with caterpillar tracks and small turret
006814.png,Fighter jet airplane in grey metal with delta wings and a pointed nose
006815.png,"Infantry soldier wearing a grey helmet and uniform, holding a small rifle forward"
006816.png,Heavy infantry soldier holding a grey bazooka rocket launcher across his body
006817.png,Conical pine tree with layered green foliage and a tiny brown wooden trunk
006818.png,Square stone wall tile formed by grey masonry blocks surrounding an empty center
006819.png,U-shaped stone wall tile made from grey paving blocks outlining an open right side
006820.png,Straight stone road tile featuring horizontal grey masonry bricks separated by dark mortar
006821.png,Slate grey wall tile featuring a light grey border open on the left
006822.png,Green anti-aircraft vehicle with dual tilted missile barrels and grey caterpillar treads
006823.png,Green military radar vehicle with a circular grey scanner dish on top
006824.png,Green mobile radar vehicle featuring two circular grey antennas and small black wheels
006825.png,"Green patrol boat with grey windows sailing forward, leaving a cyan water wake"
006826.png,"Green missile boat floating on cyan water, equipped with grey missile pods"
006827.png,"Green combat boat viewed from the front, resting on a light blue water wake"
006828.png,"Two green pine trees with dark brown trunks, one taller than the other"
006829.png,"Green military transport truck with a boxy cabin, grey windows, and small wheels"
006830.png,Green military cargo truck carrying an orange canvas-covered bed on grey wheels
006831.png,Green military bunker with small rectangular windows and a slate-grey base
006832.png,Green combat tank with a right-facing cannon turret and grey caterpillar treads
006833.png,"Green military fighter jet flying rightward, with wings, tailfin, and grey cockpit"
006834.png,"Green military soldier in a helmet, standing and holding a grey rifle forward"
006835.png,"Green infantry soldier holding grey weapons in both hands, wearing a green helmet"
006836.png,Slate grey wall tile with a light grey curved border open at the bottom
006837.png,Grey wall corner tile with a rounded light blue-grey border curving along top-left
006838.png,Straight slate grey road tile with light blue-grey borders along top and bottom
006839.png,Grey wall corner tile with a rounded light blue-grey border curving along top-right
006840.png,Straight slate grey wall tile with light grey dashed borders along top and bottom
006761.png,"Upward arrow with bright cyan body, blue shading, and dark outline"
006762.png,Horizontal river segment with blue water bordered by dark brown banks
006763.png,Coastline tile featuring light green grass bordering curved light blue water
006764.png,Shoreline terrain tile with light blue water above green grassy land
006765.png,Coastline tile showing curved green land on the right beside blue water
006766.png,Waterfall flowing between two vertical green banks with stepped cyan water
006767.png,Vertical river segment with blue water between dark brown straight banks
006768.png,City cluster of red buildings with white square windows and dark outline
006769.png,Headquarters building in red with an arched roof and white windows
006770.png,Industrial factory in red with angled sawtooth roofs and white windows
006771.png,Seaport facility in red with a crane tower and flat building
006772.png,Missile silo in red with a pointed central rocket and support legs
006773.png,Communications tower in red with a central spire and white core
006774.png,Airport building in red featuring a control tower and adjacent hangar
006775.png,Rectangular red flag waving to the right on a grey pole
006776.png,Fluttering red flag rippling to the right on a grey pole
006777.png,Laboratory building in red with rounded top and six white windows
006778.png,"Curved river segment bending ninety degrees, bordered by dark brown outlines"
006779.png,Curved river segment turning at a right angle with dark outlines
006780.png,Ocean water tile with white wave ripples and green island corner
006781.png,Waterfall with light blue falling water between green grassy top and bottom edges
006782.png,Coastline tile with blue sea and a green patch of land on upper-left
006783.png,River tile with light blue water flanked by green grassy banks at top
006784.png,Downward arrow in bright cyan blue with light highlights and dark brown outline
006785.png,Curved pipe in bright cyan blue turning ninety degrees with dark brown outline
006786.png,Curved pipe in bright cyan blue bending from left upward with dark outline
006787.png,Dotted diagonal line made of yellow squares running from bottom-left to top-right
006788.png,Three parallel diagonal lines made of yellow squares running from bottom-left to top-right
006789.png,Cluster of city buildings in orange and yellow with white windows and outlines
006790.png,Hangar building in orange and yellow with an arched roof and front windows
006791.png,"Factory building with orange sawtooth roof, white square windows, and dark brown outline"
006792.png,Industrial crane structure in orange and yellow with a central arm and base
006793.png,Missile silo containing an orange pointed rocket within a dark brown framed launcher
006794.png,Rocket launchpad featuring an orange pointed rocket between two side towers and outline
006795.png,Refinery building with two cylindrical orange tanks over an orange base and outline
006796.png,Waving flag in bright orange on a grey vertical pole with dark outline
006797.png,Waving flag in orange on a grey pole fluttering in an alternate position
006798.png,Office building in orange and yellow featuring white windows and a stepped top
006799.png,Dashed diagonal bands of yellow squares spanning across lower-left and upper corners
006800.png,Coastline tile featuring light blue water and green grassy shore along left edge
006741.png,"Flag, green fabric waving rightward on a grey pole with dark outline"
006742.png,"Building, green two-tier headquarters with white windows and a dark purple outline"
006743.png,"Anti-tank obstacle, grey interlocking metal beams forming a six-pointed hedgehog with dark outline"
006744.png,"Tank, grey military vehicle with a rounded turret and treads, dark outline"
006745.png,"Coastline, green grassy land on the left and blue water on the right"
006746.png,"Ocean surface, light blue water with several small horizontal white wave crests"
006747.png,"Coastline, blue water on the left and green land on the right"
006748.png,"Ocean water, light blue sea with green land patches in both bottom corners"
006749.png,"City buildings, blue skyscrapers with tiny white windows and thick dark outline"
006750.png,"Airport building, blue structure inside an arched frame with white rectangular windows"
006751.png,"Factory, blue industrial building with three sawtooth roofs and white lower windows"
006752.png,"Harbor port, blue warehouse with an"
006881.png,"Cargo ship, orange hull with grey containers, floating on a light blue water strip"
006882.png,"Gunboat, orange naval vessel with turret gun, floating on a light blue water line"
006883.png,"Cargo truck, orange cab and cargo bed with small grey wheels and white windshield"
006884.png,"Armored van, orange boxy vehicle with white headlights and two grey undercarriage wheels"
006885.png,"Military tank, orange armored body with grey continuous tracks and rectangular side panel"
006886.png,"Bulldozer, orange heavy vehicle with grey caterpillar treads and a raised cab roof"
006887.png,"Fighter jet, orange fuselage and wings with white cockpit nose pointing diagonally downward"
006888.png,"Soldier, orange uniform and helmet, facing forward while holding a grey rifle horizontally"
006889.png,"Soldier, orange uniform and helmet, standing with legs apart and holding two grey tools"
006890.png,"Jerrycan, red fuel container with top handle, spout, and darker red cross pattern"
006891.png,"Padlock, yellow rectangular body with a dark grey shackle and central brown keyhole"
006892.png,"White flag, rectangular cloth waving to the right from a dark vertical pole"
006893.png,"Hand cursor, white pointing glove with an extended index finger and dark border"
006894.png,"Red heart, symmetrical health symbol with dark outline and bright red interior fill"
006895.png,"Battery, horizontal yellow cell with a light grey positive terminal on the right"
006896.png,"Number zero, bold white digit centered inside a dark brown rectangular block"
006897.png,"Number one, bold white digit outlined on a dark brown rectangular backing block"
006898.png,"Number two, bold white digit displayed on a dark brown rectangular block"
006899.png,"Number three, bold white digit centered on a dark brown rectangular block"
006900.png,"Number four, bold white digit displayed on a dark brown rectangular block"
006921.png,"Stone archway corner, blue-gray masonry framing dark entrance with brown ground at bottom"
006922.png,"Stone archway corner, blue-gray masonry framing dark entrance with brown ground bottom left"
006923.png,"Dirt ground, reddish-brown soil textured with darker circular craters and small spots"
006924.png,Brown wall panel bordered on right by dark shadow and white vertical edge
006925.png,"Stone brick wall, blue-gray rectangular masonry blocks arranged in staggered horizontal rows"
006926.png,Brown wall panel bordered on left by dark vertical shadow and gray strip
006927.png,"Floor corner transition, reddish-brown surface bordered by blue-gray stone blocks on lower left"
006928.png,"Floor transition, brown surface bordered by bottom blue-gray stones and dark right edge"
006929.png,"Stone walkway, blue-gray vertical tiled path flanked by dark brown side walls"
006930.png,"Stone wall carving, blue-gray masonry relief depicting a smiling horned monster face"
006931.png,"Stone wall carving, blue-gray monster face spouting a vertical stream of green slime"
006932.png,"Dungeon doorway, arched blue-gray stone frame enclosing a closed brown wooden door"
006933.png,"Doorway corner, upper-left blue-gray stone arch framing brown wooden door and black interior"
006934.png,"Doorway corner, upper-right blue-gray stone arch framing brown wooden door and black interior"
006935.png,"Rocky ground, reddish-brown dirt embedded with pale blue-gray rectangular stone blocks"
006936.png,"Brown floor corner, reddish-brown tile bordered by a rounded blue-gray stone upper-right edge"
006937.png,"Stone wall base, blue-gray rectangular blocks resting on brown ground with stone debris"
006938.png,"Brown floor corner, reddish-brown tile bordered by a rounded blue-gray stone upper-left edge"
006939.png,"Stone brick wall, blue-gray blocks containing a central horizontal barred prison grate"
006940.png,"Decorative wall banner, red and yellow pennant hanging against blue-gray stone bricks"
006841.png,Blue industrial building with a diagonal crane arm and grey ventilated foundation
006842.png,"Blue cylindrical machine with a grey circular frame, side nozzle, and metal base"
006843.png,Blue radar vehicle with two grey circular dishes mounted on top
006844.png,"Blue submarine with a grey body section, periscopes, and light blue wake"
006845.png,Blue naval boat with a grey cabin superstructure and light blue water wake
006846.png,"Blue hovercraft vehicle with a central turret, vertical antenna, and glowing blue wake"
006847.png,Blue transport truck with white cabin windows and grey wheels along the base
006848.png,Blue cargo truck with a brown canvas cover and grey wheels below
006849.png,"Blue armored transport bus with rectangular body, side windows, and lower treads"
006850.png,Blue armored tank with a grey rear exhaust and bottom caterpillar treads
006851.png,Blue fighter jet airplane flying rightward with swept wings and a pointed nose
006852.png,"Soldier in blue uniform and helmet, standing and aiming a grey rifle rightward"
006941.png,"Doorway threshold, dark stone opening leading downward onto an orange sand floor"
006942.png,"Stone well, rounded grey masonry basin with a dark hollow interior on orange sand"
006943.png,"Stone fountain, rounded grey masonry basin containing glowing cyan water on orange sand"
006944.png,"Open doorway, brown wooden door swung inward inside a dark grey stone archway"
006945.png,"Open double door, left side with brown wooden panel and grey stone arch"
006946.png,"Open double door, right side with brown wooden panel and grey stone arch"
006947.png,"Stone staircase, horizontal grey steps bordered by a dark vertical wall on the left"
006948.png,"Stone staircase, seamless horizontal light and dark grey steps descending downward"
006949.png,"Stone staircase, horizontal grey steps bordered by a dark vertical wall on the right"
006950.png,"Stone staircase, horizontal grey steps flanked by dark vertical walls on both sides"
006951.png,"Stone wall, rectangular grey masonry bricks laid with dark horizontal and vertical mortar"
006952.png,"Spike trap, pointed grey metal spikes resting on a stone plate over orange ground"
006953.png,"Paving stones, four square light grey stone tiles embedded in orange sand ground"
006954.png,"Sewer grate, dark vertical iron bars set inside a grey stone rounded rim"
006955.png,"Barred grate, vertical iron bars with glowing turquoise light inside a stone rim"
006956.png,"Closed wooden door, brown panel with a square handle inside a grey stone arch"
006957.png,"Closed double door, left brown wooden panel with a handle under stone framing"
006958.png,"Closed double door, right brown wooden panel with a handle under stone framing"
006959.png,"Sand floor, flat solid orange ground surface without any markings or textures"
006960.png,"Sand floor, orange ground textured with small square brown and light-toned pebbles"
006961.png,"Sandy ground tile, flat light brown square with a slightly darker upper edge"
006962.png,"Sand ground tile, peach-brown square with a darker upper edge and speckled dots"
006963.png,"Ground terrain tile, diagonal division between light peach bottom-left and darker brown top-right"
006964.png,"Sandy ground tile, peach-orange square with a small darker brown top-left corner patch"
006965.png,"Metal furnace, dark navy rectangular frame with horizontal light grey bars and bottom feet"
006966.png,"Metal box, dark navy square frame enclosing a dark inner rectangular screen"
006967.png,"Metallic oval ring, tilted dark blue-grey loop with light grey highlights and hollow center"
006968.png,"Stone brick wall, grey masonry blocks bordered by a dark vertical beam on left"
006969.png,"Stone pillar, grey brick masonry column enclosed by two dark vertical border beams"
006970.png,"Stone brick wall, grey masonry blocks bordered by a dark vertical beam on right"
006971.png,"Wooden crate, square brown box with dark frame and two horizontal rectangular cutouts"
006972.png,"Wooden barrel, rounded brown upright shape with dark outline and lighter surface spots"
006973.png,"Wooden container, brown planks secured by two vertical light grey metal bands"
006974.png,"Curved rail track, arched light grey metal band with diagonal wooden support beams"
006975.png,"Wooden fence panel, brown vertical planks bound by two horizontal light grey bands"
006976.png,"Curved rail track, blue-grey metal arc with diagonal brown wooden structural supports"
006977.png,"Wooden container, brown rounded body reinforced with two vertical light grey metal straps"
006978.png,"Wooden crate, square peach-brown box with dark brown outline and lower border"
006979.png,"Wooden crate, brown vertical box framed by dark edges with horizontal central slats"
006980.png,"Wooden barrel, rounded brown container bound horizontally by two light grey metal bands"
007001.png,A straight dagger with a pointed silver steel blade and brown hilt
007002.png,A short knife with a notched steel blade and a brown grip
007003.png,A broad dagger with a rounded silver blade and a brown handle
007004.png,A wooden sword with a broad brown blade and a red crossguard
007005.png,A suit of steel plate armor with a closed visor helmet
007006.png,A knight wearing a grey steel helmet with an open eye slit
007007.png,"A male warrior with brown hair, dressed in grey steel chest armor"
007008.png,"A young woman with long brown hair, wearing a purple dress"
007009.png,"An elderly person with grey hair, wearing brown robes holding a wooden staff"
007010.png,A symmetrical dagger with a double-edged silver blade and brown hilt
007011.png,A square shield with concentric brown and grey steel square borders
007012.png,A heater shield made of grey steel with a rounded bottom edge
007013.png,A cyclops monster with tan skin and a single large central eye
007014.png,A red crab with raised front claws and small black eyes
007015.png,"A hooded mage with glowing red eyes, grey beard, and brown robe"
007016.png,A bearded male warrior wearing a green headband and green collar trim
007017.png,A war hammer with a thick grey block head and wooden handle
007018.png,A double-bitted battle axe with two curved grey blades and wooden handle
007019.png,A single-bladed battle axe with a curved grey blade on a wooden shaft
007020.png,A mint green ghost with hollow black eyes and an open mouth
007041.png,Arched tunnel entrance with light blue upward chevrons framed by a dark brown border
007042.png,Arched doorway with light blue chevron patterns and horizontal struts in a dark frame
007043.png,Top-left corner wall segment with dark brown fill and light blue-gray border trim
007044.png,Top-right corner wall segment with dark brown fill and light blue-gray border trim
007045.png,Dark brown wall panel with a small curved blue-gray trim at bottom right
007046.png,Dark brown wall panel with a thick horizontal blue-gray stripe at the bottom
007047.png,Dark brown wall panel with a small curved blue-gray trim at bottom left
007048.png,"Floating metal platform with a light blue top, dark underside, and two small supports"
007049.png,Arched metal structure with light blue upward chevrons on a dark rounded frame
007050.png,Arched metal hatch with horizontal blue-gray bars enclosed within a rounded dark frame
007051.png,"Arched doorway with bright yellow vertical lights, chevron patterns, and a dark brown border"
007052.png,"Arched doorway with bright yellow vertical lights, horizontal crossbars, and a dark brown border"
007053.png,Conveyor belt section showing light blue upward chevron arrows between dark brown vertical edges
007054.png,Conveyor belt section with two pale blue upward chevrons between dark brown side borders
007055.png,Vertical metal pipe segment with a central connector joint and dark brown outlines
007056.png,Wall corner piece featuring dark brown fill framed by an L-shaped blue-gray border
007057.png,Wall corner piece with dark brown fill bordered by blue-gray stripes along bottom-right
007058.png,Wall segment of dark brown stone with a vertical light blue-gray stripe along right
007059.png,Square metal hatch in light blue-gray with orange-yellow latches along both sides
007060.png,Wall segment of dark brown stone with a vertical light blue-gray stripe along left
006981.png,Minecart track buffer end with horizontal grey rails and vertical brown ties
006982.png,Straight railway track with vertical light blue rails across horizontal brown ties
006983.png,Wooden barrel with vertical brown staves bound by light blue metal bands
006984.png,Straight railway track section with vertical light blue rails and brown ties
006985.png,Wooden fence section with two dark brown vertical posts and grey rails
006986.png,Wooden fence segment with three dark brown posts and horizontal grey rails
006987.png,Wooden fence section with three tall dark brown posts and grey rails
006988.png,Anvil made of light grey metal with a wide base and horn
006989.png,"Wooden chest viewed from behind, with rounded orange-brown lid and dark outline"
006990.png,"Wizard character wearing a purple pointed hat, purple robe, and white beard"
006991.png,Caveman character covered in light brown fur with bare arms and face
006992.png,Open wooden treasure chest with dark empty interior and raised metal latch
006993.png,Mimic treasure chest monster with sharp white teeth and a red tongue
006994.png,Curved railway track section with light blue rails and angled brown ties
006995.png,Curved railway track corner piece with light blue rails and brown ties
006901.png,"Number five, bold white numeral on a dark brown block silhouette"
006902.png,"Number six, bold white numeral centered on a dark brown square block"
006903.png,"Number seven, bold white numeral inside an angled dark brown block silhouette"
006904.png,"Number eight, bold white numeral centered on a dark brown square block"
006905.png,"Number nine, bold white numeral inside a dark brown block silhouette"
006906.png,"Question mark, bold white punctuation mark inside a dark brown block silhouette"
006907.png,"Horizontal double arrow, cyan blue shaft and arrowheads with dark purple outline"
006908.png,"Vertical double arrow, cyan blue shaft and arrowheads with dark purple outline"
006909.png,"Square ring, bright cyan blue rounded border surrounding a dark hollow center"
006911.png,"Solid brown tile, uniform flat reddish-brown stone or dirt square surface"
006912.png,"Brown wall tile, reddish-brown surface with a grey stone bottom-right corner"
006913.png,"Brown wall tile, reddish-brown surface above light grey"
007021.png,"Glass potion bottle, round flask containing pale grey liquid with a brown cork"
007022.png,"Glass potion bottle, round flask filled with green liquid and a brown cork"
007023.png,"Glass potion bottle, round flask filled with red liquid and a brown cork"
007024.png,"Glass potion bottle, round flask filled with bright blue liquid and cork stopper"
007025.png,"Spider, brown rounded body with white eyes and eight greyish-blue spindly legs"
007026.png,"Brown rat, curled creature facing right with a long tail over its back"
007027.png,"Grey rat, curled creature facing right with a long tail over its back"
007028.png,"Magic wand, straight brown wooden handle topped with a pointed pink crystal gem"
007029.png,"Magic wand, twisted brown wooden handle topped with a glowing light-blue crystal gem"
007030.png,"Dagger, short grey metal blade mounted on a textured brown wooden grip handle"
007031.png,"Ghost, pale blue floating phantom with hollow dark eyes and an open mouth"
007032.png,"Bat, brown flying creature with wide spread wings and glowing white eyes"
007033.png,"Glass test tube vial, tall cylinder containing pale grey liquid with cork stopper"
007034.png,"Glass test tube vial, tall cylinder containing bright green liquid with cork stopper"
007035.png,"Glass test tube vial, tall cylinder containing bright red liquid with cork stopper"
007036.png,"Glass test tube vial, tall cylinder containing bright blue liquid with cork stopper"
007037.png,"Spear, slender brown shaft tipped with a grey metal point and purple wraps"
007038.png,"Square floor tile, light brown stone with small darker squares in each corner"
007039.png,"Square floor tile, light brown stone divided into four quadrants with small flecks"
007040.png,"Square floor tile, light brown stone with darker diagonal stripes and corner spots"
007141.png,"Metallic platform, horizontal grey rectangular steel beam with dark outline and small notch"
007142.png,"Metal wall panel, symmetrical grey rectangular plate with two raised bolts and dark borders"
007143.png,"Sci-fi doorway, arched bright blue frame enclosing a dark rectangular opening and bottom lights"
007144.png,"Sci-fi door, rectangular blue portal with a dark upper window and grey base"
007145.png,"Arched sci-fi portal, blue metallic frame with dark central opening and grey threshold"
007146.png,"Metallic gear, grey cogwheel with eight square outer teeth and a hollow circular center"
007147.png,"Metal column, vertical grey beam featuring diagonal metallic segments between dark vertical borders"
007148.png,"Vertical track, grey metallic lane with dark central dashed rungs between solid borders"
007149.png,"Forklift, yellow industrial vehicle carrying stacked yellow cargo boxes on small grey wheels"
007150.png,"Metal hopper, grey industrial funnel container with flared top edges and a dark cavity"
007151.png,"Rust-coloured hopper, orange-brown metallic funnel container with flared side wings and flat base"
007152.png,"Hazard barrier, yellow rectangular warning plate containing three dark diagonal stripes within dark borders"
007153.png,"Hazard stripe panel, yellow horizontal bar with three dark diagonal slashes and dark borders"
007154.png,"Hazard barrier segment, yellow rectangular sign featuring three dark diagonal stripes and dark edges"
007155.png,"Construction worker, human character wearing a yellow hardhat and light blue-grey overalls"
007156.png,"Wrench, steel grey open-ended hand tool with a thick reddish-orange handle"
007157.png,"Claw hammer, grey steel hammer head atop a vertical grey and yellow handle"
007158.png,"Flag on pole, bright orange textured banner flying rightward from a vertical grey mast"
007159.png,"Industrial barrel, reddish-orange cylindrical container with a central light grey metal stripe"
007160.png,"Crane hook, heavy grey curved metal lifting hook mounted beneath a yellow bracket"
007101.png,"Elevator door, metallic grey panel with upward chevron symbol, framed by yellow vertical borders"
007102.png,"Arched doorway, light grey metallic panel inside a rounded dark purple frame"
007103.png,"Dark doorway opening, black interior with scattered grey rubble and dark purple arched frame"
007104.png,"Left wall corner, dark purple frame over black interior with lower dotted floor trim"
007105.png,"Right wall corner, dark purple border enclosing black interior with lower dotted floor trim"
007106.png,"Metal wall piece, horizontal grey beam above dark purple structural brackets"
007107.png,"Metallic vent panel, grey rectangular surface featuring small dark horizontal slits"
007108.png,"Cardboard box, orange-brown square crate with vertical lighter tape and dark borders"
007109.png,"Arched window, four light-blue glass panes set inside a thick dark purple frame"
007110.png,"Electronic console, rounded dark frame containing an orange terminal with a square grey screen"
007111.png,"Electronic kiosk, square orange module featuring a grey four-dot screen over a dark opening"
007112.png,"Electronic booth, rounded dark arch enclosing an orange machine with a grey dot screen"
007113.png,"Metal wall segment, stepped light blue-grey horizontal panels with dark purple outlines"
007114.png,"Wall-mounted power unit, orange central generator flanked by grey metallic side pillars"
007115.png,"Sci-fi doorframe, light blue-grey metal wall section with an arched central opening"
007116.png,"Metal wall section, stepped blue-grey horizontal panels forming an offset corner piece"
007117.png,"Arched metallic portal, light grey wall module with a central curved door entrance"
007118.png,"Metal wall panel, flat blue-grey horizontal surface bounded by dark purple borders"
007119.png,"Metal locker panel, vertical grey surface with two horizontal recessed vents"
007120.png,"Stacked cargo crates, two brown cardboard boxes with tape between dark side borders"
007081.png,"Vertical metal track segment with grey surface, dark outer borders, and central yellow band"
007082.png,"Metal wall panel, blue-grey square with an uneven horizontal yellow stripe across lower half"
007083.png,"Metal wall panel, blue-grey surface with dark right border and horizontal yellow stripe"
007084.png,"Conveyor belt module with rounded dark frame, rightward arrows, and yellow bottom border"
007085.png,"Conveyor belt left piece with dark top and left edges, rightward arrows, and yellow base"
007086.png,"Conveyor belt middle piece with dark top edge, rightward chevrons, and yellow bottom stripe"
007087.png,"Conveyor belt right end with rounded top-right corner, rightward arrows, and yellow base"
007088.png,"Vertical conveyor belt segment with upward chevrons, yellow side trim, and dark outer borders"
007089.png,"Vertical conveyor belt track with upward chevrons, yellow side trim, and dark outer borders"
007090.png,"Metal security door with arched dark frame, blue-grey surface, and horizontal yellow bar"
007091.png,Metal security door left half with rounded top-left corner and horizontal yellow bar
007092.png,Metal security door right half with rounded top-right corner and horizontal yellow bar
007093.png,Metal platform left cap with rounded dark border and blue-grey horizontal surface
007094.png,Metal platform middle segment with dark top and bottom borders and blue-grey surface
007095.png,Metal platform right cap with rounded dark border and blue-grey horizontal surface
007096.png,"Conveyor belt module with dark rounded outline, rightward chevrons, and yellow bottom trim"
007097.png,"Conveyor belt left corner with dark outer border, rightward chevrons, and yellow base"
007098.png,"Conveyor belt segment with dark top edge, rightward chevrons, and yellow bottom stripe"
007099.png,"Conveyor belt right corner with rounded edge, rightward chevrons, and yellow bottom base"
007100.png,"Vertical conveyor belt bottom end with rounded lower border, upward chevrons, and yellow trim"
007161.png,"Machine press, gray metallic industrial structure with a central vertical pillar and base"
007162.png,"Siren light, glowing red domed beacon inside a dark gray casing on a post"
007163.png,"Hazard sign, yellow rectangular board with white diagonal stripes between gray metal posts"
007164.png,"Energy canister, glowing cyan dumbbell-shaped power cell with a dark outline"
007165.png,"Hazard plate, yellow rectangular metal sign with dark brown diagonal stripes inside a frame"
007166.png,"Wooden chest, reddish-brown rectangular crate with horizontal planks and a central silver latch"
007167.png,"Terminal frame, hollow rectangular gray metal housing supported by two small legs underneath"
007168.png,"Metal platform, horizontal gray steel beam supported by four small vertical legs below"
007169.png,"Machine parts, two gray and orange mechanical components resting side by side horizontally"
007170.png,"Hazard strip, thin horizontal yellow bar containing three sections of dark diagonal stripes"
007171.png,"Device module, cyan dumbbell energy cell linked to a yellow striped hazard block"
007172.png,"Soil patch, large oval brown dirt mound on a flat green grass tile"
007173.png,"Soil patch, medium brown dirt mound centered on a green square grass tile"
007174.png,"Carrot sprout, round orange vegetable top with green leaves emerging from dark soil"
007175.png,"Carrot, tapered orange root vegetable with two bright green leaves sprouting on top"
007176.png,"Wooden crate, light brown open box holding an orange carrot with green leaves"
007177.png,"Wooden branch, brown vertical tree limb featuring several small offshooting twigs and stubs"
007178.png,"Seed bag, squarish tan burlap sack displaying an orange carrot emblem in center"
007179.png,"Seed bag, upright tan burlap sack tied at top with an orange carrot mark"
007180.png,"Mole head, brown furry animal face with a light tan snout looking forward"
007061.png,"Conveyor belt block, standalone unit with rounded dark border and two rightward arrows"
007062.png,"Conveyor belt platform, left end with rounded top-left corner and right-pointing chevrons"
007063.png,"Conveyor belt platform, middle segment with dark top edge and right-pointing chevrons"
007064.png,"Conveyor belt platform, right end with rounded top-right corner and right-pointing chevrons"
007065.png,"Vertical conveyor belt base, grey track with upward chevrons and lower mechanical roller"
007066.png,"Vertical conveyor belt shaft, grey track with upward chevron between dark vertical borders"
007067.png,"Wall tile, dark brown with a light grey rounded cutout at top-right"
007068.png,"Wall tile, dark brown with a light blue-grey horizontal band across the top"
007069.png,"Wall tile, dark brown with a light grey rounded cutout at top-left"
007070.png,"Corner pipe, light grey metal turning down to the right with dark borders"
007071.png,"Corner pipe, light grey metal turning down to the left with dark borders"
007072.png,"Conveyor belt block, single segment with rounded dark border and one right-pointing chevron"
007073.png,"Conveyor belt platform, left cap with rounded top-left corner and right-pointing chevrons"
007074.png,"Conveyor belt platform, repeatable middle segment with flat top and right-pointing chevrons"
007075.png,"Conveyor belt platform, right cap with rounded top-right corner and right-pointing chevrons"
007076.png,"Vertical conveyor belt cap, rounded top with upward chevron and yellow side stripes"
007077.png,"Vertical conveyor belt cap, rounded top with two upward chevrons and yellow stripes"
007078.png,"Pipe elbow, light grey metal turning from top to right with dark borders"
007079.png,"Pipe elbow, light grey metal turning from top to left with dark borders"
007080.png,"Metal wall panel, light blue-grey with a bold yellow horizontal stripe across it"
007121.png,Arched fluid tank with glowing blue window panels inside a dark metal frame
007122.png,Yellow industrial machine featuring an upper grey square hopper and dark arched doorway
007123.png,Yellow factory building with a recessed grey funnel above a dark rectangular doorway
007124.png,Yellow arched machine module with a grey central hopper and dark bottom entrance
007125.png,"Orange valve wheel inside an arched cage, mounted atop a grey pipe base"
007126.png,Grey industrial furnace block with a dark rectangular opening and rounded upper corners
007127.png,Vertical grey conveyor belt or straight pipe bordered by dark metallic side rails
007128.png,Industrial pipe junction featuring an orange circular valve wheel over grey metal plates
007129.png,Yellow arched conveyor housing fitted over a vertical light grey pipe or chute
007130.png,Orange circular pipe valve mounted on a vertical grey metal conduit
007131.png,Green industrial machine with a grey square input port and lower vent slits
007132.png,Green factory module featuring a central grey square hopper over a dark entrance
007133.png,Green arched industrial unit with a light-green horizontal stripe and grey input hopper
007134.png,Cylindrical grey storage tank banded with a vertical orange stripe and end cap
007135.png,Small cargo truck with an orange container body and grey wheeled undercarriage
007136.png,Grey conveyor junction capped with a yellow-orange protective hood and dark outlines
007137.png,Grey metal pipe manifold with three vertical branches connecting along horizontal rails
007138.png,"Grey metal blast door set within a tall, dark arched portal frame"
007139.png,Brown arched container or doorway with vertical light highlights inside a dark border
007140.png,Horizontal grey pipe or conveyor segment enclosed between dark metallic horizontal borders
007221.png,"Burlap sack, light brown with tied ears and a green seed emblem in center"
007222.png,"Seed pouch, tan burlap bag with a ruffled top and green circular emblem"
007223.png,"Dirt mound, small rounded hill of light brown soil with dark brown outline"
007224.png,"Cabbage, round light green vegetable head with leafy bumps and dark outline"
007225.png,"Lettuce head, dome-shaped green leafy vegetable with light green leaves"
007226.png,"Farmland tile, brown dirt path with rounded left edge bordered by green grass"
007227.png,"Farmland tile, straight brown soil strip running horizontally below green grass"
007228.png,"Farmland tile, brown dirt path with rounded right edge bordered by green grass"
007229.png,"Farmland plot, oval brown soil mound centered entirely on green grass"
007230.png,"Wheat crop, three growing golden-yellow stalks with grain ears on dark base"
007231.png,"Wooden crate, brown produce box overflowing with harvested golden wheat stalks"
007232.png,"Wheat sheaf, loose bundle of golden-brown grain stalks standing together"
007233.png,"Grain sack, light brown burlap bag marked with a golden wheat emblem"
007234.png,"Seed pouch, tan burlap bag showing an embroidered golden wheat ear"
007235.png,"Cabbage cluster, three pale green leafy heads clumped together with dark borders"
007236.png,"Plant sprout, small green seedling with three leafy shoots spreading outward"
007237.png,"Wooden bucket, empty brown pail with a grey metal handle and rim"
007238.png,"Water bucket, brown wooden pail filled with shining light blue water"
007239.png,"Sunflower, blossom with bright yellow petals, dark brown center, and green stem"
007240.png,"Burlap sack, closed brown cloth bag with stitched corner and pointed ears"
007201.png,"Seed bag, wide tan burlap sack with a green and yellow emblem"
007202.png,"Seed bag, tall tan burlap pouch with a green and yellow emblem"
007203.png,"Sprout, small green leafy plant with two leaves on a central stem"
007204.png,"Withered sprout, curved brown dried plant shoot bending downward"
007205.png,"Tilled soil furrow, vertical brown dirt path with a rounded bottom on grass"
007206.png,"Tilled soil furrow, vertical brown dirt trench rounded at the base on grass"
007207.png,"Wooden stake, vertical brown segmented crop support pole with notched edges"
007208.png,"Tomato vine, mature green plant bearing four ripe red round tomatoes"
007209.png,"Withered crop, dead brown plant with dried drooping leaves and stems"
007210.png,"Wooden crate, harvest box filled with ripe red tomatoes with green stems"
007211.png,"Seed bag, wide tan burlap sack with a red tomato emblem"
007212.png,"Seed bag, tall tan burlap pouch with a red tomato emblem"
007213.png,"Cabbage plant, round leafy green bush with light green speckled highlights"
007214.png,"Tomato vine, young green stalk bearing three small red round fruits"
007215.png,"Tilled soil furrow, horizontal brown dirt strip rounded on the left on grass"
007216.png,"Tilled soil furrow, horizontal band of brown dirt across green grass"
007217.png,"Tilled soil furrow, horizontal brown dirt strip rounded on the right on grass"
007218.png,"Tilled soil plot, round brown dirt mound centered on green grass"
007219.png,"Wooden crate, harvest box filled with fresh round green cabbages"
007220.png,"Cabbage, round head of leafy green vegetable with a pale center"
007281.png,"Grass terrain tile, flat green lawn surface with dark vertical border on the left"
007282.png,"Green camping tent entrance, featuring a dark triangular opening below a central vertical seam"
007283.png,"Grass terrain tile, flat green surface with a dark vertical border on the right"
007284.png,"Farmer boy character, wearing blue overalls, reddish-orange shirt, with short brown hair"
007285.png,"Brown wooden jar, cylindrical container wrapped with a white cloth or paper label"
007286.png,"Wooden water bucket, brown pail filled with white milk and topped with grey handle"
007287.png,"Barn wall section, red wooden facade containing a square panel with an X-shaped brace"
007288.png,"Barn doorway, dark rectangular entrance inside a red wall containing an X-braced wooden door"
007289.png,"Barn window, small square double-pane glass window set into a red wooden wall"
007290.png,"Grass terrain corner, green triangular ground patch bordered by a dark diagonal stepped edge"
007291.png,"Grass terrain corner, triangular green surface filling the upper right with dark diagonal edge"
007292.png,"White sheep, fluffy woolly animal facing right with dark grey face and stubby legs"
007293.png,"Dairy cow, white and grey spotted farm animal facing right with a pink udder"
007294.png,"White chicken, farm hen facing right with bright red comb and yellow beak"
007295.png,"Brown hen egg, smooth oval shell shaded in warm tan and darker brown tones"
007296.png,"Bare tree trunk, brown wooden stem standing upright with short cut branches protruding outwards"
007297.png,"Pine tree, layered conical green fir foliage supported on a small brown wooden trunk"
007298.png,"Turnip and seed sack, round purple root vegetable beside a brown tied burlap bag"
007299.png,"Slender tree trunk, vertical brown wooden bark pole with knobby branch stumps along sides"
007300.png,"Wooden workbench rack, tiered brown shelving unit holding tools, a trough, and small items"
007181.png,"Carrot plant growing in soil, showing an orange root and green sprouts"
007182.png,"Pine seedling, small triangular green evergreen tree with a dark outline"
007183.png,"Dirt path end, rounded brown soil section bordered by bright green grass"
007184.png,"Dirt path end, rounded brown dirt strip bordered by green grass patches"
007185.png,"Tree trunk, brown wooden stem with a right-side branch and dark outline"
007186.png,"Deciduous tree, rounded green leafy canopy standing on a short brown trunk"
007187.png,Wooden harvesting crate containing a purple turnip with bright green leaves
007188.png,"Sprouting turnip, purple root vegetable base topped with two small green leaves"
007189.png,"Turnip vegetable, round purple and cream-colored bulb with two green leafy sprouts"
007190.png,"Burlap sack, light brown tied bag featuring a purple turnip emblem"
007191.png,"Seed sack, tall beige burlap pouch displaying a purple turnip emblem"
007192.png,"Turnip planted in soil, purple vegetable with green leaves buried in ground"
007193.png,"Potato tuber buried in ground, light brown root resting inside dark soil"
007194.png,"Dirt road segment, vertical brown earthen path bordered by patches of green"
007195.png,"Dirt path segment, straight brown ground tile flanked by green grass edges"
007196.png,"Pine tree, tall conical green evergreen tree with a dark brown outline"
007197.png,"Corn plant, green stalk bearing two ripe yellow-orange ears of corn"
007198.png,"Wilted crop stalk, dead light-brown plant with dried leaves and dark outline"
007199.png,Wooden crate holding a ripe yellow ear of corn with green husk
007200.png,"Young corn plant, green stalk with sprouting leafy shoots and dark outline"
007241.png,"Hollow tree stump, brown wood with dark hollow opening and root-like base corners"
007242.png,"Wooden tunnel entrance, square brown timber frame with a dark recessed doorway opening"
007243.png,"Two small grey stones, rounded smooth pebbles with light highlights and dark outlines"
007244.png,"Plant seedling, small brown root bulb with two bright green leaves sprouting upward"
007245.png,"Berry bush, rounded green foliage shrub dotted with several small bright red berries"
007246.png,"Grass tuft, cluster of bright green blades and leafy shoots with dark outlines"
007247.png,"Cave entrance, rounded brown earthen mound with a dark arched doorway in center"
007248.png,"Triangular grassy hill, green slopes on both sides of a brown central path"
007249.png,"Wooden barrel, brown cylindrical container bound with horizontal light blue metallic hoops"
007250.png,"Shovel, broad grey metal blade attached to a short brown wooden handle"
007251.png,"Axe, rectangular grey metal blade mounted on a vertical brown wooden handle"
007252.png,"Sickle, curved grey metal blade set on a short brown wooden handle"
007253.png,"Wooden crate segment, left side showing tan planks and reddish-brown crossed beams"
007254.png,"Wooden crate, square box with light brown frame and reddish-brown crossed diagonal beams"
007261.png,"Hay bale, golden yellow square block with textured darker speckles and dark brown outline"
007262.png,"Hay bale, golden yellow block bound by two vertical reddish-brown straps with dark outline"
007263.png,"Left half of a wooden counter, featuring a brown frame, shelf, and one leg"
007264.png,"Right half of a wooden counter, featuring a brown frame, shelf, and one leg"
007265.png,"Left half of a metal counter, featuring a grey frame, shelf, and one leg"
007266.png,"Right half of a metal counter, featuring a grey frame, shelf, and one leg"
007267.png,"Left section of a red barn wall, divided by light tan timber framing"
007268.png,"Middle section of a red barn wall, divided by a central tan timber beam"
007269.png,"Right section of a red barn wall, divided by light tan timber framing"
007270.png,"Grass tile, solid green field with scattered pale green flecks and dark left border"
007271.png,"Path tile, green grass terrain divided vertically by a central tan dirt path"
007272.png,"Grass tile, solid green field with scattered pale green flecks and dark right border"
007273.png,"Farmer character, front-facing person wearing a brown hat, red shirt, and blue overalls"
007274.png,"Left half of a wooden aquarium, displaying bright blue water with white air bubbles"
007275.png,"Right half of a wooden aquarium, displaying bright blue water with white air bubbles"
007276.png,"Left half of a grey metal stove, featuring an illuminated yellow-orange interior opening"
007277.png,"Right half of a grey metal stove, featuring an illuminated yellow-orange interior opening"
007278.png,"Red barn wall, left corner section bordered by a light tan wooden frame"
007279.png,"Red barn wall, middle section of vertical red planks under a tan top beam"
007280.png,"Red barn wall, right corner section bordered by a light tan wooden frame"
007341.png,"Horizontal metal bars, two dark purple beams with blue highlights and right connector"
007342.png,"Horizontal metal bars, two dark purple beams with blue highlights and left connector"
007343.png,"Metal cross-pipe, dark horizontal pipes connected by a central vertical pipe segment"
007344.png,"Brown bell-shaped object with wide winged base, central square, and dark outline"
007345.png,"Pale blue ice tile, divided diagonally by a curved grey-blue band and spots"
007346.png,Pale blue ice tile with a curved diagonal seam and light square specks
007347.png,"Zipper track, vertical grey interlocking teeth enclosed by dark purple side borders"
007348.png,"Metal structure corner, dark frame enclosing grey grated panel above light blue base"
007349.png,"Metal structure corner, grey grated panel enclosed by dark frame and blue base"
007350.png,"Dual battery container, two vertical orange cylinders encased in dark brown protective frame"
007351.png,Pale blue square block with small rectangular tabs protruding from both sides
007352.png,Pale blue tile with a curved darker blue arc and white highlight dots
007353.png,Pale blue tile featuring a curved dotted seam across the upper-left corner
007354.png,Light blue square bordered on the left by dark outline and white highlight
007355.png,Light blue square bordered on the right by dark outline and white highlight
007356.png,Pale blue tile with a diagonal curved seam and scattered light blue squares
007357.png,Pale blue tile corner showing a curved blue edge with white highlight bubbles
007358.png,"Zipper slider and pull tab, yellow-orange tab hanging from grey metal zipper teeth"
007359.png,"Flask bottom-left corner, dark outline containing bright red liquid and light blue glass"
007360.png,"Flask bottom-right corner, dark outline holding bright red liquid under light blue glass"
007401.png,"Capital letter Q, thick white character with a bold dark outline"
007402.png,"Capital letter R, bold white font with a dark purple-grey outline"
007403.png,"Capital letter S, thick white character outlined in dark purple-grey"
007404.png,"Capital letter T, white bold character with a thick dark outline"
007405.png,"Capital letter U, bold white character outlined with dark brown"
007406.png,"Capital letter V, thick white character with a dark brownish outline"
007407.png,"Capital letter W, bold white typography character with a dark outline"
007408.png,"Capital letter X, thick white character with a dark grey-brown outline"
007409.png,"Dollar sign symbol, bold white character with a dark purple-grey outline"
007410.png,"Capital letter Y, thick white character outlined in dark brown"
007411.png,"Capital letter Z, bold white character with a thick dark outline"
007412.png,"Hash symbol, bold white crosshatch shape enclosed by a dark outline"
007413.png,"Percent sign, thick white diagonal stroke and two circular dots with dark outlines"
007414.png,"Plus sign symbol, white cross shape with a thick dark outline"
007415.png,"Multiplication sign, white diagonal cross shape with a thick dark outline"
007416.png,"Division sign, horizontal white bar between two dots, with dark outlines"
007417.png,"Equals sign, two horizontal white bars with thick dark outlines"
007418.png,"Ski slalom pole, grey post bearing two red rectangular flags with dark outlines"
007419.png,"Ski slalom pole, grey post bearing two blue rectangular flags with dark outlines"
007420.png,"Bare winter tree trunk, light brown wood with patches of white snow"
007381.png,"Number five, blocky white numeral enclosed by a thick dark brown outline"
007382.png,"Number six, blocky white numeral enclosed by a thick dark brown outline"
007383.png,"Number seven, blocky white numeral with an angular dark brown outline"
007384.png,"Number eight, blocky white numeral with two holes and a dark outline"
007385.png,"Number nine, blocky white numeral enclosed by a thick dark brown outline"
007386.png,"Capital letter A, white blocky glyph with a thick dark brown outline"
007387.png,"Capital letter B, white blocky glyph with two cutouts and dark outline"
007388.png,"Capital letter C, white blocky curved glyph with a dark brown outline"
007389.png,"Capital letter D, white blocky uppercase character with a dark brown outline"
007390.png,"Capital letter E, white blocky uppercase character with a dark brown outline"
007391.png,"Capital letter F, white blocky uppercase character with a dark brown outline"
007392.png,"Capital letter G, white blocky uppercase character with a dark brown outline"
007393.png,"Capital letter H, white blocky uppercase character with a dark brown outline"
007394.png,"Capital letter I, white blocky serif character with a dark brown outline"
007395.png,"Capital letter J, white blocky hooked character with a dark brown outline"
007396.png,"Capital letter K, white blocky uppercase character with a dark brown outline"
007397.png,"Capital letter L, white blocky angled character with a dark brown outline"
007398.png,"Capital letter M, white blocky uppercase character with a dark brown outline"
007399.png,"Capital letter N, white blocky uppercase character with a dark brown outline"
007400.png,"Capital letter P, white blocky uppercase character with a dark brown outline"
007321.png,"Blue conveyor belt segment with dark frame, left vertical metal bracket, and rightward-pointing arrows"
007322.png,"Blue conveyor belt segment with dark frame, right vertical metal bracket, and rightward-pointing arrows"
007323.png,Light blue ice block with a curved dividing line and faint white speckled squares
007324.png,Light blue ice block with a diagonal stripe ascending right and scattered pale specks
007325.png,Light blue ice block with faint pale square specks clustered in top-left corner
007326.png,Light blue ice block with a faint pale square speck near top-right corner
007327.png,Light blue ice block with a descending diagonal stripe and scattered pale square specks
007328.png,Light blue ice block with a curved pale stripe along left edge and specks
007329.png,"Small pine tree, green conical foliage with white snowy spots, dark brown outline"
007330.png,"Red conveyor belt segment with dark frame, left metal bracket, and leftward-pointing arrows"
007331.png,"Red conveyor belt segment with dark frame, right metal bracket, and leftward-pointing arrows"
007332.png,"Directional wall sign, red square showing a white leftward arrow between dark metal posts"
007333.png,"Directional wall sign, blue square showing a white rightward arrow between dark metal posts"
007334.png,Cluster of brown mushrooms with white speckled tops and thick dark brown outline
007335.png,Light blue ice block framed by dark curved brackets and a white U-shaped marking
007336.png,Light blue ice block with a descending diagonal stripe from top-left to bottom-right
007337.png,Light blue ice block with faint pale square speckles near the bottom-left corner
007338.png,Light blue ice block with faint pale square speckles near the bottom-right corner
007339.png,Light blue ice block with an ascending diagonal stripe and faint square speckles
007340.png,"Vertical metal ladder, light grey central track with dark brown side rungs and mounts"
007301.png,"Vertical stack of items containing a stone, metal bars, milk bucket, and egg"
007302.png,"Sheep and cow, one woolly white and the other spotted with small horns"
007303.png,Snow terrain tile with a vertical dividing line between white and pale blue
007304.png,"Snow terrain tile consisting of a solid, uniform light blue square"
007305.png,Snow terrain tile in pale light blue with subtle scattered darker square dots
007306.png,Snow terrain tile with a vertical edge dividing light blue and pale white
007307.png,Coniferous pine tree with triangular green foliage covered in patches of white snow
007308.png,Ski slalom gate consisting of a red flag attached to a dark pole
007309.png,Ski slalom gate consisting of a blue flag attached to a dark pole
007310.png,Brown tree branch with clumps of white snow resting on its wooden limbs
007311.png,Ski safety fence with bright red mesh netting stretched between two dark posts
007312.png,Ski safety fence with bright blue mesh netting stretched between two dark posts
007313.png,Snow terrain tile with an arc dividing pale white and light blue sections
007314.png,Snow terrain tile with a curved edge separating lower-left blue and upper-right white
007315.png,Snow terrain tile featuring a curved boundary between light blue and white areas
007316.png,Snow terrain tile with an arched border separating blue and white snow textures
007317.png,"Deciduous tree with rounded green foliage, brown trunk, and white snow on top"
007318.png,Brown tree trunk with cut side branches and patches of white snow
007319.png,Slalom ski marker featuring a wide red banner attached to a vertical pole
007320.png,Slalom ski marker featuring a wide blue banner attached to a vertical pole
007461.png,Blue stone wall corner tile with dark borders along top and left edges
007462.png,Blue stone wall tile with a dark border across the top edge
007463.png,Blue stone wall corner tile with dark borders along top and right edges
007464.png,Stone wall tile featuring a framed grey tablet with a zigzag pattern
007465.png,Terracotta brick wall corner tile with dark borders along top and left edges
007466.png,Terracotta brick wall tile with a dark border across the top edge
007467.png,Terracotta brick wall corner tile with dark borders along top and right edges
007468.png,Terracotta brick wall tile featuring a framed grey tablet with a zigzag pattern
007469.png,"Wooden post segment, vertical and light brown, with a dark right shadow"
007470.png,"Closed brown book with a square lock plate, page clasps, and stitching"
007471.png,"Wooden post segment, vertical and light brown, with a rounded upper-left corner"
007472.png,"Wooden post segment, vertical and light brown, tapered at the top and bottom"
007473.png,Blue stone wall corner tile with dark borders along bottom and left edges
007474.png,Blue stone wall tile with a dark border across the bottom edge
007475.png,Blue stone wall tile with a dark vertical border on the right edge
007476.png,Gabled stone wall tile with angled blue bricks over a tan triangular section
007477.png,Terracotta brick wall corner tile with dark borders along bottom and left edges
007478.png,Terracotta brick wall tile with a dark border across the bottom edge
007479.png,Terracotta brick wall tile with a dark vertical border on the right edge
007480.png,Gabled brick wall tile with angled terracotta bricks over a grey stone base
007361.png,"Snowman with white round body, dark brown outline, orange nose, and black coal buttons"
007362.png,"Skier wearing brown helmet, green jacket, blue pants, and yellow boots holding downward ski poles"
007363.png,"Skier wearing green jacket and yellow boots, raising both arms while holding ski poles"
007368.png,"Yeti with grey fur, dark brown outline, and glowing red eyes, standing upright"
007369.png,"Yeti with grey fur, dark brown outline, and red eyes, taking a walking step"
007370.png,"Yeti with grey fur, dark outline, red eyes, and open roaring mouth"
007371.png,"Skier wearing blue helmet, purple jacket, cyan pants, and yellow boots holding ski poles"
007372.png,"Skier wearing blue helmet and purple jacket, raising both arms while holding ski poles"
007501.png,Brown wooden door with grey handle set within a light grey stone wall
007502.png,Brown wooden door with a square handle inside a grey stone doorway frame
007503.png,Oval gold medallion with a dark outline and bright yellow textured pattern
007504.png,Yellow beehive with tiered horizontal segments and a dark arched entrance
007505.png,Archery target with red and white rings mounted on a wooden stand
007506.png,Brown rounded roof segment with dark trim and wooden plank shading
007507.png,Top-left corner of a grey stone wall with dark battlements
007508.png,Straight grey stone wall section topped with dark crenellations and light stones
007509.png,Top-right corner of a grey stone wall featuring dark battlements and accents
007510.png,Grey stone wall corner with horizontal dark battlement bands and brick patterns
007511.png,Grey stone corridor wall with two horizontal rows of dark crenellations
007512.png,Grey stone wall section with battlements meeting a right-side vertical border
007513.png,Grey stone wall section featuring a dark rectangular frame with an interior bar
007514.png,Dark rectangular doorway in a stone wall containing a brown wooden ladder
007515.png,Stone well with glowing cyan water beneath a brown wooden archway
007516.png,Round clay pot with an open rim and warm terracotta brown colouring
007517.png,Spherical dark grey bomb with a curving brown fuse attached at top
007518.png,Horizontal cut wooden log showing bark exterior and lighter circular end
007519.png,Vertical grey stone wall segment with battlements running down the left side
007520.png,Vertical grey stone wall segment with battlements running down the right side
007481.png,Wall junction segment in brown stone with vertical column and rightward horizontal branch
007482.png,Wall junction segment in brown stone with vertical column and leftward horizontal branch
007483.png,"Vertical wall segment in brown stone narrowing at the top, outlined in dark brown"
007484.png,Stone wall block in warm brown with dark left edge and brick details
007485.png,Stone wall block in warm brown with brick spots and lighter bottom band
007486.png,Arched doorway frame in brown stone surrounding an empty dark brown open entryway
007487.png,Stone wall block in warm brown with brick accents and dark right edge
007488.png,Stone wall block in blue-grey with dark left edge and rectangular brick details
007489.png,Stone wall block in blue-grey with rectangular brick accents and lighter bottom band
007490.png,Arched doorway frame in blue-grey stone surrounding an empty dark brown open entryway
007491.png,Stone wall block in blue-grey with brick accents and dark right edge
007492.png,Wall corner segment in brown stone with rounded top-left corner branching downwards and right
007493.png,Wall corner segment in brown stone with rounded top-right corner branching downwards and left
007494.png,Horizontal wall segment in brown stone bordered by dark brown stripes on edges
007495.png,Square window on brown wall with dark border and two light blue panes
007496.png,"Wooden door in a brown stone archway, centered with a small blue handle"
007497.png,Left-side wooden door in a brown stone arch with blue handle on right
007498.png,Right-side wooden door in a brown stone arch with blue handle on left
007499.png,Square window on blue-grey wall with dark border and two light blue panes
007500.png,Wooden door in a blue-grey stone archway with a small light blue handle
007441.png,Ground tile of tan dirt bordered by green grass on the right
007442.png,"Small autumn tree with rounded yellow foliage, brown trunk, and dark outline"
007443.png,"Small green tree with rounded foliage, dark brown outline, and tiny trunk"
007444.png,Green tree canopy section with curved leafy clumps and dark brown outlines
007445.png,Green tree canopy corner with rounded leafy sections and dark brown outline
007446.png,Orange tree canopy section with rounded foliage chunks and dark brown outline
007447.png,Orange tree canopy corner with curved foliage segments and dark brown outline
007448.png,"Two red mushrooms with white spots, brown stems, and thick dark outlines"
007449.png,Ground tile of tan dirt bordered by green grass on the lower-left
007450.png,Ground tile of tan dirt bordered by green grass along the bottom
007451.png,Ground tile of tan dirt bordered by green grass along bottom and right
007452.png,Ground tile of tan dirt with green grass in the upper-left corner
007453.png,Ground tile of tan dirt with green grass in the upper-right corner
007454.png,Ground tile of tan dirt with green grass in the lower-right corner
007455.png,Ground tile of tan dirt with green grass in the lower-left corner
007456.png,Stepping stone path with light grey square paving stones on green grass
007457.png,Wooden fence corner post connected to a horizontal rail on the right
007458.png,Wooden fence center post connected to horizontal rails on both sides
007459.png,Wooden fence corner post connected to a horizontal rail on the left
007460.png,Single wooden fence post standing vertically with a dark brown outline
007421.png,"Race track accessories with red and blue flags, barriers, and arrow signs"
007422.png,Tall green hill with a dark outline and light green dotted shading
007423.png,Rounded green mound with dark brown outline and textured interior spots
007424.png,Green double hill with a small rounded mound beside a taller peak
007425.png,Green double hill with a taller peak beside a small rounded mound
007426.png,Yellow double hill with a small rounded mound beside a taller peak
007427.png,Yellow double hill with a taller peak beside a small rounded mound
007428.png,Tall yellow hill with a dark brown outline and lighter textured spots
007429.png,Low green mound with a dark brown outline and flat bottom edge
007430.png,Low yellow mound with a dark brown outline and flat bottom edge
007431.png,Ground tile showing green grass on the top-left corner over tan dirt
007432.png,Ground tile showing a horizontal strip of green grass over tan dirt
007433.png,Ground tile showing green grass on the top-right corner over tan dirt
007434.png,Autumn tree with an orange-yellow rounded crown and short brown trunk
007435.png,Green tree with a rounded rectangular crown and short brown trunk
007436.png,Green twin hills joined across a central gap by a white bridge
007437.png,Yellow twin hills joined across a central gap by a white bridge
007438.png,Curved green sprout or bush with a rounded head and dark outline
007439.png,Ground tile showing a vertical strip of green grass along tan dirt
007440.png,"Plain ground tile featuring a completely solid, uniform tan dirt surface"
007521.png,"Archway left side, grey stone brick wall framing dark curved doorway with iron bars"
007522.png,"Archway right side, grey stone brick wall framing dark curved doorway with iron bars"
007523.png,"Stone arch left segment, curved grey masonry blocks framing dark doorway against grey wall"
007524.png,"Stone arch right segment, curved grey masonry blocks framing dark doorway against grey wall"
007525.png,Pickaxe with curved blue-grey metal head and short vertical brown wooden handle
007526.png,Pitchfork with three grey metal tines and a short brown wooden handle
007527.png,Bow with curved brown wooden limb and a straight vertical grey string
007528.png,"Arrow angled diagonally, with grey stone tip, brown wooden shaft, and white fletching"
007529.png,"Skeleton key, horizontal grey metal design with rounded bow and notched lower bit"
007530.png,"Stone platform corner, smooth light grey surface bordered by dark trim and wall"
007531.png,"Stone platform edge, flat light grey upper surface bordered by dark horizontal trim"
007532.png,"Stone platform corner, smooth light grey floor bordered by dark right edge"
007533.png,"Hanging chain segment, vertical interlocking grey metallic links outlined in dark grey"
007534.png,"Hanging chain segment, vertical grey metal links connected in a straight line"
007535.png,"Dungeon window, rectangular dark opening in brown wooden frame within grey stone wall"
007536.png,"Stone wall, rectangular grey masonry bricks arranged in alternating horizontal rows"
007537.png,Axe with semicircular grey metal blade facing left on a brown wooden handle
007538.png,Shovel with rounded grey metal blade and short brown handle with red grip
007539.png,Sickle with curved grey metal blade extending left from brown wooden handle
007540.png,"Bucket crafted from brown wood, featuring a dark interior and grey metal handle"
007541.png,"Wooden container, brown with an arched metal handle and a bright blue rectangular visor"
007542.png,"Cypress tree, tall and slender with green foliage and a short brown wooden trunk"
007543.png,"Corn cluster, golden yellow cobs arranged symmetrically with pointed brown-outlined husks"
007544.png,"Fenced enclosure, square brown wooden railing with an opening around a small cart"
007545.png,"Vertical fence, narrow brown wooden barrier composed of several connected upright posts"
007546.png,"Horizontal fence, brown wooden rail spanning between two short upright end posts"
000416.png,"Targeting reticle, beige arched frame with two vertical bars inside a dashed square border"
000417.png,"Targeting reticle, beige arched frame with a horizontal dash inside a patterned square border"
000418.png,"Targeting reticle, beige U-shaped frame featuring serrated inner columns connected by a flat base"
000419.png,"Targeting reticle, beige arched opening framed by fragmented rectangular blocks and segmented borders"
000420.png,"Targeting reticle, bright red concentric rounded rectangles with corner accents and a center dash"
000471.png,"Targeting reticle, beige dashed circular ring with four inner ticks and a central dot"
000472.png,"Targeting reticle, four beige L-shaped corner brackets surrounding a central square dot"
000473.png,"Targeting reticle, beige corner brackets, four cardinal rectangular bars, and a central dot"
000300.png,"Lantern, pale beige, with a tall rectangular handle, wide body, and flat base"
000373.png,"Torii gate, vibrant red, featuring two vertical pillars supporting two horizontal crossbeams"
000374.png,"Gong, golden yellow, featuring a square plate suspended inside a post-and-beam frame"
000375.png,"Diagonal slash, pale beige, forming a sharp elongated streak tapered at both ends"
000376.png,"Crescent slash, pale beige, forming a curved arc tapering toward the lower tip"
000377.png,"Triple slash, pale beige, composed of three parallel diagonal streaks tapered at ends"
000378.png,"Sparkle burst, pale beige, featuring a central circle surrounded by small detached squares"
000379.png,"Flame wisp, pale beige, shaped as a flickering teardrop with an inner notch"
000380.png,"Shockwave ring, pale beige, forming a diagonal oval loop trailing small detached particles"
000415.png,"Stone wall, pale beige, composed of assorted rectangular and square masonry blocks"
000240.png,Banner made of red cloth suspended between two vertical upright posts
000281.png,"Bat in light beige with outstretched wings, pointed ears, and tiny feet"
000282.png,"Ghost in light beige with dark eyes, an open mouth, and wavy skirt"
000283.png,"Rattlesnake in light beige with raised head, open mouth, and rattling tail"
000284.png,"Dragon head in light beige facing right, with curved horn and sharp teeth"
000285.png,Bear creature in light beige facing forward with round ears and heavy arms
000286.png,"Rat in light beige facing right with curved tail, snout, and ears"
000287.png,"Door in bright blue, closed with a cross-shaped cutout inside a rectangular frame"
000288.png,"Gate in bright blue, featuring diagonal lattice bars inside a rectangular frame"
000289.png,"Doorway in bright blue, forming an empty rectangular open frame"
000056.png,Hooded wizard in light beige robes holding a tall staff on the right
000057.png,Adventurer in light beige wearing a wide-brimmed hat and holding a walking staff
000058.png,"Woman in light beige with long hair, wearing a two-piece outfit and skirt"
000059.png,Muscular fighter in light beige with a headband and broad shoulder guards
000060.png,Warrior in light beige wearing a headband and a diagonal torso strap
000235.png,"Door in light beige with a doorknob, framed under a rectangular lintel"
000236.png,"Shop counter in light beige beneath a solid upper awning, framing a chest"
000237.png,Wooden inn sign in brown on a single post with a carved bed
000238.png,Wooden tavern sign in brown on a single post with a carved mug
000239.png,Wooden notice board in brown mounted upright on two vertical support posts
000476.png,Targeting frame consisting of four beige corner brackets on a dark brown background
000477.png,Starburst pattern with four beige bars and four diagonal dotted lines on dark brown
000478.png,Outward expand arrows in beige pointing toward each corner from a central dot
000479.png,Skull and crossbones in beige with a dark eye socket and crossed diagonal bones
000514.png,Dungeon corridor corner with beige walls framing a triangular checkered floor pattern
000515.png,Dungeon staircase in beige ascending diagonally along a dark corridor wall
000516.png,Arched doorway entrance in beige with a dark opening and jagged threshold teeth
000517.png,Corridor doorway in beige framing a closed door with a window and knob
000518.png,Corridor turn with beige ceiling and wall outlines framing a dark interior hallway
000290.png,Wooden door with a dark rectangular window and small doorknob inside a brown frame
000291.png,Wooden door with a checkered mesh window and horizontal bar inside a brown frame
000292.png,Wooden door with a dark rectangular inset panel and slot inside a brown frame
000293.png,Open doorway with a thick terracotta brown rectangular frame leading into a dark interior
000294.png,Tavern door with a dark beer mug emblem set inside a thick brown frame
000295.png,Wooden door with two stacked rectangular recessed panels set inside a thick brown frame
000296.png,Open doorway with a thin terracotta brown arched frame leading into a dark interior
000297.png,Arched wooden door with a horizontal latch set inside a terracotta stone doorway
000298.png,"Chair facing right, with a beige rectangular seat cushion and white tubular metal frame"
000530.png,"Card slot placeholder, featuring a beige rectangular outer frame and dashed inner border"
000531.png,"Ace of hearts playing card with red border, letter A, and heart suit symbol"
000532.png,"Two of hearts playing card with red border, number two, and heart suit symbol"
000533.png,"Three of hearts playing card with red border, number three, and heart suit symbol"
000534.png,"Four of hearts playing card with red border, number four, and heart suit symbol"
000535.png,"Five of hearts playing card with red border, number five, and heart suit symbol"
000536.png,"Six of hearts playing card with red border, number six, and heart suit symbol"
000537.png,"Seven of hearts playing card with red border, number seven, and heart suit symbol"
000538.png,"Eight of hearts playing card with red border, number eight, and heart suit symbol"
000621.png,"Flying saucer, beige craft with a domed cockpit cabin and wide disc rim"
000622.png,"Spaceship, cyan vessel with a central cockpit joined between two patterned wings"
000623.png,"Corner border, two beige concentric curving bands forming an upper-left turn"
000624.png,"Horizontal border, two straight beige parallel stripes of differing thicknesses"
000625.png,"Corner border, two beige concentric curving bands forming an upper-right turn"
000631.png,"Playing card, beige rectangular outline enclosing the number five and a spade"
000632.png,"Playing card, beige rectangular outline enclosing the number six and a spade"
000633.png,"Playing card, beige rectangular outline enclosing the number seven and a spade"
000634.png,"Playing card, beige rectangular outline enclosing the number eight and a spade"
000635.png,"Playing card, beige rectangular outline enclosing the number nine and a spade"
000601.png,Playing card showing a beige number seven and diamond suit on dark purple
000602.png,Playing card showing a beige number eight and diamond suit on dark purple
000603.png,Playing card showing a beige number nine and diamond suit on dark purple
000604.png,Playing card showing a beige letter Jack and diamond suit on dark purple
000605.png,Playing card showing a beige letter Queen and diamond suit on dark purple
000606.png,Playing card showing a beige letter King and diamond suit on dark purple
000607.png,"Red isometric building with a peaked roof, rectangular doorway, and small windows"
000608.png,"Red building with a sloped roof, square windows, and an entrance"
000609.png,"Beige symmetrical alien creature with horns, blocky body, and two clawed feet"
000611.png,"Castle fortress, beige stone with crenellated battlements, horizontal slit window, and arched doorway"
000612.png,"Castle, beige stone fortress with four pointed corner towers and central arched gateway"
000613.png,"Fortress, beige stone with four square corner towers, crenellated walls, and central doorway"
000614.png,"Fortress wall, beige stone with upper battlements, two slit windows, and notched sides"
000615.png,"Truck front, beige cab with large square windshield and two square bottom wheels"
000616.png,"Space capsule, orange-brown upright vessel with rounded dome, horizontal band, and two thrusters"
000617.png,"Drop pod, orange-brown downward-pointing vessel with rounded top, rectangular visor, and pointed base"
000618.png,"Rover, orange-brown vehicle facing right with rounded nose, rectangular window, and bottom wheels"
000619.png,"Truck trailer, beige cargo bed in side view with two square wheels and bumpers"
000620.png,"Semi-truck cab, beige side profile with tall driver cabin, front hood, and wheel"
000694.png,"Chevron pointing up, beige rounded arrowhead with a dark inner outline."" (11 words)"
000695.png,"Chevron pointing right, beige rounded arrowhead with a dark inner outline."" (11 words)"
000696.png,"Chevron pointing down, beige rounded arrowhead with a dark inner outline."" (11 words)"
000697.png,"Chevron pointing left, beige rounded arrowhead with a dark inner outline."" (11 words)"
000708.png,"Astronaut helmet, beige, featuring a square top attachment, wide visor, and neck ring"
000709.png,"Hard hat, beige, featuring a rounded dome, wide brim, front emblem, and chin strap"
000710.png,"Pair of boots, beige, with tall shafts, distinct heels, and outward-pointing toes"
000711.png,"Winged boots, beige, featuring upright shafts with small side wings and pointed toes"
000712.png,"Pair of gloves, beige, with spread fingers, thumbs, and square wrist cuffs"
000713.png,"Pair of gauntlets, beige, featuring upright fingers and hollow rectangular wrist cuffs"
000714.png,"Heavy chestplate, beige, with wide shoulder guards, solid chest plate, and segmented waist flaps"
000715.png,"Armor vest, beige, featuring squared shoulder armor, central breastplate, and segmented lower flaps"
000716.png,"Tactical vest, beige, featuring a shoulder antenna, central zipper, and lower utility pouches"
000717.png,"Backpack, beige, featuring a top carry handle, two vertical straps, and lower loops"
000698.png,"Cross symbol, bright green with dark green outlines, centered inside a rounded square frame"
000699.png,"Upward arrow, bright green with a darker green outline, pointing straight up"
000700.png,"Rightward arrow, bright green with a darker green outline, pointing to the right"
000701.png,"Downward arrow, bright green with a darker green outline, pointing straight down"
000702.png,"Leftward arrow, bright green with a darker green outline, pointing to the left"
000703.png,"Gladiator helmet, light beige, featuring three vertical forehead slits and a T-shaped face opening"
000704.png,"Roman helmet, light beige, with a horizontal brow ridge, nasal guard, and side flaps"
000705.png,"Roman helmet, light beige, showing a horizontal brow ridge, nasal bar, and cheek guards"
000706.png,"Roman helmet, light beige, featuring a top crest slot, brow ridge, and cheek guards"
000707.png,"Crested helmet, light beige, with a tall central fin, pointed side wings, and cheek guards"
000739.png,"Chestplate, light beige heavy armor with broad shoulder pauldrons, breastplate, and abdominal plating"
000740.png,"Jacket, brown leather coat with an open front collar and two hanging sleeves"
000772.png,"Round shield, brown bronze disc with an outer ring and cross-shaped central pattern"
000773.png,"Button, off-white circular disc with a raised outer rim and four center holes"
000774.png,"Gear, brown bronze cogwheel with rectangular outer teeth and a square axle hole"
000775.png,"Compact disc, light grey circular optical disc with a central hole and reflections"
000776.png,"Battery, tilted off-white cylindrical cell with contact terminals and two small central dots"
000777.png,"Electrical plug, light grey appliance plug with two leftward prongs and rounded casing"
000778.png,"Crown, yellow gold three-pointed royal circlet with a raised cross at the center"
000779.png,"Royal crown, ornate yellow gold coronet featuring five tall spikes and jewel accents"
001170.png,"Upward chevron, light beige with dark borders on a dark purple square"
001171.png,"Rightward chevron, light beige with dark borders on a dark purple square"
001172.png,"Downward chevron, light beige with dark borders on a dark purple square"
001173.png,"Leftward chevron, light beige with dark borders on a dark purple square"
001174.png,"Plus symbol, bright green within a rounded square outline on dark purple"
001175.png,"Upward arrow, bright green with dark green outline on a dark purple square"
001176.png,"Rightward arrow, bright green with dark green outline on a dark purple square"
001177.png,"Downward arrow, bright green with dark green outline on a dark purple square"
001178.png,"Leftward arrow, bright green with dark green outline on a dark purple square"
001179.png,"Firework rocket, light beige pointing diagonally upward with trailing sparks on dark purple"
000718.png,"Target reticle, beige symmetrical mechanical crosshair with a central square ring and brackets"
000719.png,"Coin, yellow circular token with solid left side and checkered dithered shading"
000720.png,"Diamond gem, bright blue rhombus with solid left half and checkered shading"
000722.png,"Directional arrow, thick beige chunky pointer aimed toward the top-left corner"
000723.png,"Cursor arrow, beige hollow outline of a pointer aiming toward the right"
000725.png,"Mouse cursor, solid beige classic arrow pointer angled toward the top-left"
000726.png,"Heart, solid red symmetrical health symbol with a pointed bottom"
000727.png,"Heart outline, hollow red frame forming an empty heart silhouette"
000728.png,"Half heart, red outline containing a filled left chamber for partial health"
001180.png,"Warning sign in yellow, shaped as a triangle with a central exclamation mark"
001314.png,"Square crate in white, featuring an inner diagonal cross and four corner dots"
001315.png,"Hooded figure in white, wearing a long hooded cloak with a shaded face"
001316.png,"Robot in white, featuring side antenna ears, two eyes, and blocky rectangular limbs"
001317.png,"Humanoid creature in white, featuring wide side ears, two eyes, and short legs"
001318.png,"Horned demon in white, featuring two upright horns and holding a small trident"
001319.png,"Knight warrior in white, wearing a helmet and holding an upright raised sword"
001320.png,"Goblin creature in white, with long drooping ears, two eyes, and standing legs"
001381.png,"Circular coin in white,"
001382.png,"Torch, white, featuring a diagonal handle and a curved flame at the top"
001383.png,"Torch, white, featuring a diagonal flared handle holding an upright flickering flame"
001384.png,"Unlit torch, white, with a diagonal handle and a tapered wrapped head"
001385.png,"Belt, white, curved into a loop with a central square buckle"
001386.png,"Watering can, white, with a rounded body, overhead handle, and angled spout"
001387.png,"Bucket, white, with a cylindrical container and a raised overhead handle"
001388.png,"Wheelchair, white, showing a stylized figure seated facing right with a large wheel"
001389.png,"Fence, white, consisting of a top horizontal rail and diagonal lattice bars"
001390.png,"Grate, white, featuring a rectangular framed panel with parallel diagonal lattice bars"
001500.png,Four white yen symbols arranged in a grid across a black square
001633.png,Gate featuring a white arched frame enclosing diagonal black-and-white metal bars
001634.png,Doorway with a thick white arched border around a solid black opening
001635.png,"Door with a white frame, rectangular black window, and small black handle"
001636.png,"Door with a white arched frame, checkered upper grille, and lower slot"
001637.png,Doorway containing nested white rectangular frames around a black space with a notch
001638.png,Door with a white arched frame featuring a heavy horizontal lock mechanism
001639.png,Door featuring a white arched frame with two stacked horizontal rectangular panels
001640.png,Dark tunnel entrance outlined at the top with a thin white arch
001693.png,"Campfire displaying a white flame, floating sparks, and surrounding base stones"
001459.png,"Mechanical spring, white compressed bounce pad with a curved cap over a flat base"
001460.png,"Extended spring, white coiled bounce pad with a raised cap and zigzag coil"
001492.png,"Mine support arch, white structural timber frame with two vertical posts and corner braces"
001493.png,"Ringed planet, white celestial sphere encircled by a diagonal ring with surrounding star specks"
001494.png,"Closed treasure chest, white rounded lid, rectangular wooden body, and a square front latch"
001495.png,"Open treasure chest, white wooden container with a lifted lid revealing an empty dark interior"
001497.png,"Open treasure chest, white container displaying a zigzag crown or precious gems inside"
001498.png,"Three vertical ladders, white climbing rungs arranged along"
001736.png,Arched doorway framing a white vertical ladder against a black opening
001737.png,Arched doorway enclosing a white closed door with a black horizontal window
001738.png,Arched doorway leading to a black passage barred by a white horizontal rail
001739.png,Arched doorway framing a black portcullis with downward teeth over two squares
001740.png,Arched doorway opening into a solid black passage framed by white borders
001813.png,Targeting reticle composed of four white right-angled corner brackets on black
001814.png,"Targeting reticle of four white corner brackets, each enclosing a small square"
001815.png,Targeting reticle composed of four white diagonal-cornered brackets on solid black
001816.png,"Hourglass shape in solid white, vertically centered within a solid black square"
001817.png,"Hourglass outline in thick white lines, vertically centered within a black square"
001694.png,"White leaf with serrated edges, a pointed tip, and a hollow center"
001695.png,White open cart or trough supported by two block legs and a crossbeam
001696.png,White football goal post featuring a U-shaped frame on a central support stand
001697.png,"White house or barn with a pitched roof, front entrance, and side fences"
001698.png,White triangular camping tent with an open entrance flap and ground stakes
001699.png,White rectangular chest of drawers with four corner panels and short feet
001700.png,White hanging rectangular shop sign suspended from a tall wooden post
001733.png,White window framed by two pleated curtains hanging below a horizontal pelmet
001734.png,White calendar or wall chart with header rows above a grid of squares
001735.png,White shelving unit holding two rows of hanging
001818.png,Hourglass with white outline and sand resting in the lower chamber on black
001819.png,Hourglass with white outline and sand filling both top and bottom chambers
001820.png,Target with a white circular outer ring and solid white central dot
001937.png,Microchip with a square white frame and connecting pins around the perimeter
002100.png,"Playing card, white rectangular border with number ten and club suit symbol"
002133.png,"Semi-truck, white side view showing cab, rectangular cargo trailer, and small wheels"
002134.png,"Flying saucer, white disc-shaped spacecraft with a domed cockpit containing two lights"
002135.png,"Spacecraft, white symmetrical vessel with central cockpit flanked by two patterned wings"
002136.png,"Curved road corner, white ninety-degree track segment curving from vertical to horizontal"
002137.png,"Straight road segment, thick white horizontal stripe beneath a thin parallel line"
002138.png,"Curved road corner, thick white horizontal track curving downward into a vertical line"
002139.png,"Playing card, white rectangular border enclosing a large solid white spade symbol"
002140.png,"Playing card, white rectangular border enclosing the letter A and a spade symbol"
002233.png,"Curved road corner, white ninety-degree track segment curving upward into a vertical lane"
001998.png,"Playing card, black with white border, featuring numeral six and a small heart suit"
001999.png,"Playing card, black with white border, featuring numeral seven and a small heart suit"
002000.png,"Playing card, black with white border, featuring numeral eight and a small heart suit"
002075.png,"Dungeon corridor perspective view, black ceiling and walls, white floor turning right with dithering"
002076.png,"Fireplace, black and white, featuring an arched hearth, mantel, and jagged flames below"
002077.png,"Doorway, white with black framing, featuring a door with small window and doorknob"
002080.png,"Hallway perspective view, black corridor with two vertical white wall borders and white floor"
002099.png,"Playing card, black with white"
002234.png,Horizontal road marking consisting of a thick white bar and thin upper stripe
002235.png,Curved road corner formed by two parallel white lines bending ninety degrees upward
002236.png,Four-way directional arrow with white arrowheads pointing outwards around a hollow center
002237.png,Three-way arrow symbol with white arrowheads pointing left and right and a downward stem
002238.png,Vertical double-ended arrow with white arrowheads pointing up and down on a central shaft
002239.png,Horizontal double-ended arrow with white arrowheads pointing left and right on a central shaft
002240.png,Upward chevron arrow outlined in white with a pointed top and notched bottom
002252.png,Warning sign featuring a white outline triangle enclosing a central white exclamation mark
002253.png,Skull hazard sign showing a small white skull inside a double square border
002254.png,Prohibition sign showing a white circle crossed by a diagonal slash line
002716.png,"Corner frame, dark purple blocky border enclosing an L-shaped white inner angle"
002717.png,"Corner frame, dark purple blocky border enclosing a reversed L-shaped white inner angle"
002718.png,"Diagonal capsule, dark purple tilted oval with a white diagonal rectangular center"
002719.png,"Diagonal capsule, dark purple tilted oval with a white diagonal slot slanting right"
002720.png,"Crosshair, dark purple cross-shaped frame containing four white square marks"
002737.png,"Monster bust, brown head with black eye sockets and small yellow horns"
002738.png,"Skeleton, light grey bony humanoid figure standing against a dark grey background"
002739.png,"Humanoid character, green-haired figure wearing a reddish-brown tunic and green sleeves"
002740.png,"Demon face, red blocky monster with bright green mouth on black background"
002640.png,"Futuristic wall section with a pale blue column, dark frame, and patterned ventilation grate"
002712.png,"Smoke puff, white core surrounded by a thick, rounded dark purple outer ring"
002713.png,"Smoke puff, white circular center enclosed by a chunky dark purple outline"
002714.png,"Smoke puff, white angular interior framed by a thick dark purple geometric border"
002715.png,"Smoke puff, white L-shaped center enclosed by a heavy dark purple border"
002625.png,"Balustrade, orange railing with three vertical bars connected to a grey stone post"
002626.png,"Archway, orange structure with two vertical support legs beneath a dark horizontal beam"
002627.png,"Stone block, light grey rectangular wall piece with jagged notches along the right edge"
002628.png,"Stone block, light grey rectangular wall piece with jagged notches along the left edge"
002629.png,"Wall panel, orange rectangular section with a light stripe and notched dark right edge"
002630.png,"Wall panel, orange rectangular section with a light stripe and notched dark left edge"
002631.png,"Industrial wall corner, grey framing around an orange grated panel above dark purple plating"
002632.png,"Industrial wall corner, grey angled frame border over an orange grated panel and dark plating"
002633.png,"Stone pillar segment, vertical grey rock column beside a solid"
002742.png,"Standing woman with long brown hair, a grey sleeveless dress, and orange skin"
002743.png,"Viking warrior wearing a horned grey helmet, orange beard, and purple tunic"
002745.png,Square stone block with a grey border and a central cross pattern
002747.png,"Coiled green snake with white square eyes, curved into an S-shape"
002748.png,Brown quadruped creature facing left with four legs and a short tail
002749.png,"Grey mouse facing left with a long pink tail, ears, and nose"
002750.png,Reddish-brown spider seen from above with eight symmetrical legs
002751.png,"Green ghost with dark eyes, a rounded pointed head, and small arms"
002774.png,Red banner on a brown wooden flagpole against a dark charcoal field
002779.png,Stone wall segment composed of grey rectangular masonry blocks and dark mortar
002780.png,Stone wall corner composed of interlocking grey blocks and dark mortar joints
002781.png,Round wooden pedestal table with a reddish-brown octagonal top and central leg
002782.png,Rectangular wooden table with a reddish-brown flat top and two square legs
002783.png,Small wooden stool with a rounded reddish-brown seat and two short legs
002784.png,"Metal crate, grey steel frame with rust-red panels and a dark center square"
002785.png,"Megaphone or horn, diagonal reddish-pink cone with lighter highlights expanding towards the upper right"
002786.png,Vertical conveyor belt segment with dark tread pattern and a red pipe along the left
002787.png,Vertical conveyor belt segment with dark tread pattern and a red pipe along the right
002788.png,"Conveyor belt segment, horizontal dark tread pattern bordered by light grey metallic rails"
002790.png,"Speech bubble, light grey rounded balloon shape with a small bottom tail"
002791.png,"Corner frame, light grey outer border enclosing a dark grey recessed square"
002792.png,"Corner frame, light grey right-angled border enclosing a dark grey recessed square"
002794.png,Stone wall with a light grey upper border and grey rectangular bricks below
002796.png,Green plant sprouts and grass tufts scattered across a dark ground
002797.png,"Sword with a silver-grey steel blade, dark crossguard, and red wrapped handle"
002798.png,Battleaxe with a double-sided grey steel blade and diagonal brown wooden handle
002799.png,"Hunting bow made of brown wood, strung with a grey nocked arrow"
002800.png,"Arrow with a brown wooden shaft, grey pointed tip, and orange fletching"
002816.png,Ring with a circular yellow gold band set with a red gemstone
002817.png,"Golden key with a looped handle, diagonal stem, and two protruding teeth"
002818.png,Wooden ladder with two vertical reddish-brown
002919.png,"Camera with a black outline, raised top viewfinder, and square central lens"
002920.png,"Telephone, black vintage desk phone with a wide receiver resting on a rectangular base"
002960.png,"Key, white antique skeleton key with an ornate head angled against a black background"
002961.png,"Door, closed white rectangular door with a right-side handle inside a black frame"
002962.png,"Door, closed white rectangular door with a left-side handle inside a black frame"
002966.png,"Wall, black T-shaped junction of thick perpendicular intersecting lines on a white background"
002967.png,"Wall, black T-shaped junction of thick perpendicular intersecting lines on a white background"
002970.png,"Pagoda, white multi-tiered roof sections centered on a black square"
002971.png,"Flask, round white potion bottle silhouette centered on a black square"
002974.png,"Concentric squares, white square frame enclosing a solid white central square on black"
002975.png,"Potion bottle, white outline of a round flask with a narrow neck on black"
002976.png,"Skeleton key, white diagonal key with a looped handle and two upper teeth on black"
002977.png,"Prison window, vertical black bars with three horizontal white slats in the center"
003232.png,"Gas plumes, two bubbling light green vapor trails rising against a dark green background"
003233.png,Platform corner made of green riveted metal panels with a dark shaded underside
003234.png,Wall panel of green metal planks featuring a small dark arched opening below
003235.png,Wall panel made of green metal planks with a dark framed wall monitor
003236.png,Wall panel of green metal planks featuring a dark jagged blast hole
003237.png,Platform edge made of green horizontal metal planks with a sloped bottom corner
003398.png,"Smoke cloud, billowing white and light grey puffs outlined in black with scattered specks"
003399.png,"Wooden staircase, grey horizontal planks stepped downward beneath white vertical railing posts"
003400.png,"Deck railing, white vertical fence posts positioned above grey horizontal wooden hull planks"
003414.png,"Curved ship hull, grey horizontal wooden planks tapering along a steep black curve"
003415.png,"Wooden ship wall, grey horizontal planks with vertical seams and darker wood grain"
003416.png,"Cannon port, black rectangular hatch framing a grey cannon inside wooden wall planks"
003417.png,"Wooden ship wall, grey horizontal timber planks with vertical joints and dark shading"
003418.png,"Curved ship hull, grey horizontal wooden planks rounded along the lower right border"
003419.png,"Cannonball stack, three grey iron spheres piled in a pyramid on a stand"
003420.png,"Cutlass, curved light grey blade with a white crossguard and dark grey handle"
003533.png,"Archway entrance with concentric dark brown, beige, and grey rectangular borders"
003535.png,Staircase of purple stone descending toward the right with a stepped diagonal edge
003536.png,Staircase of solid reddish-brown stone ascending toward the right with stepped incline
003538.png,Staircase in bright magenta descending toward the right with a small brown speck
003539.png,Staircase of muted purple stone ascending toward the right with stepped incline
003300.png,"Green skull with large dark eye sockets, a nasal cavity, and black outline"
003317.png,White fence section with grey vertical posts beneath a dark segmented top rail
003318.png,Curved white railing segment bending downward to the right with grey support posts
003393.png,Crossed bones forming a white and grey X shape with thick black outlines
003394.png,"Glass potion bottle with a narrow neck, grey liquid, and dark outlines"
003395.png,Rising stream of white smoke shooting upward from a round grey ground vent
003396.png,Wavy column of white smoke twisting upward from a circular grey base
003397.png,Plume of white smoke expanding outward at the top above a narrow stem
003576.png,"Arched doorway, stone tunnel entrance with white interior, dark border, and grey side steps"
003697.png,"Upward arrow, a purple triangular head with a separated purple square base"
003698.png,"Rightward arrow, a purple triangular head pointing right with a separated purple square base"
003599.png,Wall tile of light grey stone featuring three small horizontal purple rectangular marks
003600.png,Wall tile in light grey with a dark brown vertical right border with tabs
003632.png,"Doorway set in a bright pink wall, featuring a dark brown door and white slot"
003633.png,"Window with dark brown frame on bright pink wall, showing cream and grey panes"
003634.png,Window on pink wall section with a dark brown notched border along the right
003635.png,"Framed window with dark brown exterior, pink border, and cream-coloured horizontal interior panes"
003636.png,"Horizontal railing section with purple beams, dark left post, and light vertical supports"
003637.png,"Horizontal railing segment with purple beams, central vertical post, and light background supports"
003638.png,Horizontal railing section featuring two purple parallel
003818.png,"Monster, rounded blue creature with white eyes, dark mouth, and small feet"
003819.png,"Blob creature, light blue domed body with one white eye on peach"
003820.png,"Monster, dark navy square body with two red eyes and black feet"
003838.png,"Number seven, large purple numeral spanning the height of a peach square"
003839.png,"Number eight, purple numeral with two stacked square loops on peach"
003840.png,"Number nine, purple numeral with a large upper loop and thick tail"
003853.png,"Number seven, purple numeral centered inside a square peach tile"
003854.png,"Number eight, narrow purple block numeral with two vertical inner slots"
003855.png,"Number nine, small purple numeral with a square loop and tail"
003856.png,"Letter x, purple cross made of five disconnected square blocks on peach"
003799.png,Gold coin with an orange circular center and dark brown notched border
003800.png,Horseshoe magnet with a red curved body and grey magnetic tips
003801.png,"Red horned monster with two white eyes, dark purple torso, and red feet"
003802.png,Red horned monster walking with dark purple right ear and dark purple feet
003803.png,Red horned monster leaping with outstretched dark purple arms and red feet
003804.png,Red monster crouching low with a dark purple ear and flattened red body
003805.png,Red slime monster with a rounded square body and two white eyes
003806.png,Red cross symbol forming a symmetrical plus sign with four equal arms
003807.png,Small red square consisting of a tiny solid block in the center
003857.png,"Square tile, peach coloured with a fragmented purple star-like mark in the centre"
003858.png,"Square tile, peach coloured containing a central orange star-shaped emblem"
003859.png,"Square tile, peach coloured with a central star split into orange and purple halves"
003860.png,"Square tile, peach coloured containing a central muted purple star-shaped emblem"
003893.png,"Round creature, bright blue circular body featuring two square white eyes"
003894.png,"Left arch segment, curved purple outer rim enclosing a bright blue inner section"
003895.png,"Right arch segment, curved purple outer rim enclosing a bright blue inner section"
003896.png,"Left arch segment, purple outer rim enclosing dark grey with small blue base"
003897.png,"Right arch segment, purple outer rim enclosing dark grey with small blue base"
003898.png,"Monster, dark navy rectangular body with two glowing pink eyes and black feet"
003777.png,"Key, golden yellow metal with a round bow, straight stem, and bit"
003778.png,"Padlock with a curved purple metal shackle, rectangular yellow body, and central keyhole"
003919.png,Cave wall with dark slate border framing dripping golden sand over brown dirt
003920.png,"Cave wall corner with dark slate borders, dripping yellow layer, and speckled brown dirt"
004371.png,Wooden cabinet door in light brown with a small square knob and grey borders
004372.png,"Wooden door with two inset panels, small brown knob, and grey border strips"
004373.png,"Wooden door with a single panel, side handle, and grey right and bottom edges"
004374.png,"Wooden door with two stacked panels, a vertical side handle, and grey bordering edges"
004375.png,Wooden nightstand featuring a dark open cubby above a recessed lower panel door
004376.png,Wooden cabinet with a dark horizontal slot above an inset brown drawer panel
004377.png,"Stone block in pale grey with a stepped, notched top and dark grey perimeter"
004378.png,Wooden bedside cabinet with a dark open shelf and recessed lower drawer panel
003909.png,"Cake block with white dripping frosting, pink sponge, and dark horizontal borders"
003910.png,"Cake block with rounded right corner, white frosting, and pink sponge filling"
003911.png,"Lollipop with round orange candy, dark circular border, and short white stick"
003912.png,"Lollipop with round golden candy, horizontal ridge, and short white stick"
003913.png,"Biscuit cracker tile with rounded left edge, four indentations, and dark borders"
003914.png,Biscuit cracker tile with four square indentations and dark horizontal borders
003915.png,"Biscuit cracker tile with rounded right edge, four indentations, and dark borders"
003916.png,Donut with plain golden brown dough and a dark circular outline
003917.png,"Donut with pink frosting, colorful sprinkles, brown dough, and central hole"
003918.png,Donut with dark chocolate icing on brown dough and a central hole
003899.png,"Bomb creature with a navy-blue round body, glowing red eyes, and white overhead propeller"
003900.png,"Bomb creature with a navy-blue round body, glowing red eyes, and small top propeller"
003901.png,"Composite set showing blue sparkles, miniature bomb heads, and purple numbers seven, eight, nine"
003902.png,"Pogo enemy featuring a blue dome head, coiled grey spring body, and black antenna"
003903.png,"Square block framed in dark navy, featuring dripping yellow honey over a brown base"
003904.png,"Platform block framed on left and bottom, showing dripping yellow glaze over brown dirt"
003905.png,"Platform block framed at top and bottom, with dripping yellow honey over textured brown"
003906.png,"Platform block framed on top, right, and bottom, with dripping yellow over brown"
003907.png,"Square block framed in dark navy, featuring dripping white cream over a pink base"
003908.png,"Platform block framed on left and bottom, showing dripping white icing over pink ground"
003808.png,Blue circular creature with two square white eyes
003816.png,Blue dome-headed robot character with white eyes and dark navy arms
003817.png,Blue dome-headed robot character with white eyes glancing to the right
004379.png,Wooden support beam forming a right-angled corner with a diagonal brace
004380.png,Wooden support post forming a T-junction with two diagonal braces
004653.png,Teal short-sleeved tunic shirt with a wide scoop neckline
004654.png,Brown vest worn over a teal short-sleeved undershirt
004655.png,Lavender short-sleeved tunic shirt cinched with a brown belt
004656.png,Lavender short-sleeved tunic shirt with a wide scoop neckline
004657.png,Brown vest worn over a lavender short-sleeved undershirt
004658.png,"Grey trousers with a white front panel, topped by a teal waistband"
004659.png,"Grey trousers with a white front panel, topped by a purple waistband"
004660.png,"Tan trousers with a pale yellow front panel, topped by a teal waistband"
004754.png,"Humanoid female character with a long brown side braid, wearing a grey shirt"
004755.png,"Humanoid female character with twin brown braids, wearing a bright orange tunic"
004756.png,Bone hoe featuring an angled cream-colored blade mounted on a short brown handle
004757.png,"Battleaxe featuring a cream curved blade, top spike, and short brown wooden handle"
004758.png,Hatchet featuring a broad cream-colored axe blade and a short brown handle
004759.png,Tunic made of green fabric with short sleeves and a brown waist belt
004760.png,Tunic made of grey fabric with short sleeves and an orange-brown waist belt
004773.png,Long white hair or hood forming an arch with two hanging side strands
004774.png,"Character with short blonde hair, broad brown torso, purple shorts, and cyan shoes"
004775.png,Heater shield divided into four alternating quadrants of pale grey and muted brown
004695.png,**Check word count and details for each line (6-15 words)**:
004920.png,Table with grey metal borders and a wide green cloth runner in the center
005073.png,Kitchen counter with a grey countertop above an empty open wooden bottom shelf
005074.png,Kitchen counter with a grey countertop and stacked white dishes on a wooden shelf
005075.png,Kitchen counter with a grey countertop and green and yellow bottles inside the shelf
005076.png,Kitchen counter with a grey countertop and blue and orange canisters on lower shelf
005077.png,Kitchen counter with a grey countertop and a white dish rack with plates
005078.png,Kitchen sink counter with a grey washbasin above two wooden cabinet doors
005079.png,"Kitchen counter end unit with grey top, wooden cabinet doors, and a right leg"
005080.png,Corner kitchen counter with an L-shaped grey surface and a brown wooden side
005093.png,Kitchen counter with a grey countertop above two stacked wooden drawers with handles
004799.png,"Jester figure wearing a split teal and orange hat, matching shirt, and white pants"
004800.png,"Man with brown skin, grey hair, wearing an orange shirt and black shorts"
004912.png,Square tan tile bordered with dark brown edges along the left and bottom
004913.png,"Brown spaceship with a pointed hull, segmented wings, and bright yellow wingtip lights"
004914.png,"Silver spaceship with a pointed cockpit, swept wings, and bright yellow wing accents"
004915.png,"Beige spaceship with a pointed nose, light tan wings, and yellow wingtip accents"
004916.png,Grey metal tower structure featuring two parallel vertical beams above a splayed base
004917.png,Tan tower structure featuring two parallel vertical beams standing on a splayed base
004918.png,Green platform block featuring three horizontal panels and a vertical grey left edge
004919.png,Green platform block featuring three horizontal panels and a vertical grey right edge
004776.png,Checkered kite shield divided into teal and brown quadrants
004777.png,Sleeveless tunic or vest with a grey and white checkered pattern
004778.png,Sleeveless tunic or vest with a teal and brown checkered pattern
004779.png,"Chibi woman character with orange hair, pale skin, white apron, and orange dress"
004780.png,White walking cane or shepherd's crook with a curved top handle
005200.png,"Electronic machine, dark grey rectangular metal box with front circle, side knob, and feet"
005212.png,"Water terrain tile, light blue square with three faint pale blue square specks"
005213.png,"Water terrain tile, light blue square with four faint pale blue square specks"
005214.png,"Shoreline corner tile, upper-left green grass bordered by brown dirt against light blue water"
005215.png,"Shoreline edge tile, top green grass over wavy brown bank and light blue water"
005216.png,"Shoreline corner tile, bottom-left light blue water bordered by brown dirt and green grass"
005217.png,"Grass terrain tile, square bright green lawn with subtle darker green square specks"
005218.png,"Dirt terrain tile, square brown earth surface with scattered darker brown square spots"
005219.png,"Sand terrain tile, square pale beige ground with scattered darker tan square spots"
005220.png,"Striped canopy awning, rectangular fabric section with vertical orange-brown and pale cream stripes"
005177.png,Standing green chalkboard supported by brown wooden side posts and two bottom feet
005178.png,Standing green chalkboard in a brown wooden frame with two feet and chalk ledge
005179.png,"Chalkboard section framed in brown wood, displaying two dark green flask icons"
005180.png,"Chalkboard section with top and bottom wooden borders, displaying pale green chalk symbols"
005194.png,Wooden counter corner segment with light brown panels and dark brown outer edges
005195.png,Wooden counter middle segment featuring tan panels bounded by horizontal dark brown borders
005196.png,Wooden counter corner segment with tan panels and dark brown top and right edges
005197.png,Dark grey speaker tower with a rectangular cabinet housing two vertically stacked woofers
005198.png,Grey speaker tower with a tall rectangular cabinet housing two vertically stacked woofers
005094.png,Kitchen counter with grey countertop and two closed wooden cabinet doors below
005095.png,"Kitchen counter with grey countertop and an open, empty wooden cabinet shelf"
005096.png,Kitchen counter with grey countertop and open wooden cabinet containing stacked white plates
005097.png,Kitchen counter with grey countertop and open wooden cabinet holding green and yellow bottles
005098.png,Kitchen counter with grey countertop and open wooden cabinet holding blue and orange bottles
005099.png,Kitchen counter with grey countertop and open wooden cabinet holding upright white plates
005100.png,Kitchen sink with grey basin and faucet atop a wooden cabinet with closed doors
005174.png,Armchair with a beige wooden frame and an orange cushioned seat
005175.png,Armchair with a beige wooden frame and a teal cushioned seat
005176.png,Runner rug featuring a rectangular green center with brown borders along the sides
005557.png,"Wooden sign, blank tan rectangular board with a dark brown border and central base"
005558.png,"Stone fireplace, arched dark grey hearth enclosing burning yellow and orange flames on logs"
005559.png,"Stone fireplace, arched dark grey hearth with glowing orange and yellow fire on logs"
005560.png,"Wooden armchair, brown frame and armrests enclosing green backrest and seat cushions"
005772.png,"Tree, bright green goblet-shaped foliage with darker speckles atop a short brown trunk"
005773.png,"Autumn tree, orange goblet-shaped canopy with darker speckles atop a short brown trunk"
005774.png,"Tree, teal-green goblet-shaped canopy with darker speckles atop a short brown trunk"
005775.png,"Tree, light green stepped bell-shaped canopy sitting atop a short brown trunk"
005776.png,"Autumn tree, orange stepped bell-shaped canopy sitting atop a short brown trunk"
005777.png,"Tree, teal-green stepped bell-shaped canopy sitting atop a short brown trunk"
005456.png,Rectangular wooden planter box containing brown soil and blooming yellow flowers
005457.png,Tall brown wooden counter supported by two thick outer legs
005458.png,Medium-height brown wooden counter supported by two thick outer legs
005459.png,Low brown wooden counter or bench supported by two thick outer legs
005460.png,Brown wooden counter section with a left leg and an open right side
005552.png,Closed wooden double gate with metal hinges between two upright posts
005553.png,Wooden display stand holding a leafy green plant in an orange pot
005554.png,Brown wooden table with a rectangular tabletop and a central pedestal base
005555.png,Wide brown wooden table with a rectangular tabletop on a central pedestal base
005556.png,Brown wooden table segment with a central pedestal base extending to the right
005850.png,"Wooden bookshelf with two shelves holding green, teal, and orange books inside dark frame"
005851.png,"Wooden bookcase with legs, containing green and teal books above a closed wooden cabinet"
005852.png,"Wooden bookshelf left section holding green, teal, and orange books with flat top trim"
005853.png,"Wooden bookshelf left section with weathered top trim, holding green, teal, and orange books"
005854.png,"Wooden bookshelf middle section holding teal, green, and orange books across two open shelves"
005855.png,Wooden bookshelf middle section with weathered top trim and shelves of colourful books
005856.png,"Wooden bookshelf right section with weathered top trim, containing colourful books on two shelves"
005857.png,"Wooden bookshelf right section with flat top trim, containing colourful books on two shelves"
005858.png,Flower patch on green grass with two teal blossoms bordered by grey pavement
005859.png,"Wooden table viewed from above, featuring rounded brown surface with subtle dark spots"
005778.png,"Fruit tree with a green triangular canopy, scattered orange fruits, and a brown trunk"
005779.png,Wooden door with a grey outer frame and brown panels featuring an inset rectangle
005780.png,"Narrow wooden door framed in grey stone, with an inset rectangle on the bottom"
005793.png,Oval wooden shield with a segmented brown rim and an orange interior
005794.png,Oval wooden shield with a segmented brown rim and a teal blue interior
005795.png,Haystack forming a rounded yellow mound with golden and light yellow highlights
005796.png,"Stone gravestone with an arched top, dark grey border, and faint horizontal inscriptions"
005797.png,Rectangular stone headstone with grey borders and four faint lines of text
005798.png,Rectangular stone headstone with grey borders and three faint lines of text
005800.png,Wooden wall tile with dark brown border and an embossed lower horizontal rectangular panel
005841.png,Grey stone tile with a light left vertical stripe and two notched right corners
005842.png,Grey stone tile with a light bottom horizontal band and two notched top corners
005843.png,Brown wooden tile with dark borders along the top and left sides
005844.png,Brown wooden tile with lighter horizontal bands across the top and bottom edges
005845.png,"Brown wooden tile with outer borders along the top, right, and bottom edges"
005846.png,Brown wooden tile with top-left corner borders and a bottom-right corner bracket
005847.png,Brown wooden tile with top-right corner borders and a bottom-left corner bracket
005848.png,Brown wooden tile with a dark left border and two right corner brackets
005849.png,Brown wooden tile with a light bottom border and two top corner brackets
005293.png,Upright piano made of brown wood with a protruding keyboard and white trim
005294.png,"Single bed with brown wooden frame, orange folded blanket, and cream sheet"
005295.png,"Single bed with brown wooden frame, straight orange blanket, and cream sheet"
005296.png,Empty bed frame made of brown wood with a plain tan mattress
005297.png,Single bed with brown wooden frame and a plain cream-coloured mattress sheet
005298.png,Four-pane square window with a brown wooden frame and dark glass panes
005299.png,Four-pane square window with a light grey frame and dark glass panes
005454.png,"Wooden chair facing right, viewed from the side, in light and medium brown"
005455.png,"Wooden chair facing left, viewed from the side, in light and"
005860.png,"Armchair, brown and tan, viewed from above with armrests and a tufted seat"
005953.png,"Counter, brown wooden left piece with a tan surface and raised top ledge"
005954.png,"Counter, brown wooden middle piece with a tan surface and stepped top edge"
005955.png,"Counter, brown wooden right piece with a tan surface and raised top ledge"
005956.png,"Bookcase, brown wood with two shelves containing orange, green, and teal books"
005957.png,"Bookshelf, brown wood with one row of colorful books above a solid base"
005958.png,"Bookshelf, brown wooden left segment with two rows of orange, teal, and green books"
005959.png,"Bookshelf, brown wooden left segment with cobwebs above two rows of colorful books"
006535.png,Square brown panel with darker brown shadow border on bottom and left edges
006536.png,Square brown panel with a darker brown shadow line along the bottom edge
006537.png,Square brown panel with darker brown border along the right and bottom edges
006538.png,Square light gray tile with dark gray shadow on bottom and left edges
006539.png,Square light gray tile with a dark gray shadow along the bottom edge
006540.png,Square light gray tile with dark gray shadow on right and bottom edges
006653.png,Rectangular light gray platform block with dark gray horizontal bands top and bottom
006654.png,"Rectangular light gray platform with dark gray borders on top, right, and bottom"
006655.png,Rectangular light gray box with a white inner outline and dark outer border
006656.png,Rectangular light gray bar framed by white stripes and dark gray outer borders
006233.png,"Dirt ground tile, brown square surface with darker brown cracks in the center"
006234.png,"Railroad track switch, three horizontal brown ties crossed by vertical and curved grey rails"
006235.png,"Railroad track switch, three horizontal brown ties with grey rails branching towards the left"
006236.png,"Railroad track switch, two horizontal brown ties crossed by vertical and curved grey rails"
006237.png,"Railroad track switch, two horizontal brown ties crossed by vertical and diagonal grey rails"
006238.png,"Stone path segment, light beige horizontal strip with irregular edges and faint speckled spots"
006239.png,"Terminal railroad track, two vertical brown ties supporting horizontal grey rails capped at right"
006240.png,"Terminal railroad track, two vertical brown ties supporting horizontal grey rails capped at left"
006254.png,"Rock mound, brown stepped heap covered with small patches of bright green moss"
006255.png,"Terrain tile, square purple surface covered with scattered light pink and magenta spots"
006657.png,Grey metal bar segment with white inner line and dark grey borders
006658.png,Brown platform left end section with dark brown trim and horizontal interior shadow
006659.png,Brown platform middle section with dark brown top and bottom trim and shadow
006660.png,Brown platform right end section with dark brown trim and horizontal interior shadow
006681.png,Teal square block featuring a darker teal bottom border with one small notch
006682.png,Teal square block with notched right side and dark teal notched bottom border
006683.png,Lime green square block with small irregular cutouts along its bottom edge
006684.png,Lime green rectangular block with a single small notch on its bottom edge
006685.png,Lime green square block with small square notches along bottom and right edges
006686.png,Orange-brown square block with small square cutouts along its bottom edge
006697.png,"Rectangular bar segment, beige with dark borders on top, bottom, and right end"
006698.png,"Rectangular bar left end cap, beige with dark border and inner white trim"
006699.png,"Rectangular bar middle piece, beige with dark borders and horizontal white trim"
006700.png,"Rectangular bar right end cap, beige with dark border and inner white trim"
006753.png,"Armored soldier, blue with helmet crest, dark outline, standing on two short legs"
006754.png,"Rocket ship on a launch base, blue with white window and dark outline"
006755.png,"Factory building, blue with two smokestacks, white accents, and a dark outline"
006756.png,"Waving flag, bright blue with dark outline, attached to a vertical grey pole"
006757.png,"Waving flag, fluttering blue cloth with dark outline on a vertical grey pole"
006758.png,"Directional arrow, bright blue pointing to the left with a thick dark outline"
006759.png,"Right-facing arrow in bright cyan blue, outlined with a thick dark border"
006760.png,Blue robot figure featuring white square grid markings and a dark outline
006853.png,"Human character wearing a blue uniform, holding two grey weights or tools"
006854.png,Dark grey metal floor panel with two vertical stripes and dashed central line
006855.png,Dark grey square tile with corner rivets and a vertical light grey band
006856.png,Dark grey square metal tile adorned with light grey corner brackets and rivets
006857.png,Dark grey square tile with corner rivets on left and right vertical band
006858.png,Light blue waterfall cascading downward between grey stone ledges into a pool
006859.png,Red mechanical workbench with a grey lever and dark brown outline
006860.png,"Red kettle with white striped accents, a grey handle, and side spout"
006861.png,Binoculars device with two circular grey lenses mounted on a red body
006862.png,"Hovercraft vehicle with a red hull, grey side cabin, and blue lower cushion"
006863.png,"Hovercraft viewed from front with a red hull, grey windows, and blue base"
006864.png,"Patrol boat facing front with a red hull, top antenna, and blue base"
006865.png,"Transport truck with a red cabin, open rear bed, and grey wheels"
006866.png,"Supply truck with a red cabin, tan covered cargo bed, and grey wheels"
006867.png,Armored personnel carrier with a boxy red body and grey caterpillar tracks
006868.png,"Tank vehicle with a red armored turret, grey barrels, and caterpillar tracks"
006869.png,"Fighter jet with red wings, a red fuselage, and a white pointed nose"
006870.png,Soldier wearing a red helmet and red uniform while holding a grey rifle
006692.png,"Platform block, teal left corner segment with dark teal borders and top highlight"
006693.png,"Platform block, teal middle segment with dark teal borders on top and bottom"
006694.png,"Platform block, teal right corner segment with dark teal borders and top highlight"
006695.png,"Platform block, beige left corner segment with brown borders and a cream highlight"
006696.png,"Platform block, beige middle segment with brown borders along the top and bottom"
007378.png,"Number two, bold white digit with a thick dark brown outline"
007379.png,"Number three, bold white digit with a thick dark brown outline"
007380.png,"Number four, bold white digit with a thick dark brown outline"
006871.png,"Warrior figure in red armor and helmet, holding two light-gray blades at his sides"
006872.png,U-shaped track tile with light-gray rails on a dark slate-gray square surface
006873.png,Curved track corner with a light-gray rounded rail on a dark slate-gray tile
006874.png,Square track tile with a horizontal light-gray rail along the bottom edge
006875.png,Curved track tile featuring a rounded light-gray rail on dark slate-gray ground
006876.png,Straight track tile with two vertical dashed light-gray rails on slate-gray ground
006877.png,"Industrial machine with an orange blocky body, yellow arm, and gray metal base"
006878.png,"Mechanical drill vehicle with an orange body, gray metal bands, and dark outline"
006879.png,Orange robot vehicle equipped with two circular gray lenses or eyes on top
006880.png,Orange hovercraft boat with a gray windshield floating on light blue water
006999.png,"Wooden chest, closed, with brown planks, silver metal bands, and dark outline"
007000.png,"Wooden chest, open, showing dark interior beneath a raised silver latch"
007255.png,Wooden crate with light tan cross braces over reddish-brown square panels
007256.png,"Green grass slope, right-angled triangle rising rightward with dark brown border"
007257.png,Square green tile divided vertically by a tan strip with dark corners
007258.png,"Green grass slope, right-angled triangle descending rightward with dark brown border"
007259.png,"Metal watering can, light grey with spout, top handle, and dark outline"
007260.png,Rock pile consisting of smooth light grey and blue-grey stones with outline
007376.png,"Number zero, bold white digit surrounded by a thick dark brown outline"
007377.png,"Number one, bold white digit surrounded by a thick dark brown outline"
006915.png,"Archway corner, grey stone blocks with a dark outline above a brown wall"
006916.png,"Archway corner, grey stone blocks forming the upper right side of an entrance"
006917.png,"Arched doorway, light grey opening framed by a dark outline in a brown wall"
006918.png,"Wall fountain, dry grey stone fixture on a brick wall with an oval basin"
006919.png,"Wall fountain, grey stone spout pouring bright cyan water into a dark basin"
006920.png,"Dungeon entrance, arched grey stone doorway leading into darkness with brown steps below"
006996.png,"Boy, standing human figure with brown hair, white shirt, and brown trousers"
006997.png,"Blacksmith, bald man with a brown beard, white shirt, and brown leather overalls"
