path,source,licence
000001.png,kenney_1-bit-pack/Tilemap/tileset_legacy.png,CC0-1.0
000002.png,kenney_1-bit-pack/Tilemap/tileset_legacy.png,CC0-1.0
000003.png,kenney_1-bit-pack/Tilemap/tileset_legacy.png,CC0-1.0
000004.png,kenney_1-bit-pack/Tilemap/tileset_legacy.png,CC0-1.0
000005.png,kenney_1-bit-pack/Tilemap/tileset_legacy.png,CC0-1.0
000006.png,kenney_1-bit-pack/Tilemap/tileset_legacy.png,CC0-1.0
000007.png,kenney_1-bit-pack/Tilemap/tileset_legacy.png,CC0-1.0
000008.png,kenney_1-bit-pack/Tilemap/tileset_legacy.png,CC0-1.0
000009.png,kenney_1-bit-pack/Tilemap/tileset_legacy.png,CC0-1.0
000010.png,kenney_1-bit-pack/Tilemap/tileset_legacy.png,CC0-1.0
000011.png,kenney_1-bit-pack/Tilemap/tileset_legacy.png,CC0-1.0
000012.png,kenney_1-bit-pack/Tilemap/tileset_legacy.png,CC0-1.0
000013.png,kenney_1-bit-pack/Tilemap/tileset_legacy.png,CC0-1.0
000014.png,kenney_1-bit-pack/Tilemap/tileset_legacy.png,CC0-1.0
000015.png,kenney_1-bit-pack/Tilemap/tileset_legacy.png,CC0-1.0
000016.png,kenney_1-bit-pack/Tilemap/tileset_legacy.png,CC0-1.0
000017.png,kenney_1-bit-pack/Tilemap/tileset_legacy.png,CC0-1.0
000018.png,kenney_1-bit-pack/Tilemap/tileset_legacy.png,CC0-1.0
000019.png,kenney_1-bit-pack/Tilemap/tileset_legacy.png,CC0-1.0
000020.png,kenney_1-bit-pack/Tilemap/tileset_legacy.png,CC0-1.0
000021.png,kenney_1-bit-pack/Tilemap/tileset_legacy.png,CC0-1.0
000022.png,kenney_1-bit-pack/Tilemap/tileset_legacy.png,CC0-1.0
000023.png,kenney_1-bit-pack/Tilemap/tileset_legacy.png,CC0-1.0
000024.png,kenney_1-bit-pack/Tilemap/tileset_legacy.png,CC0-1.0
000025.png,kenney_1-bit-pack/Tilemap/tileset_legacy.png,CC0-1.0
000026.png,kenney_1-bit-pack/Tilemap/tileset_legacy.png,CC0-1.0
000027.png,kenney_1-bit-pack/Tilemap/tileset_legacy.png,CC0-1.0
000028.png,kenney_1-bit-pack/Tilemap/tileset_legacy.png,CC0-1.0
000029.png,kenney_1-bit-pack/Tilemap/tileset_legacy.png,CC0-1.0
000030.png,kenney_1-bit-pack/Tilemap/tileset_legacy.png,CC0-1.0
000031.png,kenney_1-bit-pack/Tilemap/tileset_legacy.png,CC0-1.0
000032.png,kenney_1-bit-pack/Tilemap/tileset_legacy.png,CC0-1.0
000033.png,kenney_1-bit-pack/Tilemap/tileset_legacy.png,CC0-1.0
000034.png,kenney_1-bit-pack/Tilemap/tileset_legacy.png,CC0-1.0
000035.png,kenney_1-bit-pack/Tilemap/tileset_legacy.png,CC0-1.0
000036.png,kenney_1-bit-pack/Tilemap/tileset_legacy.png,CC0-1.0
000037.png,kenney_1-bit-pack/Tilemap/tileset_legacy.png,CC0-1.0
000038.png,kenney_1-bit-pack/Tilemap/tileset_legacy.png,CC0-1.0
000039.png,kenney_1-bit-pack/Tilemap/tileset_legacy.png,CC0-1.0
000040.png,kenney_1-bit-pack/Tilemap/tileset_legacy.png,CC0-1.0
000041.png,kenney_1-bit-pack/Tilemap/tileset_legacy.png,CC0-1.0
000042.png,kenney_1-bit-pack/Tilemap/tileset_legacy.png,CC0-1.0
000043.png,kenney_1-bit-pack/Tilemap/tileset_legacy.png,CC0-1.0
000044.png,kenney_1-bit-pack/Tilemap/tileset_legacy.png,CC0-1.0
000045.png,kenney_1-bit-pack/Tilemap/tileset_legacy.png,CC0-1.0
000046.png,kenney_1-bit-pack/Tilemap/tileset_legacy.png,CC0-1.0
000047.png,kenney_1-bit-pack/Tilemap/tileset_legacy.png,CC0-1.0
000048.png,kenney_1-bit-pack/Tilemap/tileset_legacy.png,CC0-1.0
000049.png,kenney_1-bit-pack/Tilemap/tileset_legacy.png,CC0-1.0
000050.png,kenney_1-bit-pack/Tilemap/tileset_legacy.png,CC0-1.0
000051.png,kenney_1-bit-pack/Tilemap/tileset_legacy.png,CC0-1.0
000052.png,kenney_1-bit-pack/Tilemap/tileset_legacy.png,CC0-1.0
000053.png,kenney_1-bit-pack/Tilemap/tileset_legacy.png,CC0-1.0
000054.png,kenney_1-bit-pack/Tilemap/tileset_legacy.png,CC0-1.0
000055.png,kenney_1-bit-pack/Tilemap/tileset_legacy.png,CC0-1.0
000056.png,kenney_1-bit-pack/Tilemap/tileset_legacy.png,CC0-1.0
000057.png,kenney_1-bit-pack/Tilemap/tileset_legacy.png,CC0-1.0
000058.png,kenney_1-bit-pack/Tilemap/tileset_legacy.png,CC0-1.0
000059.png,kenney_1-bit-pack/Tilemap/tileset_legacy.png,CC0-1.0
000060.png,kenney_1-bit-pack/Tilemap/tileset_legacy.png,CC0-1.0
000061.png,kenney_1-bit-pack/Tilemap/tileset_legacy.png,CC0-1.0
000062.png,kenney_1-bit-pack/Tilemap/tileset_legacy.png,CC0-1.0
000063.png,kenney_1-bit-pack/Tilemap/tileset_legacy.png,CC0-1.0
000064.png,kenney_1-bit-pack/Tilemap/tileset_legacy.png,CC0-1.0
000065.png,kenney_1-bit-pack/Tilemap/tileset_legacy.png,CC0-1.0
000066.png,kenney_1-bit-pack/Tilemap/tileset_legacy.png,CC0-1.0
000067.png,kenney_1-bit-pack/Tilemap/tileset_legacy.png,CC0-1.0
000068.png,kenney_1-bit-pack/Tilemap/tileset_legacy.png,CC0-1.0
000069.png,kenney_1-bit-pack/Tilemap/tileset_legacy.png,CC0-1.0
000070.png,kenney_1-bit-pack/Tilemap/tileset_legacy.png,CC0-1.0
000071.png,kenney_1-bit-pack/Tilemap/tileset_legacy.png,CC0-1.0
000072.png,kenney_1-bit-pack/Tilemap/tileset_legacy.png,CC0-1.0
000073.png,kenney_1-bit-pack/Tilemap/tileset_legacy.png,CC0-1.0
000074.png,kenney_1-bit-pack/Tilemap/tileset_legacy.png,CC0-1.0
000075.png,kenney_1-bit-pack/Tilemap/tileset_legacy.png,CC0-1.0
000076.png,kenney_1-bit-pack/Tilemap/tileset_legacy.png,CC0-1.0
000077.png,kenney_1-bit-pack/Tilemap/tileset_legacy.png,CC0-1.0
000078.png,kenney_1-bit-pack/Tilemap/tileset_legacy.png,CC0-1.0
000079.png,kenney_1-bit-pack/Tilemap/tileset_legacy.png,CC0-1.0
000080.png,kenney_1-bit-pack/Tilemap/tileset_legacy.png,CC0-1.0
000081.png,kenney_1-bit-pack/Tilemap/tileset_legacy.png,CC0-1.0
000082.png,kenney_1-bit-pack/Tilemap/tileset_legacy.png,CC0-1.0
000083.png,kenney_1-bit-pack/Tilemap/tileset_legacy.png,CC0-1.0
000084.png,kenney_1-bit-pack/Tilemap/tileset_legacy.png,CC0-1.0
000085.png,kenney_1-bit-pack/Tilemap/tileset_legacy.png,CC0-1.0
000086.png,kenney_1-bit-pack/Tilemap/tileset_legacy.png,CC0-1.0
000087.png,kenney_1-bit-pack/Tilemap/tileset_legacy.png,CC0-1.0
000088.png,kenney_1-bit-pack/Tilemap/tileset_legacy.png,CC0-1.0
000089.png,kenney_1-bit-pack/Tilemap/tileset_legacy.png,CC0-1.0
000090.png,kenney_1-bit-pack/Tilemap/tileset_legacy.png,CC0-1.0
000091.png,kenney_1-bit-pack/Tilemap/tileset_legacy.png,CC0-1.0
000092.png,kenney_1-bit-pack/Tilemap/tileset_legacy.png,CC0-1.0
000093.png,kenney_1-bit-pack/Tilemap/tileset_legacy.png,CC0-1.0
000094.png,kenney_1-bit-pack/Tilemap/tileset_legacy.png,CC0-1.0
000095.png,kenney_1-bit-pack/Tilemap/tileset_legacy.png,CC0-1.0
000096.png,kenney_1-bit-pack/Tilemap/tileset_legacy.png,CC0-1.0
000097.png,kenney_1-bit-pack/Tilemap/tileset_legacy.png,CC0-1.0
000098.png,kenney_1-bit-pack/Tilemap/tileset_legacy.png,CC0-1.0
000099.png,kenney_1-bit-pack/Tilemap/tileset_legacy.png,CC0-1.0
000100.png,kenney_1-bit-pack/Tilemap/tileset_legacy.png,CC0-1.0
000101.png,kenney_1-bit-pack/Tilemap/tileset_legacy.png,CC0-1.0
000102.png,kenney_1-bit-pack/Tilemap/tileset_legacy.png,CC0-1.0
000103.png,kenney_1-bit-pack/Tilemap/tileset_legacy.png,CC0-1.0
000104.png,kenney_1-bit-pack/Tilemap/tileset_legacy.png,CC0-1.0
000105.png,kenney_1-bit-pack/Tilemap/tileset_legacy.png,CC0-1.0
000106.png,kenney_1-bit-pack/Tilemap/tileset_legacy.png,CC0-1.0
000107.png,kenney_1-bit-pack/Tilemap/tileset_legacy.png,CC0-1.0
000108.png,kenney_1-bit-pack/Tilemap/tileset_legacy.png,CC0-1.0
000109.png,kenney_1-bit-pack/Tilemap/tileset_legacy.png,CC0-1.0
000110.png,kenney_1-bit-pack/Tilemap/tileset_legacy.png,CC0-1.0
000111.png,kenney_1-bit-pack/Tilemap/tileset_legacy.png,CC0-1.0
000112.png,kenney_1-bit-pack/Tilemap/tileset_legacy.png,CC0-1.0
000113.png,kenney_1-bit-pack/Tilemap/tileset_legacy.png,CC0-1.0
000114.png,kenney_1-bit-pack/Tilemap/tileset_legacy.png,CC0-1.0
000115.png,kenney_1-bit-pack/Tilemap/tileset_legacy.png,CC0-1.0
000116.png,kenney_1-bit-pack/Tilemap/tileset_legacy.png,CC0-1.0
000117.png,kenney_1-bit-pack/Tilemap/tileset_legacy.png,CC0-1.0
000118.png,kenney_1-bit-pack/Tilemap/tileset_legacy.png,CC0-1.0
000119.png,kenney_1-bit-pack/Tilemap/tileset_legacy.png,CC0-1.0
000120.png,kenney_1-bit-pack/Tilemap/tileset_legacy.png,CC0-1.0
000121.png,kenney_1-bit-pack/Tilemap/tileset_legacy.png,CC0-1.0
000122.png,kenney_1-bit-pack/Tilemap/tileset_legacy.png,CC0-1.0
000123.png,kenney_1-bit-pack/Tilemap/tileset_legacy.png,CC0-1.0
000124.png,kenney_1-bit-pack/Tilemap/tileset_legacy.png,CC0-1.0
000125.png,kenney_1-bit-pack/Tilemap/tileset_legacy.png,CC0-1.0
000126.png,kenney_1-bit-pack/Tilemap/tileset_legacy.png,CC0-1.0
000127.png,kenney_1-bit-pack/Tilemap/tileset_legacy.png,CC0-1.0
000128.png,kenney_1-bit-pack/Tilemap/tileset_legacy.png,CC0-1.0
000129.png,kenney_1-bit-pack/Tilemap/tileset_legacy.png,CC0-1.0
000130.png,kenney_1-bit-pack/Tilemap/tileset_legacy.png,CC0-1.0
000131.png,kenney_1-bit-pack/Tilemap/tileset_legacy.png,CC0-1.0
000132.png,kenney_1-bit-pack/Tilemap/tileset_legacy.png,CC0-1.0
000133.png,kenney_1-bit-pack/Tilemap/tileset_legacy.png,CC0-1.0
000134.png,kenney_1-bit-pack/Tilemap/tileset_legacy.png,CC0-1.0
000135.png,kenney_1-bit-pack/Tilemap/tileset_legacy.png,CC0-1.0
000136.png,kenney_1-bit-pack/Tilemap/tileset_legacy.png,CC0-1.0
000137.png,kenney_1-bit-pack/Tilemap/tileset_legacy.png,CC0-1.0
000138.png,kenney_1-bit-pack/Tilemap/tileset_legacy.png,CC0-1.0
000139.png,kenney_1-bit-pack/Tilemap/tileset_legacy.png,CC0-1.0
000140.png,kenney_1-bit-pack/Tilemap/tileset_legacy.png,CC0-1.0
000141.png,kenney_1-bit-pack/Tilemap/tileset_legacy.png,CC0-1.0
000142.png,kenney_1-bit-pack/Tilemap/tileset_legacy.png,CC0-1.0
000143.png,kenney_1-bit-pack/Tilemap/tileset_legacy.png,CC0-1.0
000144.png,kenney_1-bit-pack/Tilemap/tileset_legacy.png,CC0-1.0
000145.png,kenney_1-bit-pack/Tilemap/tileset_legacy.png,CC0-1.0
000146.png,kenney_1-bit-pack/Tilemap/tileset_legacy.png,CC0-1.0
000147.png,kenney_1-bit-pack/Tilemap/tileset_legacy.png,CC0-1.0
000148.png,kenney_1-bit-pack/Tilemap/tileset_legacy.png,CC0-1.0
000149.png,kenney_1-bit-pack/Tilemap/tileset_legacy.png,CC0-1.0
000150.png,kenney_1-bit-pack/Tilemap/tileset_legacy.png,CC0-1.0
000151.png,kenney_1-bit-pack/Tilemap/tileset_legacy.png,CC0-1.0
000152.png,kenney_1-bit-pack/Tilemap/tileset_legacy.png,CC0-1.0
000153.png,kenney_1-bit-pack/Tilemap/tileset_legacy.png,CC0-1.0
000154.png,kenney_1-bit-pack/Tilemap/tileset_legacy.png,CC0-1.0
000155.png,kenney_1-bit-pack/Tilemap/tileset_legacy.png,CC0-1.0
000156.png,kenney_1-bit-pack/Tilemap/tileset_legacy.png,CC0-1.0
000157.png,kenney_1-bit-pack/Tilemap/tileset_legacy.png,CC0-1.0
000158.png,kenney_1-bit-pack/Tilemap/tileset_legacy.png,CC0-1.0
000159.png,kenney_1-bit-pack/Tilemap/tileset_legacy.png,CC0-1.0
000160.png,kenney_1-bit-pack/Tilemap/tileset_legacy.png,CC0-1.0
000161.png,kenney_1-bit-pack/Tilemap/tileset_legacy.png,CC0-1.0
000162.png,kenney_1-bit-pack/Tilemap/tileset_legacy.png,CC0-1.0
000163.png,kenney_1-bit-pack/Tilemap/tileset_legacy.png,CC0-1.0
000164.png,kenney_1-bit-pack/Tilemap/tileset_legacy.png,CC0-1.0
000165.png,kenney_1-bit-pack/Tilemap/tileset_legacy.png,CC0-1.0
000166.png,kenney_1-bit-pack/Tilemap/tileset_legacy.png,CC0-1.0
000167.png,kenney_1-bit-pack/Tilemap/tileset_legacy.png,CC0-1.0
000168.png,kenney_1-bit-pack/Tilemap/tileset_legacy.png,CC0-1.0
000169.png,kenney_1-bit-pack/Tilemap/tileset_legacy.png,CC0-1.0
000170.png,kenney_1-bit-pack/Tilemap/tileset_legacy.png,CC0-1.0
000171.png,kenney_1-bit-pack/Tilemap/tileset_legacy.png,CC0-1.0
000172.png,kenney_1-bit-pack/Tilemap/tileset_legacy.png,CC0-1.0
000173.png,kenney_1-bit-pack/Tilemap/tileset_legacy.png,CC0-1.0
000174.png,kenney_1-bit-pack/Tilemap/tileset_legacy.png,CC0-1.0
000175.png,kenney_1-bit-pack/Tilemap/tileset_legacy.png,CC0-1.0
000176.png,kenney_1-bit-pack/Tilemap/tileset_legacy.png,CC0-1.0
000177.png,kenney_1-bit-pack/Tilemap/tileset_legacy.png,CC0-1.0
000178.png,kenney_1-bit-pack/Tilemap/tileset_legacy.png,CC0-1.0
000179.png,kenney_1-bit-pack/Tilemap/tileset_legacy.png,CC0-1.0
000180.png,kenney_1-bit-pack/Tilemap/tileset_legacy.png,CC0-1.0
000181.png,kenney_1-bit-pack/Tilemap/tileset_legacy.png,CC0-1.0
000182.png,kenney_1-bit-pack/Tilemap/tileset_legacy.png,CC0-1.0
000183.png,kenney_1-bit-pack/Tilemap/tileset_legacy.png,CC0-1.0
000184.png,kenney_1-bit-pack/Tilemap/tileset_legacy.png,CC0-1.0
000185.png,kenney_1-bit-pack/Tilemap/tileset_legacy.png,CC0-1.0
000186.png,kenney_1-bit-pack/Tilemap/tileset_legacy.png,CC0-1.0
000187.png,kenney_1-bit-pack/Tilemap/tileset_legacy.png,CC0-1.0
000188.png,kenney_1-bit-pack/Tilemap/tileset_legacy.png,CC0-1.0
000189.png,kenney_1-bit-pack/Tilemap/tileset_legacy.png,CC0-1.0
000190.png,kenney_1-bit-pack/Tilemap/tileset_legacy.png,CC0-1.0
000191.png,kenney_1-bit-pack/Tilemap/tileset_legacy.png,CC0-1.0
000192.png,kenney_1-bit-pack/Tilemap/tileset_legacy.png,CC0-1.0
000193.png,kenney_1-bit-pack/Tilemap/tileset_legacy.png,CC0-1.0
000194.png,kenney_1-bit-pack/Tilemap/tileset_legacy.png,CC0-1.0
000195.png,kenney_1-bit-pack/Tilemap/tileset_legacy.png,CC0-1.0
000196.png,kenney_1-bit-pack/Tilemap/tileset_legacy.png,CC0-1.0
000197.png,kenney_1-bit-pack/Tilemap/tileset_legacy.png,CC0-1.0
000198.png,kenney_1-bit-pack/Tilemap/tileset_legacy.png,CC0-1.0
000199.png,kenney_1-bit-pack/Tilemap/tileset_legacy.png,CC0-1.0
000200.png,kenney_1-bit-pack/Tilemap/tileset_legacy.png,CC0-1.0
000201.png,kenney_1-bit-pack/Tilemap/tileset_legacy.png,CC0-1.0
000202.png,kenney_1-bit-pack/Tilemap/tileset_legacy.png,CC0-1.0
000203.png,kenney_1-bit-pack/Tilemap/tileset_legacy.png,CC0-1.0
000204.png,kenney_1-bit-pack/Tilemap/tileset_legacy.png,CC0-1.0
000205.png,kenney_1-bit-pack/Tilemap/tileset_legacy.png,CC0-1.0
000206.png,kenney_1-bit-pack/Tilemap/tileset_legacy.png,CC0-1.0
000207.png,kenney_1-bit-pack/Tilemap/tileset_legacy.png,CC0-1.0
000208.png,kenney_1-bit-pack/Tilemap/tileset_legacy.png,CC0-1.0
000209.png,kenney_1-bit-pack/Tilemap/tileset_legacy.png,CC0-1.0
000210.png,kenney_1-bit-pack/Tilemap/tileset_legacy.png,CC0-1.0
000211.png,kenney_1-bit-pack/Tilemap/tileset_legacy.png,CC0-1.0
000212.png,kenney_1-bit-pack/Tilemap/tileset_legacy.png,CC0-1.0
000213.png,kenney_1-bit-pack/Tilemap/tileset_legacy.png,CC0-1.0
000214.png,kenney_1-bit-pack/Tilemap/tileset_legacy.png,CC0-1.0
000215.png,kenney_1-bit-pack/Tilemap/tileset_legacy.png,CC0-1.0
000216.png,kenney_1-bit-pack/Tilemap/tileset_legacy.png,CC0-1.0
000217.png,kenney_1-bit-pack/Tilemap/tileset_legacy.png,CC0-1.0
000218.png,kenney_1-bit-pack/Tilemap/tileset_legacy.png,CC0-1.0
000219.png,kenney_1-bit-pack/Tilemap/tileset_legacy.png,CC0-1.0
000220.png,kenney_1-bit-pack/Tilemap/tileset_legacy.png,CC0-1.0
000221.png,kenney_1-bit-pack/Tilemap/tileset_legacy.png,CC0-1.0
000222.png,kenney_1-bit-pack/Tilemap/tileset_legacy.png,CC0-1.0
000223.png,kenney_1-bit-pack/Tilemap/tileset_legacy.png,CC0-1.0
000224.png,kenney_1-bit-pack/Tilemap/tileset_legacy.png,CC0-1.0
000225.png,kenney_1-bit-pack/Tilemap/tileset_legacy.png,CC0-1.0
000226.png,kenney_1-bit-pack/Tilemap/tileset_legacy.png,CC0-1.0
000227.png,kenney_1-bit-pack/Tilemap/tileset_legacy.png,CC0-1.0
000228.png,kenney_1-bit-pack/Tilemap/tileset_legacy.png,CC0-1.0
000229.png,kenney_1-bit-pack/Tilemap/tileset_legacy.png,CC0-1.0
000230.png,kenney_1-bit-pack/Tilemap/tileset_legacy.png,CC0-1.0
000231.png,kenney_1-bit-pack/Tilemap/tileset_legacy.png,CC0-1.0
000232.png,kenney_1-bit-pack/Tilemap/tileset_legacy.png,CC0-1.0
000233.png,kenney_1-bit-pack/Tilemap/tileset_legacy.png,CC0-1.0
000234.png,kenney_1-bit-pack/Tilemap/tileset_legacy.png,CC0-1.0
000235.png,kenney_1-bit-pack/Tilemap/tileset_legacy.png,CC0-1.0
000236.png,kenney_1-bit-pack/Tilemap/tileset_legacy.png,CC0-1.0
000237.png,kenney_1-bit-pack/Tilemap/tileset_legacy.png,CC0-1.0
000238.png,kenney_1-bit-pack/Tilemap/tileset_legacy.png,CC0-1.0
000239.png,kenney_1-bit-pack/Tilemap/tileset_legacy.png,CC0-1.0
000240.png,kenney_1-bit-pack/Tilemap/tileset_legacy.png,CC0-1.0
000241.png,kenney_1-bit-pack/Tilemap/tileset_legacy.png,CC0-1.0
000242.png,kenney_1-bit-pack/Tilemap/tileset_legacy.png,CC0-1.0
000243.png,kenney_1-bit-pack/Tilemap/tileset_legacy.png,CC0-1.0
000244.png,kenney_1-bit-pack/Tilemap/tileset_legacy.png,CC0-1.0
000245.png,kenney_1-bit-pack/Tilemap/tileset_legacy.png,CC0-1.0
000246.png,kenney_1-bit-pack/Tilemap/tileset_legacy.png,CC0-1.0
000247.png,kenney_1-bit-pack/Tilemap/tileset_legacy.png,CC0-1.0
000248.png,kenney_1-bit-pack/Tilemap/tileset_legacy.png,CC0-1.0
000249.png,kenney_1-bit-pack/Tilemap/tileset_legacy.png,CC0-1.0
000250.png,kenney_1-bit-pack/Tilemap/tileset_legacy.png,CC0-1.0
000251.png,kenney_1-bit-pack/Tilemap/tileset_legacy.png,CC0-1.0
000252.png,kenney_1-bit-pack/Tilemap/tileset_legacy.png,CC0-1.0
000253.png,kenney_1-bit-pack/Tilemap/tileset_legacy.png,CC0-1.0
000254.png,kenney_1-bit-pack/Tilemap/tileset_legacy.png,CC0-1.0
000255.png,kenney_1-bit-pack/Tilemap/tileset_legacy.png,CC0-1.0
000256.png,kenney_1-bit-pack/Tilemap/tileset_legacy.png,CC0-1.0
000257.png,kenney_1-bit-pack/Tilemap/tileset_legacy.png,CC0-1.0
000258.png,kenney_1-bit-pack/Tilemap/tileset_legacy.png,CC0-1.0
000259.png,kenney_1-bit-pack/Tilemap/tileset_legacy.png,CC0-1.0
000260.png,kenney_1-bit-pack/Tilemap/tileset_legacy.png,CC0-1.0
000261.png,kenney_1-bit-pack/Tilemap/tileset_legacy.png,CC0-1.0
000262.png,kenney_1-bit-pack/Tilemap/tileset_legacy.png,CC0-1.0
000263.png,kenney_1-bit-pack/Tilemap/tileset_legacy.png,CC0-1.0
000264.png,kenney_1-bit-pack/Tilemap/tileset_legacy.png,CC0-1.0
000265.png,kenney_1-bit-pack/Tilemap/tileset_legacy.png,CC0-1.0
000266.png,kenney_1-bit-pack/Tilemap/tileset_legacy.png,CC0-1.0
000267.png,kenney_1-bit-pack/Tilemap/tileset_legacy.png,CC0-1.0
000268.png,kenney_1-bit-pack/Tilemap/tileset_legacy.png,CC0-1.0
000269.png,kenney_1-bit-pack/Tilemap/tileset_legacy.png,CC0-1.0
000270.png,kenney_1-bit-pack/Tilemap/tileset_legacy.png,CC0-1.0
000271.png,kenney_1-bit-pack/Tilemap/tileset_legacy.png,CC0-1.0
000272.png,kenney_1-bit-pack/Tilemap/tileset_legacy.png,CC0-1.0
000273.png,kenney_1-bit-pack/Tilemap/tileset_legacy.png,CC0-1.0
000274.png,kenney_1-bit-pack/Tilemap/tileset_legacy.png,CC0-1.0
000275.png,kenney_1-bit-pack/Tilemap/tileset_legacy.png,CC0-1.0
000276.png,kenney_1-bit-pack/Tilemap/tileset_legacy.png,CC0-1.0
000277.png,kenney_1-bit-pack/Tilemap/tileset_legacy.png,CC0-1.0
000278.png,kenney_1-bit-pack/Tilemap/tileset_legacy.png,CC0-1.0
000279.png,kenney_1-bit-pack/Tilemap/tileset_legacy.png,CC0-1.0
000280.png,kenney_1-bit-pack/Tilemap/tileset_legacy.png,CC0-1.0
000281.png,kenney_1-bit-pack/Tilemap/tileset_legacy.png,CC0-1.0
000282.png,kenney_1-bit-pack/Tilemap/tileset_legacy.png,CC0-1.0
000283.png,kenney_1-bit-pack/Tilemap/tileset_legacy.png,CC0-1.0
000284.png,kenney_1-bit-pack/Tilemap/tileset_legacy.png,CC0-1.0
000285.png,kenney_1-bit-pack/Tilemap/tileset_legacy.png,CC0-1.0
000286.png,kenney_1-bit-pack/Tilemap/tileset_legacy.png,CC0-1.0
000287.png,kenney_1-bit-pack/Tilemap/tileset_legacy.png,CC0-1.0
000288.png,kenney_1-bit-pack/Tilemap/tileset_legacy.png,CC0-1.0
000289.png,kenney_1-bit-pack/Tilemap/tileset_legacy.png,CC0-1.0
000290.png,kenney_1-bit-pack/Tilemap/tileset_legacy.png,CC0-1.0
000291.png,kenney_1-bit-pack/Tilemap/tileset_legacy.png,CC0-1.0
000292.png,kenney_1-bit-pack/Tilemap/tileset_legacy.png,CC0-1.0
000293.png,kenney_1-bit-pack/Tilemap/tileset_legacy.png,CC0-1.0
000294.png,kenney_1-bit-pack/Tilemap/tileset_legacy.png,CC0-1.0
000295.png,kenney_1-bit-pack/Tilemap/tileset_legacy.png,CC0-1.0
000296.png,kenney_1-bit-pack/Tilemap/tileset_legacy.png,CC0-1.0
000297.png,kenney_1-bit-pack/Tilemap/tileset_legacy.png,CC0-1.0
000298.png,kenney_1-bit-pack/Tilemap/tileset_legacy.png,CC0-1.0
000299.png,kenney_1-bit-pack/Tilemap/tileset_legacy.png,CC0-1.0
000300.png,kenney_1-bit-pack/Tilemap/tileset_legacy.png,CC0-1.0
000301.png,kenney_1-bit-pack/Tilemap/tileset_legacy.png,CC0-1.0
000302.png,kenney_1-bit-pack/Tilemap/tileset_legacy.png,CC0-1.0
000303.png,kenney_1-bit-pack/Tilemap/tileset_legacy.png,CC0-1.0
000304.png,kenney_1-bit-pack/Tilemap/tileset_legacy.png,CC0-1.0
000305.png,kenney_1-bit-pack/Tilemap/tileset_legacy.png,CC0-1.0
000306.png,kenney_1-bit-pack/Tilemap/tileset_legacy.png,CC0-1.0
000307.png,kenney_1-bit-pack/Tilemap/tileset_legacy.png,CC0-1.0
000308.png,kenney_1-bit-pack/Tilemap/tileset_legacy.png,CC0-1.0
000309.png,kenney_1-bit-pack/Tilemap/tileset_legacy.png,CC0-1.0
000310.png,kenney_1-bit-pack/Tilemap/tileset_legacy.png,CC0-1.0
000311.png,kenney_1-bit-pack/Tilemap/tileset_legacy.png,CC0-1.0
000312.png,kenney_1-bit-pack/Tilemap/tileset_legacy.png,CC0-1.0
000313.png,kenney_1-bit-pack/Tilemap/tileset_legacy.png,CC0-1.0
000314.png,kenney_1-bit-pack/Tilemap/tileset_legacy.png,CC0-1.0
000315.png,kenney_1-bit-pack/Tilemap/tileset_legacy.png,CC0-1.0
000316.png,kenney_1-bit-pack/Tilemap/tileset_legacy.png,CC0-1.0
000317.png,kenney_1-bit-pack/Tilemap/tileset_legacy.png,CC0-1.0
000318.png,kenney_1-bit-pack/Tilemap/tileset_legacy.png,CC0-1.0
000319.png,kenney_1-bit-pack/Tilemap/tileset_legacy.png,CC0-1.0
000320.png,kenney_1-bit-pack/Tilemap/tileset_legacy.png,CC0-1.0
000321.png,kenney_1-bit-pack/Tilemap/tileset_legacy.png,CC0-1.0
000322.png,kenney_1-bit-pack/Tilemap/tileset_legacy.png,CC0-1.0
000323.png,kenney_1-bit-pack/Tilemap/tileset_legacy.png,CC0-1.0
000324.png,kenney_1-bit-pack/Tilemap/tileset_legacy.png,CC0-1.0
000325.png,kenney_1-bit-pack/Tilemap/tileset_legacy.png,CC0-1.0
000326.png,kenney_1-bit-pack/Tilemap/tileset_legacy.png,CC0-1.0
000327.png,kenney_1-bit-pack/Tilemap/tileset_legacy.png,CC0-1.0
000328.png,kenney_1-bit-pack/Tilemap/tileset_legacy.png,CC0-1.0
000329.png,kenney_1-bit-pack/Tilemap/tileset_legacy.png,CC0-1.0
000330.png,kenney_1-bit-pack/Tilemap/tileset_legacy.png,CC0-1.0
000331.png,kenney_1-bit-pack/Tilemap/tileset_legacy.png,CC0-1.0
000332.png,kenney_1-bit-pack/Tilemap/tileset_legacy.png,CC0-1.0
000333.png,kenney_1-bit-pack/Tilemap/tileset_legacy.png,CC0-1.0
000334.png,kenney_1-bit-pack/Tilemap/tileset_legacy.png,CC0-1.0
000335.png,kenney_1-bit-pack/Tilemap/tileset_legacy.png,CC0-1.0
000336.png,kenney_1-bit-pack/Tilemap/tileset_legacy.png,CC0-1.0
000337.png,kenney_1-bit-pack/Tilemap/tileset_legacy.png,CC0-1.0
000338.png,kenney_1-bit-pack/Tilemap/tileset_legacy.png,CC0-1.0
000339.png,kenney_1-bit-pack/Tilemap/tileset_legacy.png,CC0-1.0
000340.png,kenney_1-bit-pack/Tilemap/tileset_legacy.png,CC0-1.0
000341.png,kenney_1-bit-pack/Tilemap/tileset_legacy.png,CC0-1.0
000342.png,kenney_1-bit-pack/Tilemap/tileset_legacy.png,CC0-1.0
000343.png,kenney_1-bit-pack/Tilemap/tileset_legacy.png,CC0-1.0
000344.png,kenney_1-bit-pack/Tilemap/tileset_legacy.png,CC0-1.0
000345.png,kenney_1-bit-pack/Tilemap/tileset_legacy.png,CC0-1.0
000346.png,kenney_1-bit-pack/Tilemap/tileset_legacy.png,CC0-1.0
000347.png,kenney_1-bit-pack/Tilemap/tileset_legacy.png,CC0-1.0
000348.png,kenney_1-bit-pack/Tilemap/tileset_legacy.png,CC0-1.0
000349.png,kenney_1-bit-pack/Tilemap/tileset_legacy.png,CC0-1.0
000350.png,kenney_1-bit-pack/Tilemap/tileset_legacy.png,CC0-1.0
000351.png,kenney_1-bit-pack/Tilemap/tileset_legacy.png,CC0-1.0
000352.png,kenney_1-bit-pack/Tilemap/tileset_legacy.png,CC0-1.0
000353.png,kenney_1-bit-pack/Tilemap/tileset_legacy.png,CC0-1.0
000354.png,kenney_1-bit-pack/Tilemap/tileset_legacy.png,CC0-1.0
000355.png,kenney_1-bit-pack/Tilemap/tileset_legacy.png,CC0-1.0
000356.png,kenney_1-bit-pack/Tilemap/tileset_legacy.png,CC0-1.0
000357.png,kenney_1-bit-pack/Tilemap/tileset_legacy.png,CC0-1.0
000358.png,kenney_1-bit-pack/Tilemap/tileset_legacy.png,CC0-1.0
000359.png,kenney_1-bit-pack/Tilemap/tileset_legacy.png,CC0-1.0
000360.png,kenney_1-bit-pack/Tilemap/tileset_legacy.png,CC0-1.0
000361.png,kenney_1-bit-pack/Tilemap/tileset_legacy.png,CC0-1.0
000362.png,kenney_1-bit-pack/Tilemap/tileset_legacy.png,CC0-1.0
000363.png,kenney_1-bit-pack/Tilemap/tileset_legacy.png,CC0-1.0
000364.png,kenney_1-bit-pack/Tilemap/tileset_legacy.png,CC0-1.0
000365.png,kenney_1-bit-pack/Tilemap/tileset_legacy.png,CC0-1.0
000366.png,kenney_1-bit-pack/Tilemap/tileset_legacy.png,CC0-1.0
000367.png,kenney_1-bit-pack/Tilemap/tileset_legacy.png,CC0-1.0
000368.png,kenney_1-bit-pack/Tilemap/tileset_legacy.png,CC0-1.0
000369.png,kenney_1-bit-pack/Tilemap/tileset_legacy.png,CC0-1.0
000370.png,kenney_1-bit-pack/Tilemap/tileset_legacy.png,CC0-1.0
000371.png,kenney_1-bit-pack/Tilemap/tileset_legacy.png,CC0-1.0
000372.png,kenney_1-bit-pack/Tilemap/tileset_legacy.png,CC0-1.0
000373.png,kenney_1-bit-pack/Tilemap/tileset_legacy.png,CC0-1.0
000374.png,kenney_1-bit-pack/Tilemap/tileset_legacy.png,CC0-1.0
000375.png,kenney_1-bit-pack/Tilemap/tileset_legacy.png,CC0-1.0
000376.png,kenney_1-bit-pack/Tilemap/tileset_legacy.png,CC0-1.0
000377.png,kenney_1-bit-pack/Tilemap/tileset_legacy.png,CC0-1.0
000378.png,kenney_1-bit-pack/Tilemap/tileset_legacy.png,CC0-1.0
000379.png,kenney_1-bit-pack/Tilemap/tileset_legacy.png,CC0-1.0
000380.png,kenney_1-bit-pack/Tilemap/tileset_legacy.png,CC0-1.0
000381.png,kenney_1-bit-pack/Tilemap/tileset_legacy.png,CC0-1.0
000382.png,kenney_1-bit-pack/Tilemap/tileset_legacy.png,CC0-1.0
000383.png,kenney_1-bit-pack/Tilemap/tileset_legacy.png,CC0-1.0
000384.png,kenney_1-bit-pack/Tilemap/tileset_legacy.png,CC0-1.0
000385.png,kenney_1-bit-pack/Tilemap/tileset_legacy.png,CC0-1.0
000386.png,kenney_1-bit-pack/Tilemap/tileset_legacy.png,CC0-1.0
000387.png,kenney_1-bit-pack/Tilemap/tileset_legacy.png,CC0-1.0
000388.png,kenney_1-bit-pack/Tilemap/tileset_legacy.png,CC0-1.0
000389.png,kenney_1-bit-pack/Tilemap/tileset_legacy.png,CC0-1.0
000390.png,kenney_1-bit-pack/Tilemap/tileset_legacy.png,CC0-1.0
000391.png,kenney_1-bit-pack/Tilemap/tileset_legacy.png,CC0-1.0
000392.png,kenney_1-bit-pack/Tilemap/tileset_legacy.png,CC0-1.0
000393.png,kenney_1-bit-pack/Tilemap/tileset_legacy.png,CC0-1.0
000394.png,kenney_1-bit-pack/Tilemap/tileset_legacy.png,CC0-1.0
000395.png,kenney_1-bit-pack/Tilemap/tileset_legacy.png,CC0-1.0
000396.png,kenney_1-bit-pack/Tilemap/tileset_legacy.png,CC0-1.0
000397.png,kenney_1-bit-pack/Tilemap/tileset_legacy.png,CC0-1.0
000398.png,kenney_1-bit-pack/Tilemap/tileset_legacy.png,CC0-1.0
000399.png,kenney_1-bit-pack/Tilemap/tileset_legacy.png,CC0-1.0
000400.png,kenney_1-bit-pack/Tilemap/tileset_legacy.png,CC0-1.0
000401.png,kenney_1-bit-pack/Tilemap/tileset_legacy.png,CC0-1.0
000402.png,kenney_1-bit-pack/Tilemap/tileset_legacy.png,CC0-1.0
000403.png,kenney_1-bit-pack/Tilemap/tileset_legacy.png,CC0-1.0
000404.png,kenney_1-bit-pack/Tilemap/tileset_legacy.png,CC0-1.0
000405.png,kenney_1-bit-pack/Tilemap/tileset_legacy.png,CC0-1.0
000406.png,kenney_1-bit-pack/Tilemap/tileset_legacy.png,CC0-1.0
000407.png,kenney_1-bit-pack/Tilemap/tileset_legacy.png,CC0-1.0
000408.png,kenney_1-bit-pack/Tilemap/tileset_legacy.png,CC0-1.0
000409.png,kenney_1-bit-pack/Tilemap/tileset_legacy.png,CC0-1.0
000410.png,kenney_1-bit-pack/Tilemap/tileset_legacy.png,CC0-1.0
000411.png,kenney_1-bit-pack/Tilemap/tileset_legacy.png,CC0-1.0
000412.png,kenney_1-bit-pack/Tilemap/tileset_legacy.png,CC0-1.0
000413.png,kenney_1-bit-pack/Tilemap/tileset_legacy.png,CC0-1.0
000414.png,kenney_1-bit-pack/Tilemap/tileset_legacy.png,CC0-1.0
000415.png,kenney_1-bit-pack/Tilemap/tileset_legacy.png,CC0-1.0
000416.png,kenney_1-bit-pack/Tilemap/tileset_legacy.png,CC0-1.0
000417.png,kenney_1-bit-pack/Tilemap/tileset_legacy.png,CC0-1.0
000418.png,kenney_1-bit-pack/Tilemap/tileset_legacy.png,CC0-1.0
000419.png,kenney_1-bit-pack/Tilemap/tileset_legacy.png,CC0-1.0
000420.png,kenney_1-bit-pack/Tilemap/tileset_legacy.png,CC0-1.0
000421.png,kenney_1-bit-pack/Tilemap/tileset_legacy.png,CC0-1.0
000422.png,kenney_1-bit-pack/Tilemap/tileset_legacy.png,CC0-1.0
000423.png,kenney_1-bit-pack/Tilemap/tileset_legacy.png,CC0-1.0
000424.png,kenney_1-bit-pack/Tilemap/tileset_legacy.png,CC0-1.0
000425.png,kenney_1-bit-pack/Tilemap/tileset_legacy.png,CC0-1.0
000426.png,kenney_1-bit-pack/Tilemap/tileset_legacy.png,CC0-1.0
000427.png,kenney_1-bit-pack/Tilemap/tileset_legacy.png,CC0-1.0
000428.png,kenney_1-bit-pack/Tilemap/tileset_legacy.png,CC0-1.0
000429.png,kenney_1-bit-pack/Tilemap/tileset_legacy.png,CC0-1.0
000430.png,kenney_1-bit-pack/Tilemap/tileset_legacy.png,CC0-1.0
000431.png,kenney_1-bit-pack/Tilemap/tileset_legacy.png,CC0-1.0
000432.png,kenney_1-bit-pack/Tilemap/tileset_legacy.png,CC0-1.0
000433.png,kenney_1-bit-pack/Tilemap/tileset_legacy.png,CC0-1.0
000434.png,kenney_1-bit-pack/Tilemap/tileset_legacy.png,CC0-1.0
000435.png,kenney_1-bit-pack/Tilemap/tileset_legacy.png,CC0-1.0
000436.png,kenney_1-bit-pack/Tilemap/tileset_legacy.png,CC0-1.0
000437.png,kenney_1-bit-pack/Tilemap/tileset_legacy.png,CC0-1.0
000438.png,kenney_1-bit-pack/Tilemap/tileset_legacy.png,CC0-1.0
000439.png,kenney_1-bit-pack/Tilemap/tileset_legacy.png,CC0-1.0
000440.png,kenney_1-bit-pack/Tilemap/tileset_legacy.png,CC0-1.0
000441.png,kenney_1-bit-pack/Tilemap/tileset_legacy.png,CC0-1.0
000442.png,kenney_1-bit-pack/Tilemap/tileset_legacy.png,CC0-1.0
000443.png,kenney_1-bit-pack/Tilemap/tileset_legacy.png,CC0-1.0
000444.png,kenney_1-bit-pack/Tilemap/tileset_legacy.png,CC0-1.0
000445.png,kenney_1-bit-pack/Tilemap/tileset_legacy.png,CC0-1.0
000446.png,kenney_1-bit-pack/Tilemap/tileset_legacy.png,CC0-1.0
000447.png,kenney_1-bit-pack/Tilemap/tileset_legacy.png,CC0-1.0
000448.png,kenney_1-bit-pack/Tilemap/tileset_legacy.png,CC0-1.0
000449.png,kenney_1-bit-pack/Tilemap/tileset_legacy.png,CC0-1.0
000450.png,kenney_1-bit-pack/Tilemap/tileset_legacy.png,CC0-1.0
000451.png,kenney_1-bit-pack/Tilemap/tileset_legacy.png,CC0-1.0
000452.png,kenney_1-bit-pack/Tilemap/tileset_legacy.png,CC0-1.0
000453.png,kenney_1-bit-pack/Tilemap/tileset_legacy.png,CC0-1.0
000454.png,kenney_1-bit-pack/Tilemap/tileset_legacy.png,CC0-1.0
000455.png,kenney_1-bit-pack/Tilemap/tileset_legacy.png,CC0-1.0
000456.png,kenney_1-bit-pack/Tilemap/tileset_legacy.png,CC0-1.0
000457.png,kenney_1-bit-pack/Tilemap/tileset_legacy.png,CC0-1.0
000458.png,kenney_1-bit-pack/Tilemap/tileset_legacy.png,CC0-1.0
000459.png,kenney_1-bit-pack/Tilemap/tileset_legacy.png,CC0-1.0
000460.png,kenney_1-bit-pack/Tilemap/tileset_legacy.png,CC0-1.0
000461.png,kenney_1-bit-pack/Tilemap/tileset_legacy.png,CC0-1.0
000462.png,kenney_1-bit-pack/Tilemap/tileset_legacy.png,CC0-1.0
000463.png,kenney_1-bit-pack/Tilemap/tileset_legacy.png,CC0-1.0
000464.png,kenney_1-bit-pack/Tilemap/tileset_legacy.png,CC0-1.0
000465.png,kenney_1-bit-pack/Tilemap/tileset_legacy.png,CC0-1.0
000466.png,kenney_1-bit-pack/Tilemap/tileset_legacy.png,CC0-1.0
000467.png,kenney_1-bit-pack/Tilemap/tileset_legacy.png,CC0-1.0
000468.png,kenney_1-bit-pack/Tilemap/tileset_legacy.png,CC0-1.0
000469.png,kenney_1-bit-pack/Tilemap/tileset_legacy.png,CC0-1.0
000470.png,kenney_1-bit-pack/Tilemap/tileset_legacy.png,CC0-1.0
000471.png,kenney_1-bit-pack/Tilemap/tileset_legacy.png,CC0-1.0
000472.png,kenney_1-bit-pack/Tilemap/tileset_legacy.png,CC0-1.0
000473.png,kenney_1-bit-pack/Tilemap/tileset_legacy.png,CC0-1.0
000474.png,kenney_1-bit-pack/Tilemap/tileset_legacy.png,CC0-1.0
000475.png,kenney_1-bit-pack/Tilemap/tileset_legacy.png,CC0-1.0
000476.png,kenney_1-bit-pack/Tilemap/tileset_legacy.png,CC0-1.0
000477.png,kenney_1-bit-pack/Tilemap/tileset_legacy.png,CC0-1.0
000478.png,kenney_1-bit-pack/Tilemap/tileset_legacy.png,CC0-1.0
000479.png,kenney_1-bit-pack/Tilemap/tileset_legacy.png,CC0-1.0
000480.png,kenney_1-bit-pack/Tilemap/tileset_legacy.png,CC0-1.0
000481.png,kenney_1-bit-pack/Tilemap/tileset_legacy.png,CC0-1.0
000482.png,kenney_1-bit-pack/Tilemap/tileset_legacy.png,CC0-1.0
000483.png,kenney_1-bit-pack/Tilemap/tileset_legacy.png,CC0-1.0
000484.png,kenney_1-bit-pack/Tilemap/tileset_legacy.png,CC0-1.0
000485.png,kenney_1-bit-pack/Tilemap/tileset_legacy.png,CC0-1.0
000486.png,kenney_1-bit-pack/Tilemap/tileset_legacy.png,CC0-1.0
000487.png,kenney_1-bit-pack/Tilemap/tileset_legacy.png,CC0-1.0
000488.png,kenney_1-bit-pack/Tilemap/tileset_legacy.png,CC0-1.0
000489.png,kenney_1-bit-pack/Tilemap/tileset_legacy.png,CC0-1.0
000490.png,kenney_1-bit-pack/Tilemap/tileset_legacy.png,CC0-1.0
000491.png,kenney_1-bit-pack/Tilemap/tileset_legacy.png,CC0-1.0
000492.png,kenney_1-bit-pack/Tilemap/tileset_legacy.png,CC0-1.0
000493.png,kenney_1-bit-pack/Tilemap/tileset_legacy.png,CC0-1.0
000494.png,kenney_1-bit-pack/Tilemap/tileset_legacy.png,CC0-1.0
000495.png,kenney_1-bit-pack/Tilemap/tileset_legacy.png,CC0-1.0
000496.png,kenney_1-bit-pack/Tilemap/tileset_legacy.png,CC0-1.0
000497.png,kenney_1-bit-pack/Tilemap/tileset_legacy.png,CC0-1.0
000498.png,kenney_1-bit-pack/Tilemap/tileset_legacy.png,CC0-1.0
000499.png,kenney_1-bit-pack/Tilemap/tileset_legacy.png,CC0-1.0
000500.png,kenney_1-bit-pack/Tilemap/tileset_legacy.png,CC0-1.0
000501.png,kenney_1-bit-pack/Tilemap/tileset_legacy.png,CC0-1.0
000502.png,kenney_1-bit-pack/Tilemap/tileset_legacy.png,CC0-1.0
000503.png,kenney_1-bit-pack/Tilemap/tileset_legacy.png,CC0-1.0
000504.png,kenney_1-bit-pack/Tilemap/tileset_legacy.png,CC0-1.0
000505.png,kenney_1-bit-pack/Tilemap/tileset_legacy.png,CC0-1.0
000506.png,kenney_1-bit-pack/Tilemap/tileset_legacy.png,CC0-1.0
000507.png,kenney_1-bit-pack/Tilemap/tileset_legacy.png,CC0-1.0
000508.png,kenney_1-bit-pack/Tilemap/tileset_legacy.png,CC0-1.0
000509.png,kenney_1-bit-pack/Tilemap/tileset_legacy.png,CC0-1.0
000510.png,kenney_1-bit-pack/Tilemap/tileset_legacy.png,CC0-1.0
000511.png,kenney_1-bit-pack/Tilemap/tileset_legacy.png,CC0-1.0
000512.png,kenney_1-bit-pack/Tilemap/tileset_legacy.png,CC0-1.0
000513.png,kenney_1-bit-pack/Tilemap/tileset_legacy.png,CC0-1.0
000514.png,kenney_1-bit-pack/Tilemap/tileset_legacy.png,CC0-1.0
000515.png,kenney_1-bit-pack/Tilemap/tileset_legacy.png,CC0-1.0
000516.png,kenney_1-bit-pack/Tilemap/tileset_legacy.png,CC0-1.0
000517.png,kenney_1-bit-pack/Tilemap/tileset_legacy.png,CC0-1.0
000518.png,kenney_1-bit-pack/Tilemap/tileset_legacy.png,CC0-1.0
000519.png,kenney_1-bit-pack/Tilemap/tileset_legacy.png,CC0-1.0
000520.png,kenney_1-bit-pack/Tilemap/tileset_legacy.png,CC0-1.0
000521.png,kenney_1-bit-pack/Tilemap/tileset_legacy.png,CC0-1.0
000522.png,kenney_1-bit-pack/Tilemap/tileset_legacy.png,CC0-1.0
000523.png,kenney_1-bit-pack/Tilemap/tileset_legacy.png,CC0-1.0
000524.png,kenney_1-bit-pack/Tilemap/tileset_legacy.png,CC0-1.0
000525.png,kenney_1-bit-pack/Tilemap/tileset_legacy.png,CC0-1.0
000526.png,kenney_1-bit-pack/Tilemap/tileset_legacy.png,CC0-1.0
000527.png,kenney_1-bit-pack/Tilemap/tileset_legacy.png,CC0-1.0
000528.png,kenney_1-bit-pack/Tilemap/tileset_legacy.png,CC0-1.0
000529.png,kenney_1-bit-pack/Tilemap/tileset_legacy.png,CC0-1.0
000530.png,kenney_1-bit-pack/Tilemap/tileset_legacy.png,CC0-1.0
000531.png,kenney_1-bit-pack/Tilemap/tileset_legacy.png,CC0-1.0
000532.png,kenney_1-bit-pack/Tilemap/tileset_legacy.png,CC0-1.0
000533.png,kenney_1-bit-pack/Tilemap/tileset_legacy.png,CC0-1.0
000534.png,kenney_1-bit-pack/Tilemap/tileset_legacy.png,CC0-1.0
000535.png,kenney_1-bit-pack/Tilemap/tileset_legacy.png,CC0-1.0
000536.png,kenney_1-bit-pack/Tilemap/tileset_legacy.png,CC0-1.0
000537.png,kenney_1-bit-pack/Tilemap/tileset_legacy.png,CC0-1.0
000538.png,kenney_1-bit-pack/Tilemap/tileset_legacy.png,CC0-1.0
000539.png,kenney_1-bit-pack/Tilemap/tileset_legacy.png,CC0-1.0
000540.png,kenney_1-bit-pack/Tilemap/tileset_legacy.png,CC0-1.0
000541.png,kenney_1-bit-pack/Tilemap/tileset_legacy.png,CC0-1.0
000542.png,kenney_1-bit-pack/Tilemap/tileset_legacy.png,CC0-1.0
000543.png,kenney_1-bit-pack/Tilemap/tileset_legacy.png,CC0-1.0
000544.png,kenney_1-bit-pack/Tilemap/tileset_legacy.png,CC0-1.0
000545.png,kenney_1-bit-pack/Tilemap/tileset_legacy.png,CC0-1.0
000546.png,kenney_1-bit-pack/Tilemap/tileset_legacy.png,CC0-1.0
000547.png,kenney_1-bit-pack/Tilemap/tileset_legacy.png,CC0-1.0
000548.png,kenney_1-bit-pack/Tilemap/tileset_legacy.png,CC0-1.0
000549.png,kenney_1-bit-pack/Tilemap/tileset_legacy.png,CC0-1.0
000550.png,kenney_1-bit-pack/Tilemap/tileset_legacy.png,CC0-1.0
000551.png,kenney_1-bit-pack/Tilemap/tileset_legacy.png,CC0-1.0
000552.png,kenney_1-bit-pack/Tilemap/tileset_legacy.png,CC0-1.0
000553.png,kenney_1-bit-pack/Tilemap/tileset_legacy.png,CC0-1.0
000554.png,kenney_1-bit-pack/Tilemap/tileset_legacy.png,CC0-1.0
000555.png,kenney_1-bit-pack/Tilemap/tileset_legacy.png,CC0-1.0
000556.png,kenney_1-bit-pack/Tilemap/tileset_legacy.png,CC0-1.0
000557.png,kenney_1-bit-pack/Tilemap/tileset_legacy.png,CC0-1.0
000558.png,kenney_1-bit-pack/Tilemap/tileset_legacy.png,CC0-1.0
000559.png,kenney_1-bit-pack/Tilemap/tileset_legacy.png,CC0-1.0
000560.png,kenney_1-bit-pack/Tilemap/tileset_legacy.png,CC0-1.0
000561.png,kenney_1-bit-pack/Tilemap/tileset_legacy.png,CC0-1.0
000562.png,kenney_1-bit-pack/Tilemap/tileset_legacy.png,CC0-1.0
000563.png,kenney_1-bit-pack/Tilemap/tileset_legacy.png,CC0-1.0
000564.png,kenney_1-bit-pack/Tilemap/tileset_legacy.png,CC0-1.0
000565.png,kenney_1-bit-pack/Tilemap/tileset_legacy.png,CC0-1.0
000566.png,kenney_1-bit-pack/Tilemap/tileset_legacy.png,CC0-1.0
000567.png,kenney_1-bit-pack/Tilemap/tileset_legacy.png,CC0-1.0
000568.png,kenney_1-bit-pack/Tilemap/tileset_legacy.png,CC0-1.0
000569.png,kenney_1-bit-pack/Tilemap/tileset_legacy.png,CC0-1.0
000570.png,kenney_1-bit-pack/Tilemap/tileset_legacy.png,CC0-1.0
000571.png,kenney_1-bit-pack/Tilemap/tileset_legacy.png,CC0-1.0
000572.png,kenney_1-bit-pack/Tilemap/tileset_legacy.png,CC0-1.0
000573.png,kenney_1-bit-pack/Tilemap/tileset_legacy.png,CC0-1.0
000574.png,kenney_1-bit-pack/Tilemap/tileset_legacy.png,CC0-1.0
000575.png,kenney_1-bit-pack/Tilemap/tileset_legacy.png,CC0-1.0
000576.png,kenney_1-bit-pack/Tilemap/tileset_legacy.png,CC0-1.0
000577.png,kenney_1-bit-pack/Tilemap/tileset_legacy.png,CC0-1.0
000578.png,kenney_1-bit-pack/Tilemap/tileset_legacy.png,CC0-1.0
000579.png,kenney_1-bit-pack/Tilemap/tileset_legacy.png,CC0-1.0
000580.png,kenney_1-bit-pack/Tilemap/tileset_legacy.png,CC0-1.0
000581.png,kenney_1-bit-pack/Tilemap/tileset_legacy.png,CC0-1.0
000582.png,kenney_1-bit-pack/Tilemap/tileset_legacy.png,CC0-1.0
000583.png,kenney_1-bit-pack/Tilemap/tileset_legacy.png,CC0-1.0
000584.png,kenney_1-bit-pack/Tilemap/tileset_legacy.png,CC0-1.0
000585.png,kenney_1-bit-pack/Tilemap/tileset_legacy.png,CC0-1.0
000586.png,kenney_1-bit-pack/Tilemap/tileset_legacy.png,CC0-1.0
000587.png,kenney_1-bit-pack/Tilemap/tileset_legacy.png,CC0-1.0
000588.png,kenney_1-bit-pack/Tilemap/tileset_legacy.png,CC0-1.0
000589.png,kenney_1-bit-pack/Tilemap/tileset_legacy.png,CC0-1.0
000590.png,kenney_1-bit-pack/Tilemap/tileset_legacy.png,CC0-1.0
000591.png,kenney_1-bit-pack/Tilemap/tileset_legacy.png,CC0-1.0
000592.png,kenney_1-bit-pack/Tilemap/tileset_legacy.png,CC0-1.0
000593.png,kenney_1-bit-pack/Tilemap/tileset_legacy.png,CC0-1.0
000594.png,kenney_1-bit-pack/Tilemap/tileset_legacy.png,CC0-1.0
000595.png,kenney_1-bit-pack/Tilemap/tileset_legacy.png,CC0-1.0
000596.png,kenney_1-bit-pack/Tilemap/tileset_legacy.png,CC0-1.0
000597.png,kenney_1-bit-pack/Tilemap/tileset_legacy.png,CC0-1.0
000598.png,kenney_1-bit-pack/Tilemap/tileset_legacy.png,CC0-1.0
000599.png,kenney_1-bit-pack/Tilemap/tileset_legacy.png,CC0-1.0
000600.png,kenney_1-bit-pack/Tilemap/tileset_legacy.png,CC0-1.0
000601.png,kenney_1-bit-pack/Tilemap/tileset_legacy.png,CC0-1.0
000602.png,kenney_1-bit-pack/Tilemap/tileset_legacy.png,CC0-1.0
000603.png,kenney_1-bit-pack/Tilemap/tileset_legacy.png,CC0-1.0
000604.png,kenney_1-bit-pack/Tilemap/tileset_legacy.png,CC0-1.0
000605.png,kenney_1-bit-pack/Tilemap/tileset_legacy.png,CC0-1.0
000606.png,kenney_1-bit-pack/Tilemap/tileset_legacy.png,CC0-1.0
000607.png,kenney_1-bit-pack/Tilemap/tileset_legacy.png,CC0-1.0
000608.png,kenney_1-bit-pack/Tilemap/tileset_legacy.png,CC0-1.0
000609.png,kenney_1-bit-pack/Tilemap/tileset_legacy.png,CC0-1.0
000610.png,kenney_1-bit-pack/Tilemap/tileset_legacy.png,CC0-1.0
000611.png,kenney_1-bit-pack/Tilemap/tileset_legacy.png,CC0-1.0
000612.png,kenney_1-bit-pack/Tilemap/tileset_legacy.png,CC0-1.0
000613.png,kenney_1-bit-pack/Tilemap/tileset_legacy.png,CC0-1.0
000614.png,kenney_1-bit-pack/Tilemap/tileset_legacy.png,CC0-1.0
000615.png,kenney_1-bit-pack/Tilemap/tileset_legacy.png,CC0-1.0
000616.png,kenney_1-bit-pack/Tilemap/tileset_legacy.png,CC0-1.0
000617.png,kenney_1-bit-pack/Tilemap/tileset_legacy.png,CC0-1.0
000618.png,kenney_1-bit-pack/Tilemap/tileset_legacy.png,CC0-1.0
000619.png,kenney_1-bit-pack/Tilemap/tileset_legacy.png,CC0-1.0
000620.png,kenney_1-bit-pack/Tilemap/tileset_legacy.png,CC0-1.0
000621.png,kenney_1-bit-pack/Tilemap/tileset_legacy.png,CC0-1.0
000622.png,kenney_1-bit-pack/Tilemap/tileset_legacy.png,CC0-1.0
000623.png,kenney_1-bit-pack/Tilemap/tileset_legacy.png,CC0-1.0
000624.png,kenney_1-bit-pack/Tilemap/tileset_legacy.png,CC0-1.0
000625.png,kenney_1-bit-pack/Tilemap/tileset_legacy.png,CC0-1.0
000626.png,kenney_1-bit-pack/Tilemap/tileset_legacy.png,CC0-1.0
000627.png,kenney_1-bit-pack/Tilemap/tileset_legacy.png,CC0-1.0
000628.png,kenney_1-bit-pack/Tilemap/tileset_legacy.png,CC0-1.0
000629.png,kenney_1-bit-pack/Tilemap/tileset_legacy.png,CC0-1.0
000630.png,kenney_1-bit-pack/Tilemap/tileset_legacy.png,CC0-1.0
000631.png,kenney_1-bit-pack/Tilemap/tileset_legacy.png,CC0-1.0
000632.png,kenney_1-bit-pack/Tilemap/tileset_legacy.png,CC0-1.0
000633.png,kenney_1-bit-pack/Tilemap/tileset_legacy.png,CC0-1.0
000634.png,kenney_1-bit-pack/Tilemap/tileset_legacy.png,CC0-1.0
000635.png,kenney_1-bit-pack/Tilemap/tileset_legacy.png,CC0-1.0
000636.png,kenney_1-bit-pack/Tilemap/tileset_legacy.png,CC0-1.0
000637.png,kenney_1-bit-pack/Tilemap/tileset_legacy.png,CC0-1.0
000638.png,kenney_1-bit-pack/Tilemap/tileset_legacy.png,CC0-1.0
000639.png,kenney_1-bit-pack/Tilemap/tileset_legacy.png,CC0-1.0
000640.png,kenney_1-bit-pack/Tilemap/tileset_legacy.png,CC0-1.0
000641.png,kenney_1-bit-pack/Tilemap/tileset_legacy.png,CC0-1.0
000642.png,kenney_1-bit-pack/Tilemap/tileset_legacy.png,CC0-1.0
000643.png,kenney_1-bit-pack/Tilemap/tileset_legacy.png,CC0-1.0
000644.png,kenney_1-bit-pack/Tilemap/tileset_legacy.png,CC0-1.0
000645.png,kenney_1-bit-pack/Tilemap/tileset_legacy.png,CC0-1.0
000646.png,kenney_1-bit-pack/Tilemap/tileset_legacy.png,CC0-1.0
000647.png,kenney_1-bit-pack/Tilemap/tileset_legacy.png,CC0-1.0
000648.png,kenney_1-bit-pack/Tilemap/tileset_legacy.png,CC0-1.0
000649.png,kenney_1-bit-pack/Tilemap/tileset_legacy.png,CC0-1.0
000650.png,kenney_1-bit-pack/Tilemap/tileset_legacy.png,CC0-1.0
000651.png,kenney_1-bit-pack/Tilemap/tileset_legacy.png,CC0-1.0
000652.png,kenney_1-bit-pack/Tilemap/tileset_legacy.png,CC0-1.0
000653.png,kenney_1-bit-pack/Tilemap/tileset_legacy.png,CC0-1.0
000654.png,kenney_1-bit-pack/Tilemap/tileset_legacy.png,CC0-1.0
000655.png,kenney_1-bit-pack/Tilemap/tileset_legacy.png,CC0-1.0
000656.png,kenney_1-bit-pack/Tilemap/tileset_legacy.png,CC0-1.0
000657.png,kenney_1-bit-pack/Tilemap/tileset_legacy.png,CC0-1.0
000658.png,kenney_1-bit-pack/Tilemap/tileset_legacy.png,CC0-1.0
000659.png,kenney_1-bit-pack/Tilemap/tileset_legacy.png,CC0-1.0
000660.png,kenney_1-bit-pack/Tilemap/tileset_legacy.png,CC0-1.0
000661.png,kenney_1-bit-pack/Tilemap/tileset_legacy.png,CC0-1.0
000662.png,kenney_1-bit-pack/Tilemap/tileset_legacy.png,CC0-1.0
000663.png,kenney_1-bit-pack/Tilemap/tileset_legacy.png,CC0-1.0
000664.png,kenney_1-bit-pack/Tilemap/tileset_legacy.png,CC0-1.0
000665.png,kenney_1-bit-pack/Tilemap/tileset_legacy.png,CC0-1.0
000666.png,kenney_1-bit-pack/Tilemap/tileset_legacy.png,CC0-1.0
000667.png,kenney_1-bit-pack/Tilemap/tileset_legacy.png,CC0-1.0
000668.png,kenney_1-bit-pack/Tilemap/tileset_legacy.png,CC0-1.0
000669.png,kenney_1-bit-pack/Tilemap/tileset_legacy.png,CC0-1.0
000670.png,kenney_1-bit-pack/Tilemap/tileset_legacy.png,CC0-1.0
000671.png,kenney_1-bit-pack/Tilemap/tileset_legacy.png,CC0-1.0
000672.png,kenney_1-bit-pack/Tilemap/tileset_legacy.png,CC0-1.0
000673.png,kenney_1-bit-pack/Tilemap/tileset_legacy.png,CC0-1.0
000674.png,kenney_1-bit-pack/Tilemap/tileset_legacy.png,CC0-1.0
000675.png,kenney_1-bit-pack/Tilemap/tileset_legacy.png,CC0-1.0
000676.png,kenney_1-bit-pack/Tilemap/tileset_legacy.png,CC0-1.0
000677.png,kenney_1-bit-pack/Tilemap/tileset_legacy.png,CC0-1.0
000678.png,kenney_1-bit-pack/Tilemap/tileset_legacy.png,CC0-1.0
000679.png,kenney_1-bit-pack/Tilemap/tileset_legacy.png,CC0-1.0
000680.png,kenney_1-bit-pack/Tilemap/tileset_legacy.png,CC0-1.0
000681.png,kenney_1-bit-pack/Tilemap/tileset_legacy.png,CC0-1.0
000682.png,kenney_1-bit-pack/Tilemap/tileset_legacy.png,CC0-1.0
000683.png,kenney_1-bit-pack/Tilemap/tileset_legacy.png,CC0-1.0
000684.png,kenney_1-bit-pack/Tilemap/tileset_legacy.png,CC0-1.0
000685.png,kenney_1-bit-pack/Tilemap/tileset_legacy.png,CC0-1.0
000686.png,kenney_1-bit-pack/Tilemap/tileset_legacy.png,CC0-1.0
000687.png,kenney_1-bit-pack/Tilemap/tileset_legacy.png,CC0-1.0
000688.png,kenney_1-bit-pack/Tilemap/tileset_legacy.png,CC0-1.0
000689.png,kenney_1-bit-pack/Tilemap/tileset_legacy.png,CC0-1.0
000690.png,kenney_1-bit-pack/Tilemap/tileset_legacy.png,CC0-1.0
000691.png,kenney_1-bit-pack/Tilemap/tileset_legacy.png,CC0-1.0
000692.png,kenney_1-bit-pack/Tilemap/tileset_legacy.png,CC0-1.0
000693.png,kenney_1-bit-pack/Tilemap/tileset_legacy.png,CC0-1.0
000694.png,kenney_1-bit-pack/Tilemap/tileset_legacy.png,CC0-1.0
000695.png,kenney_1-bit-pack/Tilemap/tileset_legacy.png,CC0-1.0
000696.png,kenney_1-bit-pack/Tilemap/tileset_legacy.png,CC0-1.0
000697.png,kenney_1-bit-pack/Tilemap/tileset_legacy.png,CC0-1.0
000698.png,kenney_1-bit-pack/Tilemap/tileset_legacy.png,CC0-1.0
000699.png,kenney_1-bit-pack/Tilemap/tileset_legacy.png,CC0-1.0
000700.png,kenney_1-bit-pack/Tilemap/tileset_legacy.png,CC0-1.0
000701.png,kenney_1-bit-pack/Tilemap/tileset_legacy.png,CC0-1.0
000702.png,kenney_1-bit-pack/Tilemap/tileset_legacy.png,CC0-1.0
000703.png,kenney_1-bit-pack/Tilemap/tileset_legacy.png,CC0-1.0
000704.png,kenney_1-bit-pack/Tilemap/tileset_legacy.png,CC0-1.0
000705.png,kenney_1-bit-pack/Tilemap/tileset_legacy.png,CC0-1.0
000706.png,kenney_1-bit-pack/Tilemap/tileset_legacy.png,CC0-1.0
000707.png,kenney_1-bit-pack/Tilemap/tileset_legacy.png,CC0-1.0
000708.png,kenney_1-bit-pack/Tilemap/tileset_legacy.png,CC0-1.0
000709.png,kenney_1-bit-pack/Tilemap/tileset_legacy.png,CC0-1.0
000710.png,kenney_1-bit-pack/Tilemap/tileset_legacy.png,CC0-1.0
000711.png,kenney_1-bit-pack/Tilemap/tileset_legacy.png,CC0-1.0
000712.png,kenney_1-bit-pack/Tilemap/tileset_legacy.png,CC0-1.0
000713.png,kenney_1-bit-pack/Tilemap/tileset_legacy.png,CC0-1.0
000714.png,kenney_1-bit-pack/Tilemap/tileset_legacy.png,CC0-1.0
000715.png,kenney_1-bit-pack/Tilemap/tileset_legacy.png,CC0-1.0
000716.png,kenney_1-bit-pack/Tilemap/tileset_legacy.png,CC0-1.0
000717.png,kenney_1-bit-pack/Tilemap/tileset_legacy.png,CC0-1.0
000718.png,kenney_1-bit-pack/Tilemap/tileset_legacy.png,CC0-1.0
000719.png,kenney_1-bit-pack/Tilemap/tileset_legacy.png,CC0-1.0
000720.png,kenney_1-bit-pack/Tilemap/tileset_legacy.png,CC0-1.0
000721.png,kenney_1-bit-pack/Tilemap/tileset_legacy.png,CC0-1.0
000722.png,kenney_1-bit-pack/Tilemap/tileset_legacy.png,CC0-1.0
000723.png,kenney_1-bit-pack/Tilemap/tileset_legacy.png,CC0-1.0
000724.png,kenney_1-bit-pack/Tilemap/tileset_legacy.png,CC0-1.0
000725.png,kenney_1-bit-pack/Tilemap/tileset_legacy.png,CC0-1.0
000726.png,kenney_1-bit-pack/Tilemap/tileset_legacy.png,CC0-1.0
000727.png,kenney_1-bit-pack/Tilemap/tileset_legacy.png,CC0-1.0
000728.png,kenney_1-bit-pack/Tilemap/tileset_legacy.png,CC0-1.0
000729.png,kenney_1-bit-pack/Tilemap/tileset_legacy.png,CC0-1.0
000730.png,kenney_1-bit-pack/Tilemap/tileset_legacy.png,CC0-1.0
000731.png,kenney_1-bit-pack/Tilemap/tileset_legacy.png,CC0-1.0
000732.png,kenney_1-bit-pack/Tilemap/tileset_legacy.png,CC0-1.0
000733.png,kenney_1-bit-pack/Tilemap/tileset_legacy.png,CC0-1.0
000734.png,kenney_1-bit-pack/Tilemap/tileset_legacy.png,CC0-1.0
000735.png,kenney_1-bit-pack/Tilemap/tileset_legacy.png,CC0-1.0
000736.png,kenney_1-bit-pack/Tilemap/tileset_legacy.png,CC0-1.0
000737.png,kenney_1-bit-pack/Tilemap/tileset_legacy.png,CC0-1.0
000738.png,kenney_1-bit-pack/Tilemap/tileset_legacy.png,CC0-1.0
000739.png,kenney_1-bit-pack/Tilemap/tileset_legacy.png,CC0-1.0
000740.png,kenney_1-bit-pack/Tilemap/tileset_legacy.png,CC0-1.0
000741.png,kenney_1-bit-pack/Tilemap/tileset_legacy.png,CC0-1.0
000742.png,kenney_1-bit-pack/Tilemap/tileset_legacy.png,CC0-1.0
000743.png,kenney_1-bit-pack/Tilemap/tileset_legacy.png,CC0-1.0
000744.png,kenney_1-bit-pack/Tilemap/tileset_legacy.png,CC0-1.0
000745.png,kenney_1-bit-pack/Tilemap/tileset_legacy.png,CC0-1.0
000746.png,kenney_1-bit-pack/Tilemap/tileset_legacy.png,CC0-1.0
000747.png,kenney_1-bit-pack/Tilemap/tileset_legacy.png,CC0-1.0
000748.png,kenney_1-bit-pack/Tilemap/tileset_legacy.png,CC0-1.0
000749.png,kenney_1-bit-pack/Tilemap/tileset_legacy.png,CC0-1.0
000750.png,kenney_1-bit-pack/Tilemap/tileset_legacy.png,CC0-1.0
000751.png,kenney_1-bit-pack/Tilemap/tileset_legacy.png,CC0-1.0
000752.png,kenney_1-bit-pack/Tilemap/tileset_legacy.png,CC0-1.0
000753.png,kenney_1-bit-pack/Tilemap/tileset_legacy.png,CC0-1.0
000754.png,kenney_1-bit-pack/Tilemap/tileset_legacy.png,CC0-1.0
000755.png,kenney_1-bit-pack/Tilemap/tileset_legacy.png,CC0-1.0
000756.png,kenney_1-bit-pack/Tilemap/tileset_legacy.png,CC0-1.0
000757.png,kenney_1-bit-pack/Tilemap/tileset_legacy.png,CC0-1.0
000758.png,kenney_1-bit-pack/Tilemap/tileset_legacy.png,CC0-1.0
000759.png,kenney_1-bit-pack/Tilemap/tileset_legacy.png,CC0-1.0
000760.png,kenney_1-bit-pack/Tilemap/tileset_legacy.png,CC0-1.0
000761.png,kenney_1-bit-pack/Tilemap/tileset_legacy.png,CC0-1.0
000762.png,kenney_1-bit-pack/Tilemap/tileset_legacy.png,CC0-1.0
000763.png,kenney_1-bit-pack/Tilemap/tileset_legacy.png,CC0-1.0
000764.png,kenney_1-bit-pack/Tilemap/tileset_legacy.png,CC0-1.0
000765.png,kenney_1-bit-pack/Tilemap/tileset_legacy.png,CC0-1.0
000766.png,kenney_1-bit-pack/Tilemap/tileset_legacy.png,CC0-1.0
000767.png,kenney_1-bit-pack/Tilemap/tileset_legacy.png,CC0-1.0
000768.png,kenney_1-bit-pack/Tilemap/tileset_legacy.png,CC0-1.0
000769.png,kenney_1-bit-pack/Tilemap/tileset_legacy.png,CC0-1.0
000770.png,kenney_1-bit-pack/Tilemap/tileset_legacy.png,CC0-1.0
000771.png,kenney_1-bit-pack/Tilemap/tileset_legacy.png,CC0-1.0
000772.png,kenney_1-bit-pack/Tilemap/tileset_legacy.png,CC0-1.0
000773.png,kenney_1-bit-pack/Tilemap/tileset_legacy.png,CC0-1.0
000774.png,kenney_1-bit-pack/Tilemap/tileset_legacy.png,CC0-1.0
000775.png,kenney_1-bit-pack/Tilemap/tileset_legacy.png,CC0-1.0
000776.png,kenney_1-bit-pack/Tilemap/tileset_legacy.png,CC0-1.0
000777.png,kenney_1-bit-pack/Tilemap/tileset_legacy.png,CC0-1.0
000778.png,kenney_1-bit-pack/Tilemap/tileset_legacy.png,CC0-1.0
000779.png,kenney_1-bit-pack/Tilemap/tileset_legacy.png,CC0-1.0
000780.png,kenney_1-bit-pack/Tilemap/tileset_legacy.png,CC0-1.0
000781.png,kenney_1-bit-pack/Tilemap/tileset_legacy.png,CC0-1.0
000782.png,kenney_1-bit-pack/Tilemap/tileset_legacy.png,CC0-1.0
000783.png,kenney_1-bit-pack/Tilemap/tileset_legacy.png,CC0-1.0
000784.png,kenney_1-bit-pack/Tilemap/tileset_legacy.png,CC0-1.0
000785.png,kenney_1-bit-pack/Tilemap/tileset_legacy.png,CC0-1.0
000786.png,kenney_1-bit-pack/Tilemap/tileset_legacy.png,CC0-1.0
000787.png,kenney_1-bit-pack/Tilemap/tileset_legacy.png,CC0-1.0
000788.png,kenney_1-bit-pack/Tilemap/tileset_legacy.png,CC0-1.0
000789.png,kenney_1-bit-pack/Tilemap/tileset_legacy.png,CC0-1.0
000790.png,kenney_1-bit-pack/Tilemap/tileset_legacy.png,CC0-1.0
000791.png,kenney_1-bit-pack/Tilemap/tileset_legacy.png,CC0-1.0
000792.png,kenney_1-bit-pack/Tilemap/tileset_legacy.png,CC0-1.0
000793.png,kenney_1-bit-pack/Tilemap/tileset_legacy.png,CC0-1.0
000794.png,kenney_1-bit-pack/Tilemap/tileset_legacy.png,CC0-1.0
000795.png,kenney_1-bit-pack/Tilemap/tileset_legacy.png,CC0-1.0
000796.png,kenney_1-bit-pack/Tilemap/tileset_legacy.png,CC0-1.0
000797.png,kenney_1-bit-pack/Tilemap/tileset_legacy.png,CC0-1.0
000798.png,kenney_1-bit-pack/Tilemap/tileset_legacy.png,CC0-1.0
000799.png,kenney_1-bit-pack/Tilemap/tileset_legacy.png,CC0-1.0
000800.png,kenney_1-bit-pack/Tilemap/tileset_legacy.png,CC0-1.0
000801.png,kenney_1-bit-pack/Tilemap/tileset_legacy.png,CC0-1.0
000802.png,kenney_1-bit-pack/Tilemap/tileset_legacy.png,CC0-1.0
000803.png,kenney_1-bit-pack/Tilemap/tileset_legacy.png,CC0-1.0
000804.png,kenney_1-bit-pack/Tilemap/tileset_legacy.png,CC0-1.0
000805.png,kenney_1-bit-pack/Tilemap/tileset_legacy.png,CC0-1.0
000806.png,kenney_1-bit-pack/Tilemap/tileset_legacy.png,CC0-1.0
000807.png,kenney_1-bit-pack/Tilemap/tileset_legacy.png,CC0-1.0
000808.png,kenney_1-bit-pack/Tilemap/tileset_legacy.png,CC0-1.0
000809.png,kenney_1-bit-pack/Tilemap/tileset_legacy.png,CC0-1.0
000810.png,kenney_1-bit-pack/Tilemap/tileset_legacy.png,CC0-1.0
000811.png,kenney_1-bit-pack/Tilemap/tileset_legacy.png,CC0-1.0
000812.png,kenney_1-bit-pack/Tilemap/tileset_legacy.png,CC0-1.0
000813.png,kenney_1-bit-pack/Tilemap/tileset_legacy.png,CC0-1.0
000814.png,kenney_1-bit-pack/Tilemap/tileset_legacy.png,CC0-1.0
000815.png,kenney_1-bit-pack/Tilemap/tileset_legacy.png,CC0-1.0
000816.png,kenney_1-bit-pack/Tilemap/tileset_legacy.png,CC0-1.0
000817.png,kenney_1-bit-pack/Tilemap/tileset_legacy.png,CC0-1.0
000818.png,kenney_1-bit-pack/Tilemap/tileset_legacy.png,CC0-1.0
000819.png,kenney_1-bit-pack/Tilemap/tileset_legacy.png,CC0-1.0
000820.png,kenney_1-bit-pack/Tilemap/tileset_legacy.png,CC0-1.0
000821.png,kenney_1-bit-pack/Tilemap/tileset_legacy.png,CC0-1.0
000822.png,kenney_1-bit-pack/Tilemap/tileset_legacy.png,CC0-1.0
000823.png,kenney_1-bit-pack/Tilemap/tileset_legacy.png,CC0-1.0
000824.png,kenney_1-bit-pack/Tilemap/tileset_legacy.png,CC0-1.0
000825.png,kenney_1-bit-pack/Tilemap/tileset_legacy.png,CC0-1.0
000826.png,kenney_1-bit-pack/Tilemap/tileset_legacy.png,CC0-1.0
000827.png,kenney_1-bit-pack/Tilemap/tileset_legacy.png,CC0-1.0
000828.png,kenney_1-bit-pack/Tilemap/tileset_legacy.png,CC0-1.0
000829.png,kenney_1-bit-pack/Tilemap/tileset_legacy.png,CC0-1.0
000830.png,kenney_1-bit-pack/Tilemap/tileset_legacy.png,CC0-1.0
000831.png,kenney_1-bit-pack/Tilemap/tileset_legacy.png,CC0-1.0
000832.png,kenney_1-bit-pack/Tilemap/tileset_legacy.png,CC0-1.0
000833.png,kenney_1-bit-pack/Tilemap/tileset_legacy.png,CC0-1.0
000834.png,kenney_1-bit-pack/Tilemap/tileset_legacy.png,CC0-1.0
000835.png,kenney_1-bit-pack/Tilemap/tileset_legacy.png,CC0-1.0
000836.png,kenney_1-bit-pack/Tilemap/tileset_legacy.png,CC0-1.0
000837.png,kenney_1-bit-pack/Tilemap/tileset_legacy.png,CC0-1.0
000838.png,kenney_1-bit-pack/Tilemap/tileset_legacy.png,CC0-1.0
000839.png,kenney_1-bit-pack/Tilemap/tileset_legacy.png,CC0-1.0
000840.png,kenney_1-bit-pack/Tilemap/tileset_legacy.png,CC0-1.0
000841.png,kenney_1-bit-pack/Tilemap/tileset_legacy.png,CC0-1.0
000842.png,kenney_1-bit-pack/Tilemap/tileset_legacy.png,CC0-1.0
000843.png,kenney_1-bit-pack/Tilemap/tileset_legacy.png,CC0-1.0
000844.png,kenney_1-bit-pack/Tilemap/tileset_legacy.png,CC0-1.0
000845.png,kenney_1-bit-pack/Tilemap/tileset_legacy.png,CC0-1.0
000846.png,kenney_1-bit-pack/Tilemap/tileset_legacy.png,CC0-1.0
000847.png,kenney_1-bit-pack/Tilemap/tileset_legacy.png,CC0-1.0
000848.png,kenney_1-bit-pack/Tilemap/tileset_legacy.png,CC0-1.0
000849.png,kenney_1-bit-pack/Tilemap/tileset_legacy.png,CC0-1.0
000850.png,kenney_1-bit-pack/Tilemap/tileset_legacy.png,CC0-1.0
000851.png,kenney_1-bit-pack/Tilemap/tileset_legacy.png,CC0-1.0
000852.png,kenney_1-bit-pack/Tilemap/tileset_legacy.png,CC0-1.0
000853.png,kenney_1-bit-pack/Tilemap/tileset_legacy.png,CC0-1.0
000854.png,kenney_1-bit-pack/Tilemap/tileset_legacy.png,CC0-1.0
000855.png,kenney_1-bit-pack/Tilemap/tileset_legacy.png,CC0-1.0
000856.png,kenney_1-bit-pack/Tilemap/tileset_legacy.png,CC0-1.0
000857.png,kenney_1-bit-pack/Tilemap/tileset_legacy.png,CC0-1.0
000858.png,kenney_1-bit-pack/Tilemap/tileset_legacy.png,CC0-1.0
000859.png,kenney_1-bit-pack/Tilemap/tileset_legacy.png,CC0-1.0
000860.png,kenney_1-bit-pack/Tilemap/tileset_legacy.png,CC0-1.0
000861.png,kenney_1-bit-pack/Tilemap/tileset_legacy.png,CC0-1.0
000862.png,kenney_1-bit-pack/Tilemap/tileset_legacy.png,CC0-1.0
000863.png,kenney_1-bit-pack/Tilemap/tileset_legacy.png,CC0-1.0
000864.png,kenney_1-bit-pack/Tilemap/tileset_legacy.png,CC0-1.0
000865.png,kenney_1-bit-pack/Tilemap/tileset_legacy.png,CC0-1.0
000866.png,kenney_1-bit-pack/Tilemap/tileset_legacy.png,CC0-1.0
000867.png,kenney_1-bit-pack/Tilemap/tileset_legacy.png,CC0-1.0
000868.png,kenney_1-bit-pack/Tilemap/tileset_legacy.png,CC0-1.0
000869.png,kenney_1-bit-pack/Tilemap/tileset_legacy.png,CC0-1.0
000870.png,kenney_1-bit-pack/Tilemap/tileset_legacy.png,CC0-1.0
000871.png,kenney_1-bit-pack/Tilemap/tileset_legacy.png,CC0-1.0
000872.png,kenney_1-bit-pack/Tilemap/tileset_legacy.png,CC0-1.0
000873.png,kenney_1-bit-pack/Tilemap/tileset_legacy.png,CC0-1.0
000874.png,kenney_1-bit-pack/Tilemap/tileset_legacy.png,CC0-1.0
000875.png,kenney_1-bit-pack/Tilemap/tileset_legacy.png,CC0-1.0
000876.png,kenney_1-bit-pack/Tilemap/tileset_legacy.png,CC0-1.0
000877.png,kenney_1-bit-pack/Tilemap/tileset_legacy.png,CC0-1.0
000878.png,kenney_1-bit-pack/Tilemap/tileset_legacy.png,CC0-1.0
000879.png,kenney_1-bit-pack/Tilemap/tileset_legacy.png,CC0-1.0
000880.png,kenney_1-bit-pack/Tilemap/tileset_legacy.png,CC0-1.0
000881.png,kenney_1-bit-pack/Tilemap/tileset_legacy.png,CC0-1.0
000882.png,kenney_1-bit-pack/Tilemap/tileset_legacy.png,CC0-1.0
000883.png,kenney_1-bit-pack/Tilemap/tileset_legacy.png,CC0-1.0
000884.png,kenney_1-bit-pack/Tilemap/tileset_legacy.png,CC0-1.0
000885.png,kenney_1-bit-pack/Tilemap/tileset_legacy.png,CC0-1.0
000886.png,kenney_1-bit-pack/Tilemap/tileset_legacy.png,CC0-1.0
000887.png,kenney_1-bit-pack/Tilemap/tileset_legacy.png,CC0-1.0
000888.png,kenney_1-bit-pack/Tilemap/tileset_legacy.png,CC0-1.0
000889.png,kenney_1-bit-pack/Tilemap/tileset_legacy.png,CC0-1.0
000890.png,kenney_1-bit-pack/Tilemap/tileset_legacy.png,CC0-1.0
000891.png,kenney_1-bit-pack/Tilemap/tileset_legacy.png,CC0-1.0
000892.png,kenney_1-bit-pack/Tilemap/tileset_legacy.png,CC0-1.0
000893.png,kenney_1-bit-pack/Tilemap/tileset_legacy.png,CC0-1.0
000894.png,kenney_1-bit-pack/Tilemap/tileset_legacy.png,CC0-1.0
000895.png,kenney_1-bit-pack/Tilemap/tileset_legacy.png,CC0-1.0
000896.png,kenney_1-bit-pack/Tilemap/tileset_legacy.png,CC0-1.0
000897.png,kenney_1-bit-pack/Tilemap/tileset_legacy.png,CC0-1.0
000898.png,kenney_1-bit-pack/Tilemap/tileset_legacy.png,CC0-1.0
000899.png,kenney_1-bit-pack/Tilemap/tileset_legacy.png,CC0-1.0
000900.png,kenney_1-bit-pack/Tilemap/tileset_legacy.png,CC0-1.0
000901.png,kenney_1-bit-pack/Tilemap/tileset_legacy.png,CC0-1.0
000902.png,kenney_1-bit-pack/Tilemap/tileset_legacy.png,CC0-1.0
000903.png,kenney_1-bit-pack/Tilemap/tileset_legacy.png,CC0-1.0
000904.png,kenney_1-bit-pack/Tilemap/tileset_legacy.png,CC0-1.0
000905.png,kenney_1-bit-pack/Tilemap/tileset_legacy.png,CC0-1.0
000906.png,kenney_1-bit-pack/Tilemap/tileset_legacy.png,CC0-1.0
000907.png,kenney_1-bit-pack/Tilemap/tileset_legacy.png,CC0-1.0
000908.png,kenney_1-bit-pack/Tilemap/tileset_legacy.png,CC0-1.0
000909.png,kenney_1-bit-pack/Tilemap/tileset_legacy.png,CC0-1.0
000910.png,kenney_1-bit-pack/Tilemap/tileset_legacy.png,CC0-1.0
000911.png,kenney_1-bit-pack/Tilemap/tileset_legacy.png,CC0-1.0
000912.png,kenney_1-bit-pack/Tilemap/tileset_legacy.png,CC0-1.0
000913.png,kenney_1-bit-pack/Tilemap/tileset_legacy.png,CC0-1.0
000914.png,kenney_1-bit-pack/Tilemap/tileset_legacy.png,CC0-1.0
000915.png,kenney_1-bit-pack/Tilemap/tileset_legacy.png,CC0-1.0
000916.png,kenney_1-bit-pack/Tilemap/tileset_legacy.png,CC0-1.0
000917.png,kenney_1-bit-pack/Tilemap/tileset_legacy.png,CC0-1.0
000918.png,kenney_1-bit-pack/Tilemap/tileset_legacy.png,CC0-1.0
000919.png,kenney_1-bit-pack/Tilemap/tileset_legacy.png,CC0-1.0
000920.png,kenney_1-bit-pack/Tilemap/tileset_legacy.png,CC0-1.0
000921.png,kenney_1-bit-pack/Tilemap/tileset_legacy.png,CC0-1.0
000922.png,kenney_1-bit-pack/Tilemap/tileset_legacy.png,CC0-1.0
000923.png,kenney_1-bit-pack/Tilemap/tileset_legacy.png,CC0-1.0
000924.png,kenney_1-bit-pack/Tilemap/tileset_legacy.png,CC0-1.0
000925.png,kenney_1-bit-pack/Tilemap/tileset_legacy.png,CC0-1.0
000926.png,kenney_1-bit-pack/Tilemap/tileset_legacy.png,CC0-1.0
000927.png,kenney_1-bit-pack/Tilemap/tileset_legacy.png,CC0-1.0
000928.png,kenney_1-bit-pack/Tilemap/tileset_legacy.png,CC0-1.0
000929.png,kenney_1-bit-pack/Tilemap/tileset_legacy.png,CC0-1.0
000930.png,kenney_1-bit-pack/Tilemap/tileset_legacy.png,CC0-1.0
000931.png,kenney_1-bit-pack/Tilemap/tileset_legacy.png,CC0-1.0
000932.png,kenney_1-bit-pack/Tilemap/tileset_legacy.png,CC0-1.0
000933.png,kenney_1-bit-pack/Tilemap/tileset_legacy.png,CC0-1.0
000934.png,kenney_1-bit-pack/Tilemap/tileset_legacy.png,CC0-1.0
000935.png,kenney_1-bit-pack/Tilemap/tileset_legacy.png,CC0-1.0
000936.png,kenney_1-bit-pack/Tilemap/tileset_legacy.png,CC0-1.0
000937.png,kenney_1-bit-pack/Tilemap/tileset_legacy.png,CC0-1.0
000938.png,kenney_1-bit-pack/Tilemap/tileset_legacy.png,CC0-1.0
000939.png,kenney_1-bit-pack/Tilemap/tileset_legacy.png,CC0-1.0
000940.png,kenney_1-bit-pack/Tilemap/tileset_legacy.png,CC0-1.0
000941.png,kenney_1-bit-pack/Tilemap/tileset_legacy.png,CC0-1.0
000942.png,kenney_1-bit-pack/Tilemap/tileset_legacy.png,CC0-1.0
000943.png,kenney_1-bit-pack/Tilemap/tileset_legacy.png,CC0-1.0
000944.png,kenney_1-bit-pack/Tilemap/tileset_legacy.png,CC0-1.0
000945.png,kenney_1-bit-pack/Tilemap/tileset_legacy.png,CC0-1.0
000946.png,kenney_1-bit-pack/Tilemap/tileset_legacy.png,CC0-1.0
000947.png,kenney_1-bit-pack/Tilemap/tileset_legacy.png,CC0-1.0
000948.png,kenney_1-bit-pack/Tilemap/tileset_legacy.png,CC0-1.0
000949.png,kenney_1-bit-pack/Tilemap/tileset_legacy.png,CC0-1.0
000950.png,kenney_1-bit-pack/Tilemap/tileset_legacy.png,CC0-1.0
000951.png,kenney_1-bit-pack/Tilemap/tileset_legacy.png,CC0-1.0
000952.png,kenney_1-bit-pack/Tilemap/tileset_legacy.png,CC0-1.0
000953.png,kenney_1-bit-pack/Tilemap/tileset_legacy.png,CC0-1.0
000954.png,kenney_1-bit-pack/Tilemap/tileset_legacy.png,CC0-1.0
000955.png,kenney_1-bit-pack/Tilemap/tileset_legacy.png,CC0-1.0
000956.png,kenney_1-bit-pack/Tilemap/tileset_legacy.png,CC0-1.0
000957.png,kenney_1-bit-pack/Tilemap/tileset_legacy.png,CC0-1.0
000958.png,kenney_1-bit-pack/Tilemap/tileset_legacy.png,CC0-1.0
000959.png,kenney_1-bit-pack/Tilemap/tileset_legacy.png,CC0-1.0
000960.png,kenney_1-bit-pack/Tilemap/tileset_legacy.png,CC0-1.0
000961.png,kenney_1-bit-pack/Tilemap/tileset_legacy.png,CC0-1.0
000962.png,kenney_1-bit-pack/Tilemap/tileset_legacy.png,CC0-1.0
000963.png,kenney_1-bit-pack/Tilemap/tileset_legacy.png,CC0-1.0
000964.png,kenney_1-bit-pack/Tilemap/tileset_legacy.png,CC0-1.0
000965.png,kenney_1-bit-pack/Tilemap/tileset_legacy.png,CC0-1.0
000966.png,kenney_1-bit-pack/Tilemap/tileset_legacy.png,CC0-1.0
000967.png,kenney_1-bit-pack/Tilemap/tileset_legacy.png,CC0-1.0
000968.png,kenney_1-bit-pack/Tilemap/tileset_legacy.png,CC0-1.0
000969.png,kenney_1-bit-pack/Tilemap/tileset_legacy.png,CC0-1.0
000970.png,kenney_1-bit-pack/Tilemap/tileset_legacy.png,CC0-1.0
000971.png,kenney_1-bit-pack/Tilemap/tileset_legacy.png,CC0-1.0
000972.png,kenney_1-bit-pack/Tilemap/tileset_legacy.png,CC0-1.0
000973.png,kenney_1-bit-pack/Tilemap/tileset_legacy.png,CC0-1.0
000974.png,kenney_1-bit-pack/Tilemap/tileset_legacy.png,CC0-1.0
000975.png,kenney_1-bit-pack/Tilemap/tileset_legacy.png,CC0-1.0
000976.png,kenney_1-bit-pack/Tilemap/tileset_legacy.png,CC0-1.0
000977.png,kenney_1-bit-pack/Tilemap/tileset_legacy.png,CC0-1.0
000978.png,kenney_1-bit-pack/Tilemap/tileset_legacy.png,CC0-1.0
000979.png,kenney_1-bit-pack/Tilemap/tileset_legacy.png,CC0-1.0
000980.png,kenney_1-bit-pack/Tilemap/tileset_legacy.png,CC0-1.0
000981.png,kenney_1-bit-pack/Tilemap/tileset_legacy.png,CC0-1.0
000982.png,kenney_1-bit-pack/Tilemap/tileset_legacy.png,CC0-1.0
000983.png,kenney_1-bit-pack/Tilemap/tileset_legacy.png,CC0-1.0
000984.png,kenney_1-bit-pack/Tilemap/tileset_legacy.png,CC0-1.0
000985.png,kenney_1-bit-pack/Tilemap/tileset_legacy.png,CC0-1.0
000986.png,kenney_1-bit-pack/Tilemap/tileset_legacy.png,CC0-1.0
000987.png,kenney_1-bit-pack/Tilemap/tileset_legacy.png,CC0-1.0
000988.png,kenney_1-bit-pack/Tilemap/tileset_legacy.png,CC0-1.0
000989.png,kenney_1-bit-pack/Tilemap/tileset_legacy.png,CC0-1.0
000990.png,kenney_1-bit-pack/Tilemap/tileset_legacy.png,CC0-1.0
000991.png,kenney_1-bit-pack/Tilemap/tileset_legacy.png,CC0-1.0
000992.png,kenney_1-bit-pack/Tilemap/tileset_legacy.png,CC0-1.0
000993.png,kenney_1-bit-pack/Tilemap/tileset_legacy.png,CC0-1.0
000994.png,kenney_1-bit-pack/Tilemap/tileset_legacy.png,CC0-1.0
000995.png,kenney_1-bit-pack/Tilemap/tileset_legacy.png,CC0-1.0
000996.png,kenney_1-bit-pack/Tilemap/tileset_legacy.png,CC0-1.0
000997.png,kenney_1-bit-pack/Tilemap/tileset_legacy.png,CC0-1.0
000998.png,kenney_1-bit-pack/Tilemap/tileset_legacy.png,CC0-1.0
000999.png,kenney_1-bit-pack/Tilemap/tileset_legacy.png,CC0-1.0
001000.png,kenney_1-bit-pack/Tilemap/tileset_legacy.png,CC0-1.0
001001.png,kenney_1-bit-pack/Tilemap/tileset_legacy.png,CC0-1.0
001002.png,kenney_1-bit-pack/Tilemap/tileset_legacy.png,CC0-1.0
001003.png,kenney_1-bit-pack/Tilemap/tileset_legacy.png,CC0-1.0
001004.png,kenney_1-bit-pack/Tilemap/tileset_legacy.png,CC0-1.0
001005.png,kenney_1-bit-pack/Tilemap/tileset_legacy.png,CC0-1.0
001006.png,kenney_1-bit-pack/Tilemap/tileset_legacy.png,CC0-1.0
001007.png,kenney_1-bit-pack/Tilemap/tileset_legacy.png,CC0-1.0
001008.png,kenney_1-bit-pack/Tilemap/tileset_legacy.png,CC0-1.0
001009.png,kenney_1-bit-pack/Tilemap/tileset_legacy.png,CC0-1.0
001010.png,kenney_1-bit-pack/Tilemap/tileset_legacy.png,CC0-1.0
001011.png,kenney_1-bit-pack/Tilemap/tileset_legacy.png,CC0-1.0
001012.png,kenney_1-bit-pack/Tilemap/tileset_legacy.png,CC0-1.0
001013.png,kenney_1-bit-pack/Tilemap/tileset_legacy.png,CC0-1.0
001014.png,kenney_1-bit-pack/Tilemap/tileset_legacy.png,CC0-1.0
001015.png,kenney_1-bit-pack/Tilemap/tileset_legacy.png,CC0-1.0
001016.png,kenney_1-bit-pack/Tilemap/tileset_legacy.png,CC0-1.0
001017.png,kenney_1-bit-pack/Tilemap/tileset_legacy.png,CC0-1.0
001018.png,kenney_1-bit-pack/Tilemap/tileset_legacy.png,CC0-1.0
001019.png,kenney_1-bit-pack/Tilemap/tileset_legacy.png,CC0-1.0
001020.png,kenney_1-bit-pack/Tilemap/tileset_legacy.png,CC0-1.0
001021.png,kenney_1-bit-pack/Tilemap/tileset_legacy.png,CC0-1.0
001022.png,kenney_1-bit-pack/Tilemap/tileset_legacy.png,CC0-1.0
001023.png,kenney_1-bit-pack/Tilesheet/colored.png,CC0-1.0
001024.png,kenney_1-bit-pack/Tilesheet/colored.png,CC0-1.0
001025.png,kenney_1-bit-pack/Tilesheet/colored.png,CC0-1.0
001026.png,kenney_1-bit-pack/Tilesheet/colored.png,CC0-1.0
001027.png,kenney_1-bit-pack/Tilesheet/colored.png,CC0-1.0
001028.png,kenney_1-bit-pack/Tilesheet/colored.png,CC0-1.0
001029.png,kenney_1-bit-pack/Tilesheet/colored.png,CC0-1.0
001030.png,kenney_1-bit-pack/Tilesheet/colored.png,CC0-1.0
001031.png,kenney_1-bit-pack/Tilesheet/colored.png,CC0-1.0
001032.png,kenney_1-bit-pack/Tilesheet/colored.png,CC0-1.0
001033.png,kenney_1-bit-pack/Tilesheet/colored.png,CC0-1.0
001034.png,kenney_1-bit-pack/Tilesheet/colored.png,CC0-1.0
001035.png,kenney_1-bit-pack/Tilesheet/colored.png,CC0-1.0
001036.png,kenney_1-bit-pack/Tilesheet/colored.png,CC0-1.0
001037.png,kenney_1-bit-pack/Tilesheet/colored.png,CC0-1.0
001038.png,kenney_1-bit-pack/Tilesheet/colored.png,CC0-1.0
001039.png,kenney_1-bit-pack/Tilesheet/colored.png,CC0-1.0
001040.png,kenney_1-bit-pack/Tilesheet/colored.png,CC0-1.0
001041.png,kenney_1-bit-pack/Tilesheet/colored.png,CC0-1.0
001042.png,kenney_1-bit-pack/Tilesheet/colored.png,CC0-1.0
001043.png,kenney_1-bit-pack/Tilesheet/colored.png,CC0-1.0
001044.png,kenney_1-bit-pack/Tilesheet/colored.png,CC0-1.0
001045.png,kenney_1-bit-pack/Tilesheet/colored.png,CC0-1.0
001046.png,kenney_1-bit-pack/Tilesheet/colored.png,CC0-1.0
001047.png,kenney_1-bit-pack/Tilesheet/colored.png,CC0-1.0
001048.png,kenney_1-bit-pack/Tilesheet/colored.png,CC0-1.0
001049.png,kenney_1-bit-pack/Tilesheet/colored.png,CC0-1.0
001050.png,kenney_1-bit-pack/Tilesheet/colored.png,CC0-1.0
001051.png,kenney_1-bit-pack/Tilesheet/colored.png,CC0-1.0
001052.png,kenney_1-bit-pack/Tilesheet/colored.png,CC0-1.0
001053.png,kenney_1-bit-pack/Tilesheet/colored.png,CC0-1.0
001054.png,kenney_1-bit-pack/Tilesheet/colored.png,CC0-1.0
001055.png,kenney_1-bit-pack/Tilesheet/colored.png,CC0-1.0
001056.png,kenney_1-bit-pack/Tilesheet/colored.png,CC0-1.0
001057.png,kenney_1-bit-pack/Tilesheet/colored.png,CC0-1.0
001058.png,kenney_1-bit-pack/Tilesheet/colored.png,CC0-1.0
001059.png,kenney_1-bit-pack/Tilesheet/colored.png,CC0-1.0
001060.png,kenney_1-bit-pack/Tilesheet/colored.png,CC0-1.0
001061.png,kenney_1-bit-pack/Tilesheet/colored.png,CC0-1.0
001062.png,kenney_1-bit-pack/Tilesheet/colored.png,CC0-1.0
001063.png,kenney_1-bit-pack/Tilesheet/colored.png,CC0-1.0
001064.png,kenney_1-bit-pack/Tilesheet/colored.png,CC0-1.0
001065.png,kenney_1-bit-pack/Tilesheet/colored.png,CC0-1.0
001066.png,kenney_1-bit-pack/Tilesheet/colored.png,CC0-1.0
001067.png,kenney_1-bit-pack/Tilesheet/colored.png,CC0-1.0
001068.png,kenney_1-bit-pack/Tilesheet/colored.png,CC0-1.0
001069.png,kenney_1-bit-pack/Tilesheet/colored.png,CC0-1.0
001070.png,kenney_1-bit-pack/Tilesheet/colored.png,CC0-1.0
001071.png,kenney_1-bit-pack/Tilesheet/colored.png,CC0-1.0
001072.png,kenney_1-bit-pack/Tilesheet/colored.png,CC0-1.0
001073.png,kenney_1-bit-pack/Tilesheet/colored.png,CC0-1.0
001074.png,kenney_1-bit-pack/Tilesheet/colored.png,CC0-1.0
001075.png,kenney_1-bit-pack/Tilesheet/colored.png,CC0-1.0
001076.png,kenney_1-bit-pack/Tilesheet/colored.png,CC0-1.0
001077.png,kenney_1-bit-pack/Tilesheet/colored.png,CC0-1.0
001078.png,kenney_1-bit-pack/Tilesheet/colored.png,CC0-1.0
001079.png,kenney_1-bit-pack/Tilesheet/colored.png,CC0-1.0
001080.png,kenney_1-bit-pack/Tilesheet/colored.png,CC0-1.0
001081.png,kenney_1-bit-pack/Tilesheet/colored.png,CC0-1.0
001082.png,kenney_1-bit-pack/Tilesheet/colored.png,CC0-1.0
001083.png,kenney_1-bit-pack/Tilesheet/colored.png,CC0-1.0
001084.png,kenney_1-bit-pack/Tilesheet/colored.png,CC0-1.0
001085.png,kenney_1-bit-pack/Tilesheet/colored.png,CC0-1.0
001086.png,kenney_1-bit-pack/Tilesheet/colored.png,CC0-1.0
001087.png,kenney_1-bit-pack/Tilesheet/colored.png,CC0-1.0
001088.png,kenney_1-bit-pack/Tilesheet/colored.png,CC0-1.0
001089.png,kenney_1-bit-pack/Tilesheet/colored.png,CC0-1.0
001090.png,kenney_1-bit-pack/Tilesheet/colored.png,CC0-1.0
001091.png,kenney_1-bit-pack/Tilesheet/colored.png,CC0-1.0
001092.png,kenney_1-bit-pack/Tilesheet/colored.png,CC0-1.0
001093.png,kenney_1-bit-pack/Tilesheet/colored.png,CC0-1.0
001094.png,kenney_1-bit-pack/Tilesheet/colored.png,CC0-1.0
001095.png,kenney_1-bit-pack/Tilesheet/colored.png,CC0-1.0
001096.png,kenney_1-bit-pack/Tilesheet/colored.png,CC0-1.0
001097.png,kenney_1-bit-pack/Tilesheet/colored.png,CC0-1.0
001098.png,kenney_1-bit-pack/Tilesheet/colored.png,CC0-1.0
001099.png,kenney_1-bit-pack/Tilesheet/colored.png,CC0-1.0
001100.png,kenney_1-bit-pack/Tilesheet/colored.png,CC0-1.0
001101.png,kenney_1-bit-pack/Tilesheet/colored.png,CC0-1.0
001102.png,kenney_1-bit-pack/Tilesheet/colored.png,CC0-1.0
001103.png,kenney_1-bit-pack/Tilesheet/colored.png,CC0-1.0
001104.png,kenney_1-bit-pack/Tilesheet/colored.png,CC0-1.0
001105.png,kenney_1-bit-pack/Tilesheet/colored.png,CC0-1.0
001106.png,kenney_1-bit-pack/Tilesheet/colored.png,CC0-1.0
001107.png,kenney_1-bit-pack/Tilesheet/colored.png,CC0-1.0
001108.png,kenney_1-bit-pack/Tilesheet/colored.png,CC0-1.0
001109.png,kenney_1-bit-pack/Tilesheet/colored.png,CC0-1.0
001110.png,kenney_1-bit-pack/Tilesheet/colored.png,CC0-1.0
001111.png,kenney_1-bit-pack/Tilesheet/colored.png,CC0-1.0
001112.png,kenney_1-bit-pack/Tilesheet/colored.png,CC0-1.0
001113.png,kenney_1-bit-pack/Tilesheet/colored.png,CC0-1.0
001114.png,kenney_1-bit-pack/Tilesheet/colored.png,CC0-1.0
001115.png,kenney_1-bit-pack/Tilesheet/colored.png,CC0-1.0
001116.png,kenney_1-bit-pack/Tilesheet/colored.png,CC0-1.0
001117.png,kenney_1-bit-pack/Tilesheet/colored.png,CC0-1.0
001118.png,kenney_1-bit-pack/Tilesheet/colored.png,CC0-1.0
001119.png,kenney_1-bit-pack/Tilesheet/colored.png,CC0-1.0
001120.png,kenney_1-bit-pack/Tilesheet/colored.png,CC0-1.0
001121.png,kenney_1-bit-pack/Tilesheet/colored.png,CC0-1.0
001122.png,kenney_1-bit-pack/Tilesheet/colored.png,CC0-1.0
001123.png,kenney_1-bit-pack/Tilesheet/colored.png,CC0-1.0
001124.png,kenney_1-bit-pack/Tilesheet/colored.png,CC0-1.0
001125.png,kenney_1-bit-pack/Tilesheet/colored.png,CC0-1.0
001126.png,kenney_1-bit-pack/Tilesheet/colored.png,CC0-1.0
001127.png,kenney_1-bit-pack/Tilesheet/colored.png,CC0-1.0
001128.png,kenney_1-bit-pack/Tilesheet/colored.png,CC0-1.0
001129.png,kenney_1-bit-pack/Tilesheet/colored.png,CC0-1.0
001130.png,kenney_1-bit-pack/Tilesheet/colored.png,CC0-1.0
001131.png,kenney_1-bit-pack/Tilesheet/colored.png,CC0-1.0
001132.png,kenney_1-bit-pack/Tilesheet/colored.png,CC0-1.0
001133.png,kenney_1-bit-pack/Tilesheet/colored.png,CC0-1.0
001134.png,kenney_1-bit-pack/Tilesheet/colored.png,CC0-1.0
001135.png,kenney_1-bit-pack/Tilesheet/colored.png,CC0-1.0
001136.png,kenney_1-bit-pack/Tilesheet/colored.png,CC0-1.0
001137.png,kenney_1-bit-pack/Tilesheet/colored.png,CC0-1.0
001138.png,kenney_1-bit-pack/Tilesheet/colored.png,CC0-1.0
001139.png,kenney_1-bit-pack/Tilesheet/colored.png,CC0-1.0
001140.png,kenney_1-bit-pack/Tilesheet/colored.png,CC0-1.0
001141.png,kenney_1-bit-pack/Tilesheet/colored.png,CC0-1.0
001142.png,kenney_1-bit-pack/Tilesheet/colored.png,CC0-1.0
001143.png,kenney_1-bit-pack/Tilesheet/colored.png,CC0-1.0
001144.png,kenney_1-bit-pack/Tilesheet/colored.png,CC0-1.0
001145.png,kenney_1-bit-pack/Tilesheet/colored.png,CC0-1.0
001146.png,kenney_1-bit-pack/Tilesheet/colored.png,CC0-1.0
001147.png,kenney_1-bit-pack/Tilesheet/colored.png,CC0-1.0
001148.png,kenney_1-bit-pack/Tilesheet/colored.png,CC0-1.0
001149.png,kenney_1-bit-pack/Tilesheet/colored.png,CC0-1.0
001150.png,kenney_1-bit-pack/Tilesheet/colored.png,CC0-1.0
001151.png,kenney_1-bit-pack/Tilesheet/colored.png,CC0-1.0
001152.png,kenney_1-bit-pack/Tilesheet/colored.png,CC0-1.0
001153.png,kenney_1-bit-pack/Tilesheet/colored.png,CC0-1.0
001154.png,kenney_1-bit-pack/Tilesheet/colored.png,CC0-1.0
001155.png,kenney_1-bit-pack/Tilesheet/colored.png,CC0-1.0
001156.png,kenney_1-bit-pack/Tilesheet/colored.png,CC0-1.0
001157.png,kenney_1-bit-pack/Tilesheet/colored.png,CC0-1.0
001158.png,kenney_1-bit-pack/Tilesheet/colored.png,CC0-1.0
001159.png,kenney_1-bit-pack/Tilesheet/colored.png,CC0-1.0
001160.png,kenney_1-bit-pack/Tilesheet/colored.png,CC0-1.0
001161.png,kenney_1-bit-pack/Tilesheet/colored.png,CC0-1.0
001162.png,kenney_1-bit-pack/Tilesheet/colored.png,CC0-1.0
001163.png,kenney_1-bit-pack/Tilesheet/colored.png,CC0-1.0
001164.png,kenney_1-bit-pack/Tilesheet/colored.png,CC0-1.0
001165.png,kenney_1-bit-pack/Tilesheet/colored.png,CC0-1.0
001166.png,kenney_1-bit-pack/Tilesheet/colored.png,CC0-1.0
001167.png,kenney_1-bit-pack/Tilesheet/colored.png,CC0-1.0
001168.png,kenney_1-bit-pack/Tilesheet/colored.png,CC0-1.0
001169.png,kenney_1-bit-pack/Tilesheet/colored.png,CC0-1.0
001170.png,kenney_1-bit-pack/Tilesheet/colored.png,CC0-1.0
001171.png,kenney_1-bit-pack/Tilesheet/colored.png,CC0-1.0
001172.png,kenney_1-bit-pack/Tilesheet/colored.png,CC0-1.0
001173.png,kenney_1-bit-pack/Tilesheet/colored.png,CC0-1.0
001174.png,kenney_1-bit-pack/Tilesheet/colored.png,CC0-1.0
001175.png,kenney_1-bit-pack/Tilesheet/colored.png,CC0-1.0
001176.png,kenney_1-bit-pack/Tilesheet/colored.png,CC0-1.0
001177.png,kenney_1-bit-pack/Tilesheet/colored.png,CC0-1.0
001178.png,kenney_1-bit-pack/Tilesheet/colored.png,CC0-1.0
001179.png,kenney_1-bit-pack/Tilesheet/colored.png,CC0-1.0
001180.png,kenney_1-bit-pack/Tilesheet/colored.png,CC0-1.0
001181.png,kenney_1-bit-pack/Tilesheet/colored.png,CC0-1.0
001182.png,kenney_1-bit-pack/Tilesheet/colored.png,CC0-1.0
001183.png,kenney_1-bit-pack/Tilesheet/colored.png,CC0-1.0
001184.png,kenney_1-bit-pack/Tilesheet/colored.png,CC0-1.0
001185.png,kenney_1-bit-pack/Tilesheet/colored.png,CC0-1.0
001186.png,kenney_1-bit-pack/Tilesheet/colored.png,CC0-1.0
001187.png,kenney_1-bit-pack/Tilesheet/colored.png,CC0-1.0
001188.png,kenney_1-bit-pack/Tilesheet/colored.png,CC0-1.0
001189.png,kenney_1-bit-pack/Tilesheet/colored.png,CC0-1.0
001190.png,kenney_1-bit-pack/Tilesheet/colored.png,CC0-1.0
001191.png,kenney_1-bit-pack/Tilesheet/colored.png,CC0-1.0
001192.png,kenney_1-bit-pack/Tilesheet/colored.png,CC0-1.0
001193.png,kenney_1-bit-pack/Tilesheet/colored.png,CC0-1.0
001194.png,kenney_1-bit-pack/Tilesheet/monochrome.png,CC0-1.0
001195.png,kenney_1-bit-pack/Tilesheet/monochrome.png,CC0-1.0
001196.png,kenney_1-bit-pack/Tilesheet/monochrome.png,CC0-1.0
001197.png,kenney_1-bit-pack/Tilesheet/monochrome.png,CC0-1.0
001198.png,kenney_1-bit-pack/Tilesheet/monochrome.png,CC0-1.0
001199.png,kenney_1-bit-pack/Tilesheet/monochrome.png,CC0-1.0
001200.png,kenney_1-bit-pack/Tilesheet/monochrome.png,CC0-1.0
001201.png,kenney_1-bit-pack/Tilesheet/monochrome.png,CC0-1.0
001202.png,kenney_1-bit-pack/Tilesheet/monochrome.png,CC0-1.0
001203.png,kenney_1-bit-pack/Tilesheet/monochrome.png,CC0-1.0
001204.png,kenney_1-bit-pack/Tilesheet/monochrome.png,CC0-1.0
001205.png,kenney_1-bit-pack/Tilesheet/monochrome.png,CC0-1.0
001206.png,kenney_1-bit-pack/Tilesheet/monochrome.png,CC0-1.0
001207.png,kenney_1-bit-pack/Tilesheet/monochrome.png,CC0-1.0
001208.png,kenney_1-bit-pack/Tilesheet/monochrome.png,CC0-1.0
001209.png,kenney_1-bit-pack/Tilesheet/monochrome.png,CC0-1.0
001210.png,kenney_1-bit-pack/Tilesheet/monochrome.png,CC0-1.0
001211.png,kenney_1-bit-pack/Tilesheet/monochrome.png,CC0-1.0
001212.png,kenney_1-bit-pack/Tilesheet/monochrome.png,CC0-1.0
001213.png,kenney_1-bit-pack/Tilesheet/monochrome.png,CC0-1.0
001214.png,kenney_1-bit-pack/Tilesheet/monochrome.png,CC0-1.0
001215.png,kenney_1-bit-pack/Tilesheet/monochrome.png,CC0-1.0
001216.png,kenney_1-bit-pack/Tilesheet/monochrome.png,CC0-1.0
001217.png,kenney_1-bit-pack/Tilesheet/monochrome.png,CC0-1.0
001218.png,kenney_1-bit-pack/Tilesheet/monochrome.png,CC0-1.0
001219.png,kenney_1-bit-pack/Tilesheet/monochrome.png,CC0-1.0
001220.png,kenney_1-bit-pack/Tilesheet/monochrome.png,CC0-1.0
001221.png,kenney_1-bit-pack/Tilesheet/monochrome.png,CC0-1.0
001222.png,kenney_1-bit-pack/Tilesheet/monochrome.png,CC0-1.0
001223.png,kenney_1-bit-pack/Tilesheet/monochrome.png,CC0-1.0
001224.png,kenney_1-bit-pack/Tilesheet/monochrome.png,CC0-1.0
001225.png,kenney_1-bit-pack/Tilesheet/monochrome.png,CC0-1.0
001226.png,kenney_1-bit-pack/Tilesheet/monochrome.png,CC0-1.0
001227.png,kenney_1-bit-pack/Tilesheet/monochrome.png,CC0-1.0
001228.png,kenney_1-bit-pack/Tilesheet/monochrome.png,CC0-1.0
001229.png,kenney_1-bit-pack/Tilesheet/monochrome.png,CC0-1.0
001230.png,kenney_1-bit-pack/Tilesheet/monochrome.png,CC0-1.0
001231.png,kenney_1-bit-pack/Tilesheet/monochrome.png,CC0-1.0
001232.png,kenney_1-bit-pack/Tilesheet/monochrome.png,CC0-1.0
001233.png,kenney_1-bit-pack/Tilesheet/monochrome.png,CC0-1.0
001234.png,kenney_1-bit-pack/Tilesheet/monochrome.png,CC0-1.0
001235.png,kenney_1-bit-pack/Tilesheet/monochrome.png,CC0-1.0
001236.png,kenney_1-bit-pack/Tilesheet/monochrome.png,CC0-1.0
001237.png,kenney_1-bit-pack/Tilesheet/monochrome.png,CC0-1.0
001238.png,kenney_1-bit-pack/Tilesheet/monochrome.png,CC0-1.0
001239.png,kenney_1-bit-pack/Tilesheet/monochrome.png,CC0-1.0
001240.png,kenney_1-bit-pack/Tilesheet/monochrome.png,CC0-1.0
001241.png,kenney_1-bit-pack/Tilesheet/monochrome.png,CC0-1.0
001242.png,kenney_1-bit-pack/Tilesheet/monochrome.png,CC0-1.0
001243.png,kenney_1-bit-pack/Tilesheet/monochrome.png,CC0-1.0
001244.png,kenney_1-bit-pack/Tilesheet/monochrome.png,CC0-1.0
001245.png,kenney_1-bit-pack/Tilesheet/monochrome.png,CC0-1.0
001246.png,kenney_1-bit-pack/Tilesheet/monochrome.png,CC0-1.0
001247.png,kenney_1-bit-pack/Tilesheet/monochrome.png,CC0-1.0
001248.png,kenney_1-bit-pack/Tilesheet/monochrome.png,CC0-1.0
001249.png,kenney_1-bit-pack/Tilesheet/monochrome.png,CC0-1.0
001250.png,kenney_1-bit-pack/Tilesheet/monochrome.png,CC0-1.0
001251.png,kenney_1-bit-pack/Tilesheet/monochrome.png,CC0-1.0
001252.png,kenney_1-bit-pack/Tilesheet/monochrome.png,CC0-1.0
001253.png,kenney_1-bit-pack/Tilesheet/monochrome.png,CC0-1.0
001254.png,kenney_1-bit-pack/Tilesheet/monochrome.png,CC0-1.0
001255.png,kenney_1-bit-pack/Tilesheet/monochrome.png,CC0-1.0
001256.png,kenney_1-bit-pack/Tilesheet/monochrome.png,CC0-1.0
001257.png,kenney_1-bit-pack/Tilesheet/monochrome.png,CC0-1.0
001258.png,kenney_1-bit-pack/Tilesheet/monochrome.png,CC0-1.0
001259.png,kenney_1-bit-pack/Tilesheet/monochrome.png,CC0-1.0
001260.png,kenney_1-bit-pack/Tilesheet/monochrome.png,CC0-1.0
001261.png,kenney_1-bit-pack/Tilesheet/monochrome.png,CC0-1.0
001262.png,kenney_1-bit-pack/Tilesheet/monochrome.png,CC0-1.0
001263.png,kenney_1-bit-pack/Tilesheet/monochrome.png,CC0-1.0
001264.png,kenney_1-bit-pack/Tilesheet/monochrome.png,CC0-1.0
001265.png,kenney_1-bit-pack/Tilesheet/monochrome.png,CC0-1.0
001266.png,kenney_1-bit-pack/Tilesheet/monochrome.png,CC0-1.0
001267.png,kenney_1-bit-pack/Tilesheet/monochrome.png,CC0-1.0
001268.png,kenney_1-bit-pack/Tilesheet/monochrome.png,CC0-1.0
001269.png,kenney_1-bit-pack/Tilesheet/monochrome.png,CC0-1.0
001270.png,kenney_1-bit-pack/Tilesheet/monochrome.png,CC0-1.0
001271.png,kenney_1-bit-pack/Tilesheet/monochrome.png,CC0-1.0
001272.png,kenney_1-bit-pack/Tilesheet/monochrome.png,CC0-1.0
001273.png,kenney_1-bit-pack/Tilesheet/monochrome.png,CC0-1.0
001274.png,kenney_1-bit-pack/Tilesheet/monochrome.png,CC0-1.0
001275.png,kenney_1-bit-pack/Tilesheet/monochrome.png,CC0-1.0
001276.png,kenney_1-bit-pack/Tilesheet/monochrome.png,CC0-1.0
001277.png,kenney_1-bit-pack/Tilesheet/monochrome.png,CC0-1.0
001278.png,kenney_1-bit-pack/Tilesheet/monochrome.png,CC0-1.0
001279.png,kenney_1-bit-pack/Tilesheet/monochrome.png,CC0-1.0
001280.png,kenney_1-bit-pack/Tilesheet/monochrome.png,CC0-1.0
001281.png,kenney_1-bit-pack/Tilesheet/monochrome.png,CC0-1.0
001282.png,kenney_1-bit-pack/Tilesheet/monochrome.png,CC0-1.0
001283.png,kenney_1-bit-pack/Tilesheet/monochrome.png,CC0-1.0
001284.png,kenney_1-bit-pack/Tilesheet/monochrome.png,CC0-1.0
001285.png,kenney_1-bit-pack/Tilesheet/monochrome.png,CC0-1.0
001286.png,kenney_1-bit-pack/Tilesheet/monochrome.png,CC0-1.0
001287.png,kenney_1-bit-pack/Tilesheet/monochrome.png,CC0-1.0
001288.png,kenney_1-bit-pack/Tilesheet/monochrome.png,CC0-1.0
001289.png,kenney_1-bit-pack/Tilesheet/monochrome.png,CC0-1.0
001290.png,kenney_1-bit-pack/Tilesheet/monochrome.png,CC0-1.0
001291.png,kenney_1-bit-pack/Tilesheet/monochrome.png,CC0-1.0
001292.png,kenney_1-bit-pack/Tilesheet/monochrome.png,CC0-1.0
001293.png,kenney_1-bit-pack/Tilesheet/monochrome.png,CC0-1.0
001294.png,kenney_1-bit-pack/Tilesheet/monochrome.png,CC0-1.0
001295.png,kenney_1-bit-pack/Tilesheet/monochrome.png,CC0-1.0
001296.png,kenney_1-bit-pack/Tilesheet/monochrome.png,CC0-1.0
001297.png,kenney_1-bit-pack/Tilesheet/monochrome.png,CC0-1.0
001298.png,kenney_1-bit-pack/Tilesheet/monochrome.png,CC0-1.0
001299.png,kenney_1-bit-pack/Tilesheet/monochrome.png,CC0-1.0
001300.png,kenney_1-bit-pack/Tilesheet/monochrome.png,CC0-1.0
001301.png,kenney_1-bit-pack/Tilesheet/monochrome.png,CC0-1.0
001302.png,kenney_1-bit-pack/Tilesheet/monochrome.png,CC0-1.0
001303.png,kenney_1-bit-pack/Tilesheet/monochrome.png,CC0-1.0
001304.png,kenney_1-bit-pack/Tilesheet/monochrome.png,CC0-1.0
001305.png,kenney_1-bit-pack/Tilesheet/monochrome.png,CC0-1.0
001306.png,kenney_1-bit-pack/Tilesheet/monochrome.png,CC0-1.0
001307.png,kenney_1-bit-pack/Tilesheet/monochrome.png,CC0-1.0
001308.png,kenney_1-bit-pack/Tilesheet/monochrome.png,CC0-1.0
001309.png,kenney_1-bit-pack/Tilesheet/monochrome.png,CC0-1.0
001310.png,kenney_1-bit-pack/Tilesheet/monochrome.png,CC0-1.0
001311.png,kenney_1-bit-pack/Tilesheet/monochrome.png,CC0-1.0
001312.png,kenney_1-bit-pack/Tilesheet/monochrome.png,CC0-1.0
001313.png,kenney_1-bit-pack/Tilesheet/monochrome.png,CC0-1.0
001314.png,kenney_1-bit-pack/Tilesheet/monochrome.png,CC0-1.0
001315.png,kenney_1-bit-pack/Tilesheet/monochrome.png,CC0-1.0
001316.png,kenney_1-bit-pack/Tilesheet/monochrome.png,CC0-1.0
001317.png,kenney_1-bit-pack/Tilesheet/monochrome.png,CC0-1.0
001318.png,kenney_1-bit-pack/Tilesheet/monochrome.png,CC0-1.0
001319.png,kenney_1-bit-pack/Tilesheet/monochrome.png,CC0-1.0
001320.png,kenney_1-bit-pack/Tilesheet/monochrome.png,CC0-1.0
001321.png,kenney_1-bit-pack/Tilesheet/monochrome.png,CC0-1.0
001322.png,kenney_1-bit-pack/Tilesheet/monochrome.png,CC0-1.0
001323.png,kenney_1-bit-pack/Tilesheet/monochrome.png,CC0-1.0
001324.png,kenney_1-bit-pack/Tilesheet/monochrome.png,CC0-1.0
001325.png,kenney_1-bit-pack/Tilesheet/monochrome.png,CC0-1.0
001326.png,kenney_1-bit-pack/Tilesheet/monochrome.png,CC0-1.0
001327.png,kenney_1-bit-pack/Tilesheet/monochrome.png,CC0-1.0
001328.png,kenney_1-bit-pack/Tilesheet/monochrome.png,CC0-1.0
001329.png,kenney_1-bit-pack/Tilesheet/monochrome.png,CC0-1.0
001330.png,kenney_1-bit-pack/Tilesheet/monochrome.png,CC0-1.0
001331.png,kenney_1-bit-pack/Tilesheet/monochrome.png,CC0-1.0
001332.png,kenney_1-bit-pack/Tilesheet/monochrome.png,CC0-1.0
001333.png,kenney_1-bit-pack/Tilesheet/monochrome.png,CC0-1.0
001334.png,kenney_1-bit-pack/Tilesheet/monochrome.png,CC0-1.0
001335.png,kenney_1-bit-pack/Tilesheet/monochrome.png,CC0-1.0
001336.png,kenney_1-bit-pack/Tilesheet/monochrome.png,CC0-1.0
001337.png,kenney_1-bit-pack/Tilesheet/monochrome.png,CC0-1.0
001338.png,kenney_1-bit-pack/Tilesheet/monochrome.png,CC0-1.0
001339.png,kenney_1-bit-pack/Tilesheet/monochrome.png,CC0-1.0
001340.png,kenney_1-bit-pack/Tilesheet/monochrome.png,CC0-1.0
001341.png,kenney_1-bit-pack/Tilesheet/monochrome.png,CC0-1.0
001342.png,kenney_1-bit-pack/Tilesheet/monochrome.png,CC0-1.0
001343.png,kenney_1-bit-pack/Tilesheet/monochrome.png,CC0-1.0
001344.png,kenney_1-bit-pack/Tilesheet/monochrome.png,CC0-1.0
001345.png,kenney_1-bit-pack/Tilesheet/monochrome.png,CC0-1.0
001346.png,kenney_1-bit-pack/Tilesheet/monochrome.png,CC0-1.0
001347.png,kenney_1-bit-pack/Tilesheet/monochrome.png,CC0-1.0
001348.png,kenney_1-bit-pack/Tilesheet/monochrome.png,CC0-1.0
001349.png,kenney_1-bit-pack/Tilesheet/monochrome.png,CC0-1.0
001350.png,kenney_1-bit-pack/Tilesheet/monochrome.png,CC0-1.0
001351.png,kenney_1-bit-pack/Tilesheet/monochrome.png,CC0-1.0
001352.png,kenney_1-bit-pack/Tilesheet/monochrome.png,CC0-1.0
001353.png,kenney_1-bit-pack/Tilesheet/monochrome.png,CC0-1.0
001354.png,kenney_1-bit-pack/Tilesheet/monochrome.png,CC0-1.0
001355.png,kenney_1-bit-pack/Tilesheet/monochrome.png,CC0-1.0
001356.png,kenney_1-bit-pack/Tilesheet/monochrome.png,CC0-1.0
001357.png,kenney_1-bit-pack/Tilesheet/monochrome.png,CC0-1.0
001358.png,kenney_1-bit-pack/Tilesheet/monochrome.png,CC0-1.0
001359.png,kenney_1-bit-pack/Tilesheet/monochrome.png,CC0-1.0
001360.png,kenney_1-bit-pack/Tilesheet/monochrome.png,CC0-1.0
001361.png,kenney_1-bit-pack/Tilesheet/monochrome.png,CC0-1.0
001362.png,kenney_1-bit-pack/Tilesheet/monochrome.png,CC0-1.0
001363.png,kenney_1-bit-pack/Tilesheet/monochrome.png,CC0-1.0
001364.png,kenney_1-bit-pack/Tilesheet/monochrome.png,CC0-1.0
001365.png,kenney_1-bit-pack/Tilesheet/monochrome.png,CC0-1.0
001366.png,kenney_1-bit-pack/Tilesheet/monochrome.png,CC0-1.0
001367.png,kenney_1-bit-pack/Tilesheet/monochrome.png,CC0-1.0
001368.png,kenney_1-bit-pack/Tilesheet/monochrome.png,CC0-1.0
001369.png,kenney_1-bit-pack/Tilesheet/monochrome.png,CC0-1.0
001370.png,kenney_1-bit-pack/Tilesheet/monochrome.png,CC0-1.0
001371.png,kenney_1-bit-pack/Tilesheet/monochrome.png,CC0-1.0
001372.png,kenney_1-bit-pack/Tilesheet/monochrome.png,CC0-1.0
001373.png,kenney_1-bit-pack/Tilesheet/monochrome.png,CC0-1.0
001374.png,kenney_1-bit-pack/Tilesheet/monochrome.png,CC0-1.0
001375.png,kenney_1-bit-pack/Tilesheet/monochrome.png,CC0-1.0
001376.png,kenney_1-bit-pack/Tilesheet/monochrome.png,CC0-1.0
001377.png,kenney_1-bit-pack/Tilesheet/monochrome.png,CC0-1.0
001378.png,kenney_1-bit-pack/Tilesheet/monochrome.png,CC0-1.0
001379.png,kenney_1-bit-pack/Tilesheet/monochrome.png,CC0-1.0
001380.png,kenney_1-bit-pack/Tilesheet/monochrome.png,CC0-1.0
001381.png,kenney_1-bit-pack/Tilesheet/monochrome.png,CC0-1.0
001382.png,kenney_1-bit-pack/Tilesheet/monochrome.png,CC0-1.0
001383.png,kenney_1-bit-pack/Tilesheet/monochrome.png,CC0-1.0
001384.png,kenney_1-bit-pack/Tilesheet/monochrome.png,CC0-1.0
001385.png,kenney_1-bit-pack/Tilesheet/monochrome.png,CC0-1.0
001386.png,kenney_1-bit-pack/Tilesheet/monochrome.png,CC0-1.0
001387.png,kenney_1-bit-pack/Tilesheet/monochrome.png,CC0-1.0
001388.png,kenney_1-bit-pack/Tilesheet/monochrome.png,CC0-1.0
001389.png,kenney_1-bit-pack/Tilesheet/monochrome.png,CC0-1.0
001390.png,kenney_1-bit-pack/Tilesheet/monochrome.png,CC0-1.0
001391.png,kenney_1-bit-pack/Tilesheet/monochrome.png,CC0-1.0
001392.png,kenney_1-bit-pack/Tilesheet/monochrome.png,CC0-1.0
001393.png,kenney_1-bit-pack/Tilesheet/monochrome.png,CC0-1.0
001394.png,kenney_1-bit-pack/Tilesheet/monochrome.png,CC0-1.0
001395.png,kenney_1-bit-pack/Tilesheet/monochrome.png,CC0-1.0
001396.png,kenney_1-bit-pack/Tilesheet/monochrome.png,CC0-1.0
001397.png,kenney_1-bit-pack/Tilesheet/monochrome.png,CC0-1.0
001398.png,kenney_1-bit-pack/Tilesheet/monochrome.png,CC0-1.0
001399.png,kenney_1-bit-pack/Tilesheet/monochrome.png,CC0-1.0
001400.png,kenney_1-bit-pack/Tilesheet/monochrome.png,CC0-1.0
001401.png,kenney_1-bit-pack/Tilesheet/monochrome.png,CC0-1.0
001402.png,kenney_1-bit-pack/Tilesheet/monochrome.png,CC0-1.0
001403.png,kenney_1-bit-pack/Tilesheet/monochrome.png,CC0-1.0
001404.png,kenney_1-bit-pack/Tilesheet/monochrome.png,CC0-1.0
001405.png,kenney_1-bit-pack/Tilesheet/monochrome.png,CC0-1.0
001406.png,kenney_1-bit-pack/Tilesheet/monochrome.png,CC0-1.0
001407.png,kenney_1-bit-pack/Tilesheet/monochrome.png,CC0-1.0
001408.png,kenney_1-bit-pack/Tilesheet/monochrome.png,CC0-1.0
001409.png,kenney_1-bit-pack/Tilesheet/monochrome.png,CC0-1.0
001410.png,kenney_1-bit-pack/Tilesheet/monochrome.png,CC0-1.0
001411.png,kenney_1-bit-pack/Tilesheet/monochrome.png,CC0-1.0
001412.png,kenney_1-bit-pack/Tilesheet/monochrome.png,CC0-1.0
001413.png,kenney_1-bit-pack/Tilesheet/monochrome.png,CC0-1.0
001414.png,kenney_1-bit-pack/Tilesheet/monochrome.png,CC0-1.0
001415.png,kenney_1-bit-pack/Tilesheet/monochrome.png,CC0-1.0
001416.png,kenney_1-bit-pack/Tilesheet/monochrome.png,CC0-1.0
001417.png,kenney_1-bit-pack/Tilesheet/monochrome.png,CC0-1.0
001418.png,kenney_1-bit-pack/Tilesheet/monochrome.png,CC0-1.0
001419.png,kenney_1-bit-pack/Tilesheet/monochrome.png,CC0-1.0
001420.png,kenney_1-bit-pack/Tilesheet/monochrome.png,CC0-1.0
001421.png,kenney_1-bit-pack/Tilesheet/monochrome.png,CC0-1.0
001422.png,kenney_1-bit-pack/Tilesheet/monochrome.png,CC0-1.0
001423.png,kenney_1-bit-pack/Tilesheet/monochrome.png,CC0-1.0
001424.png,kenney_1-bit-pack/Tilesheet/monochrome.png,CC0-1.0
001425.png,kenney_1-bit-pack/Tilesheet/monochrome.png,CC0-1.0
001426.png,kenney_1-bit-pack/Tilesheet/monochrome.png,CC0-1.0
001427.png,kenney_1-bit-pack/Tilesheet/monochrome.png,CC0-1.0
001428.png,kenney_1-bit-pack/Tilesheet/monochrome.png,CC0-1.0
001429.png,kenney_1-bit-pack/Tilesheet/monochrome.png,CC0-1.0
001430.png,kenney_1-bit-pack/Tilesheet/monochrome.png,CC0-1.0
001431.png,kenney_1-bit-pack/Tilesheet/monochrome.png,CC0-1.0
001432.png,kenney_1-bit-pack/Tilesheet/monochrome.png,CC0-1.0
001433.png,kenney_1-bit-pack/Tilesheet/monochrome.png,CC0-1.0
001434.png,kenney_1-bit-pack/Tilesheet/monochrome.png,CC0-1.0
001435.png,kenney_1-bit-pack/Tilesheet/monochrome.png,CC0-1.0
001436.png,kenney_1-bit-pack/Tilesheet/monochrome.png,CC0-1.0
001437.png,kenney_1-bit-pack/Tilesheet/monochrome.png,CC0-1.0
001438.png,kenney_1-bit-pack/Tilesheet/monochrome.png,CC0-1.0
001439.png,kenney_1-bit-pack/Tilesheet/monochrome.png,CC0-1.0
001440.png,kenney_1-bit-pack/Tilesheet/monochrome.png,CC0-1.0
001441.png,kenney_1-bit-pack/Tilesheet/monochrome.png,CC0-1.0
001442.png,kenney_1-bit-pack/Tilesheet/monochrome.png,CC0-1.0
001443.png,kenney_1-bit-pack/Tilesheet/monochrome.png,CC0-1.0
001444.png,kenney_1-bit-pack/Tilesheet/monochrome.png,CC0-1.0
001445.png,kenney_1-bit-pack/Tilesheet/monochrome.png,CC0-1.0
001446.png,kenney_1-bit-pack/Tilesheet/monochrome.png,CC0-1.0
001447.png,kenney_1-bit-pack/Tilesheet/monochrome.png,CC0-1.0
001448.png,kenney_1-bit-pack/Tilesheet/monochrome.png,CC0-1.0
001449.png,kenney_1-bit-pack/Tilesheet/monochrome.png,CC0-1.0
001450.png,kenney_1-bit-pack/Tilesheet/monochrome.png,CC0-1.0
001451.png,kenney_1-bit-pack/Tilesheet/monochrome.png,CC0-1.0
001452.png,kenney_1-bit-pack/Tilesheet/monochrome.png,CC0-1.0
001453.png,kenney_1-bit-pack/Tilesheet/monochrome.png,CC0-1.0
001454.png,kenney_1-bit-pack/Tilesheet/monochrome.png,CC0-1.0
001455.png,kenney_1-bit-pack/Tilesheet/monochrome.png,CC0-1.0
001456.png,kenney_1-bit-pack/Tilesheet/monochrome.png,CC0-1.0
001457.png,kenney_1-bit-pack/Tilesheet/monochrome.png,CC0-1.0
001458.png,kenney_1-bit-pack/Tilesheet/monochrome.png,CC0-1.0
001459.png,kenney_1-bit-pack/Tilesheet/monochrome.png,CC0-1.0
001460.png,kenney_1-bit-pack/Tilesheet/monochrome.png,CC0-1.0
001461.png,kenney_1-bit-pack/Tilesheet/monochrome.png,CC0-1.0
001462.png,kenney_1-bit-pack/Tilesheet/monochrome.png,CC0-1.0
001463.png,kenney_1-bit-pack/Tilesheet/monochrome.png,CC0-1.0
001464.png,kenney_1-bit-pack/Tilesheet/monochrome.png,CC0-1.0
001465.png,kenney_1-bit-pack/Tilesheet/monochrome.png,CC0-1.0
001466.png,kenney_1-bit-pack/Tilesheet/monochrome.png,CC0-1.0
001467.png,kenney_1-bit-pack/Tilesheet/monochrome.png,CC0-1.0
001468.png,kenney_1-bit-pack/Tilesheet/monochrome.png,CC0-1.0
001469.png,kenney_1-bit-pack/Tilesheet/monochrome.png,CC0-1.0
001470.png,kenney_1-bit-pack/Tilesheet/monochrome.png,CC0-1.0
001471.png,kenney_1-bit-pack/Tilesheet/monochrome.png,CC0-1.0
001472.png,kenney_1-bit-pack/Tilesheet/monochrome.png,CC0-1.0
001473.png,kenney_1-bit-pack/Tilesheet/monochrome.png,CC0-1.0
001474.png,kenney_1-bit-pack/Tilesheet/monochrome.png,CC0-1.0
001475.png,kenney_1-bit-pack/Tilesheet/monochrome.png,CC0-1.0
001476.png,kenney_1-bit-pack/Tilesheet/monochrome.png,CC0-1.0
001477.png,kenney_1-bit-pack/Tilesheet/monochrome.png,CC0-1.0
001478.png,kenney_1-bit-pack/Tilesheet/monochrome.png,CC0-1.0
001479.png,kenney_1-bit-pack/Tilesheet/monochrome.png,CC0-1.0
001480.png,kenney_1-bit-pack/Tilesheet/monochrome.png,CC0-1.0
001481.png,kenney_1-bit-pack/Tilesheet/monochrome.png,CC0-1.0
001482.png,kenney_1-bit-pack/Tilesheet/monochrome.png,CC0-1.0
001483.png,kenney_1-bit-pack/Tilesheet/monochrome.png,CC0-1.0
001484.png,kenney_1-bit-pack/Tilesheet/monochrome.png,CC0-1.0
001485.png,kenney_1-bit-pack/Tilesheet/monochrome.png,CC0-1.0
001486.png,kenney_1-bit-pack/Tilesheet/monochrome.png,CC0-1.0
001487.png,kenney_1-bit-pack/Tilesheet/monochrome.png,CC0-1.0
001488.png,kenney_1-bit-pack/Tilesheet/monochrome.png,CC0-1.0
001489.png,kenney_1-bit-pack/Tilesheet/monochrome.png,CC0-1.0
001490.png,kenney_1-bit-pack/Tilesheet/monochrome.png,CC0-1.0
001491.png,kenney_1-bit-pack/Tilesheet/monochrome.png,CC0-1.0
001492.png,kenney_1-bit-pack/Tilesheet/monochrome.png,CC0-1.0
001493.png,kenney_1-bit-pack/Tilesheet/monochrome.png,CC0-1.0
001494.png,kenney_1-bit-pack/Tilesheet/monochrome.png,CC0-1.0
001495.png,kenney_1-bit-pack/Tilesheet/monochrome.png,CC0-1.0
001496.png,kenney_1-bit-pack/Tilesheet/monochrome.png,CC0-1.0
001497.png,kenney_1-bit-pack/Tilesheet/monochrome.png,CC0-1.0
001498.png,kenney_1-bit-pack/Tilesheet/monochrome.png,CC0-1.0
001499.png,kenney_1-bit-pack/Tilesheet/monochrome.png,CC0-1.0
001500.png,kenney_1-bit-pack/Tilesheet/monochrome.png,CC0-1.0
001501.png,kenney_1-bit-pack/Tilesheet/monochrome.png,CC0-1.0
001502.png,kenney_1-bit-pack/Tilesheet/monochrome.png,CC0-1.0
001503.png,kenney_1-bit-pack/Tilesheet/monochrome.png,CC0-1.0
001504.png,kenney_1-bit-pack/Tilesheet/monochrome.png,CC0-1.0
001505.png,kenney_1-bit-pack/Tilesheet/monochrome.png,CC0-1.0
001506.png,kenney_1-bit-pack/Tilesheet/monochrome.png,CC0-1.0
001507.png,kenney_1-bit-pack/Tilesheet/monochrome.png,CC0-1.0
001508.png,kenney_1-bit-pack/Tilesheet/monochrome.png,CC0-1.0
001509.png,kenney_1-bit-pack/Tilesheet/monochrome.png,CC0-1.0
001510.png,kenney_1-bit-pack/Tilesheet/monochrome.png,CC0-1.0
001511.png,kenney_1-bit-pack/Tilesheet/monochrome.png,CC0-1.0
001512.png,kenney_1-bit-pack/Tilesheet/monochrome.png,CC0-1.0
001513.png,kenney_1-bit-pack/Tilesheet/monochrome.png,CC0-1.0
001514.png,kenney_1-bit-pack/Tilesheet/monochrome.png,CC0-1.0
001515.png,kenney_1-bit-pack/Tilesheet/monochrome.png,CC0-1.0
001516.png,kenney_1-bit-pack/Tilesheet/monochrome.png,CC0-1.0
001517.png,kenney_1-bit-pack/Tilesheet/monochrome.png,CC0-1.0
001518.png,kenney_1-bit-pack/Tilesheet/monochrome.png,CC0-1.0
001519.png,kenney_1-bit-pack/Tilesheet/monochrome.png,CC0-1.0
001520.png,kenney_1-bit-pack/Tilesheet/monochrome.png,CC0-1.0
001521.png,kenney_1-bit-pack/Tilesheet/monochrome.png,CC0-1.0
001522.png,kenney_1-bit-pack/Tilesheet/monochrome.png,CC0-1.0
001523.png,kenney_1-bit-pack/Tilesheet/monochrome.png,CC0-1.0
001524.png,kenney_1-bit-pack/Tilesheet/monochrome.png,CC0-1.0
001525.png,kenney_1-bit-pack/Tilesheet/monochrome.png,CC0-1.0
001526.png,kenney_1-bit-pack/Tilesheet/monochrome.png,CC0-1.0
001527.png,kenney_1-bit-pack/Tilesheet/monochrome.png,CC0-1.0
001528.png,kenney_1-bit-pack/Tilesheet/monochrome.png,CC0-1.0
001529.png,kenney_1-bit-pack/Tilesheet/monochrome.png,CC0-1.0
001530.png,kenney_1-bit-pack/Tilesheet/monochrome.png,CC0-1.0
001531.png,kenney_1-bit-pack/Tilesheet/monochrome.png,CC0-1.0
001532.png,kenney_1-bit-pack/Tilesheet/monochrome.png,CC0-1.0
001533.png,kenney_1-bit-pack/Tilesheet/monochrome.png,CC0-1.0
001534.png,kenney_1-bit-pack/Tilesheet/monochrome.png,CC0-1.0
001535.png,kenney_1-bit-pack/Tilesheet/monochrome.png,CC0-1.0
001536.png,kenney_1-bit-pack/Tilesheet/monochrome.png,CC0-1.0
001537.png,kenney_1-bit-pack/Tilesheet/monochrome.png,CC0-1.0
001538.png,kenney_1-bit-pack/Tilesheet/monochrome.png,CC0-1.0
001539.png,kenney_1-bit-pack/Tilesheet/monochrome.png,CC0-1.0
001540.png,kenney_1-bit-pack/Tilesheet/monochrome.png,CC0-1.0
001541.png,kenney_1-bit-pack/Tilesheet/monochrome.png,CC0-1.0
001542.png,kenney_1-bit-pack/Tilesheet/monochrome.png,CC0-1.0
001543.png,kenney_1-bit-pack/Tilesheet/monochrome.png,CC0-1.0
001544.png,kenney_1-bit-pack/Tilesheet/monochrome.png,CC0-1.0
001545.png,kenney_1-bit-pack/Tilesheet/monochrome.png,CC0-1.0
001546.png,kenney_1-bit-pack/Tilesheet/monochrome.png,CC0-1.0
001547.png,kenney_1-bit-pack/Tilesheet/monochrome.png,CC0-1.0
001548.png,kenney_1-bit-pack/Tilesheet/monochrome.png,CC0-1.0
001549.png,kenney_1-bit-pack/Tilesheet/monochrome.png,CC0-1.0
001550.png,kenney_1-bit-pack/Tilesheet/monochrome.png,CC0-1.0
001551.png,kenney_1-bit-pack/Tilesheet/monochrome.png,CC0-1.0
001552.png,kenney_1-bit-pack/Tilesheet/monochrome.png,CC0-1.0
001553.png,kenney_1-bit-pack/Tilesheet/monochrome.png,CC0-1.0
001554.png,kenney_1-bit-pack/Tilesheet/monochrome.png,CC0-1.0
001555.png,kenney_1-bit-pack/Tilesheet/monochrome.png,CC0-1.0
001556.png,kenney_1-bit-pack/Tilesheet/monochrome.png,CC0-1.0
001557.png,kenney_1-bit-pack/Tilesheet/monochrome.png,CC0-1.0
001558.png,kenney_1-bit-pack/Tilesheet/monochrome.png,CC0-1.0
001559.png,kenney_1-bit-pack/Tilesheet/monochrome.png,CC0-1.0
001560.png,kenney_1-bit-pack/Tilesheet/monochrome.png,CC0-1.0
001561.png,kenney_1-bit-pack/Tilesheet/monochrome.png,CC0-1.0
001562.png,kenney_1-bit-pack/Tilesheet/monochrome.png,CC0-1.0
001563.png,kenney_1-bit-pack/Tilesheet/monochrome.png,CC0-1.0
001564.png,kenney_1-bit-pack/Tilesheet/monochrome.png,CC0-1.0
001565.png,kenney_1-bit-pack/Tilesheet/monochrome.png,CC0-1.0
001566.png,kenney_1-bit-pack/Tilesheet/monochrome.png,CC0-1.0
001567.png,kenney_1-bit-pack/Tilesheet/monochrome.png,CC0-1.0
001568.png,kenney_1-bit-pack/Tilesheet/monochrome.png,CC0-1.0
001569.png,kenney_1-bit-pack/Tilesheet/monochrome.png,CC0-1.0
001570.png,kenney_1-bit-pack/Tilesheet/monochrome.png,CC0-1.0
001571.png,kenney_1-bit-pack/Tilesheet/monochrome.png,CC0-1.0
001572.png,kenney_1-bit-pack/Tilesheet/monochrome.png,CC0-1.0
001573.png,kenney_1-bit-pack/Tilesheet/monochrome.png,CC0-1.0
001574.png,kenney_1-bit-pack/Tilesheet/monochrome.png,CC0-1.0
001575.png,kenney_1-bit-pack/Tilesheet/monochrome.png,CC0-1.0
001576.png,kenney_1-bit-pack/Tilesheet/monochrome.png,CC0-1.0
001577.png,kenney_1-bit-pack/Tilesheet/monochrome.png,CC0-1.0
001578.png,kenney_1-bit-pack/Tilesheet/monochrome.png,CC0-1.0
001579.png,kenney_1-bit-pack/Tilesheet/monochrome.png,CC0-1.0
001580.png,kenney_1-bit-pack/Tilesheet/monochrome.png,CC0-1.0
001581.png,kenney_1-bit-pack/Tilesheet/monochrome.png,CC0-1.0
001582.png,kenney_1-bit-pack/Tilesheet/monochrome.png,CC0-1.0
001583.png,kenney_1-bit-pack/Tilesheet/monochrome.png,CC0-1.0
001584.png,kenney_1-bit-pack/Tilesheet/monochrome.png,CC0-1.0
001585.png,kenney_1-bit-pack/Tilesheet/monochrome.png,CC0-1.0
001586.png,kenney_1-bit-pack/Tilesheet/monochrome.png,CC0-1.0
001587.png,kenney_1-bit-pack/Tilesheet/monochrome.png,CC0-1.0
001588.png,kenney_1-bit-pack/Tilesheet/monochrome.png,CC0-1.0
001589.png,kenney_1-bit-pack/Tilesheet/monochrome.png,CC0-1.0
001590.png,kenney_1-bit-pack/Tilesheet/monochrome.png,CC0-1.0
001591.png,kenney_1-bit-pack/Tilesheet/monochrome.png,CC0-1.0
001592.png,kenney_1-bit-pack/Tilesheet/monochrome.png,CC0-1.0
001593.png,kenney_1-bit-pack/Tilesheet/monochrome.png,CC0-1.0
001594.png,kenney_1-bit-pack/Tilesheet/monochrome.png,CC0-1.0
001595.png,kenney_1-bit-pack/Tilesheet/monochrome.png,CC0-1.0
001596.png,kenney_1-bit-pack/Tilesheet/monochrome.png,CC0-1.0
001597.png,kenney_1-bit-pack/Tilesheet/monochrome.png,CC0-1.0
001598.png,kenney_1-bit-pack/Tilesheet/monochrome.png,CC0-1.0
001599.png,kenney_1-bit-pack/Tilesheet/monochrome.png,CC0-1.0
001600.png,kenney_1-bit-pack/Tilesheet/monochrome.png,CC0-1.0
001601.png,kenney_1-bit-pack/Tilesheet/monochrome.png,CC0-1.0
001602.png,kenney_1-bit-pack/Tilesheet/monochrome.png,CC0-1.0
001603.png,kenney_1-bit-pack/Tilesheet/monochrome.png,CC0-1.0
001604.png,kenney_1-bit-pack/Tilesheet/monochrome.png,CC0-1.0
001605.png,kenney_1-bit-pack/Tilesheet/monochrome.png,CC0-1.0
001606.png,kenney_1-bit-pack/Tilesheet/monochrome.png,CC0-1.0
001607.png,kenney_1-bit-pack/Tilesheet/monochrome.png,CC0-1.0
001608.png,kenney_1-bit-pack/Tilesheet/monochrome.png,CC0-1.0
001609.png,kenney_1-bit-pack/Tilesheet/monochrome.png,CC0-1.0
001610.png,kenney_1-bit-pack/Tilesheet/monochrome.png,CC0-1.0
001611.png,kenney_1-bit-pack/Tilesheet/monochrome.png,CC0-1.0
001612.png,kenney_1-bit-pack/Tilesheet/monochrome.png,CC0-1.0
001613.png,kenney_1-bit-pack/Tilesheet/monochrome.png,CC0-1.0
001614.png,kenney_1-bit-pack/Tilesheet/monochrome.png,CC0-1.0
001615.png,kenney_1-bit-pack/Tilesheet/monochrome.png,CC0-1.0
001616.png,kenney_1-bit-pack/Tilesheet/monochrome.png,CC0-1.0
001617.png,kenney_1-bit-pack/Tilesheet/monochrome.png,CC0-1.0
001618.png,kenney_1-bit-pack/Tilesheet/monochrome.png,CC0-1.0
001619.png,kenney_1-bit-pack/Tilesheet/monochrome.png,CC0-1.0
001620.png,kenney_1-bit-pack/Tilesheet/monochrome.png,CC0-1.0
001621.png,kenney_1-bit-pack/Tilesheet/monochrome.png,CC0-1.0
001622.png,kenney_1-bit-pack/Tilesheet/monochrome.png,CC0-1.0
001623.png,kenney_1-bit-pack/Tilesheet/monochrome.png,CC0-1.0
001624.png,kenney_1-bit-pack/Tilesheet/monochrome.png,CC0-1.0
001625.png,kenney_1-bit-pack/Tilesheet/monochrome.png,CC0-1.0
001626.png,kenney_1-bit-pack/Tilesheet/monochrome.png,CC0-1.0
001627.png,kenney_1-bit-pack/Tilesheet/monochrome.png,CC0-1.0
001628.png,kenney_1-bit-pack/Tilesheet/monochrome.png,CC0-1.0
001629.png,kenney_1-bit-pack/Tilesheet/monochrome.png,CC0-1.0
001630.png,kenney_1-bit-pack/Tilesheet/monochrome.png,CC0-1.0
001631.png,kenney_1-bit-pack/Tilesheet/monochrome.png,CC0-1.0
001632.png,kenney_1-bit-pack/Tilesheet/monochrome.png,CC0-1.0
001633.png,kenney_1-bit-pack/Tilesheet/monochrome.png,CC0-1.0
001634.png,kenney_1-bit-pack/Tilesheet/monochrome.png,CC0-1.0
001635.png,kenney_1-bit-pack/Tilesheet/monochrome.png,CC0-1.0
001636.png,kenney_1-bit-pack/Tilesheet/monochrome.png,CC0-1.0
001637.png,kenney_1-bit-pack/Tilesheet/monochrome.png,CC0-1.0
001638.png,kenney_1-bit-pack/Tilesheet/monochrome.png,CC0-1.0
001639.png,kenney_1-bit-pack/Tilesheet/monochrome.png,CC0-1.0
001640.png,kenney_1-bit-pack/Tilesheet/monochrome.png,CC0-1.0
001641.png,kenney_1-bit-pack/Tilesheet/monochrome.png,CC0-1.0
001642.png,kenney_1-bit-pack/Tilesheet/monochrome.png,CC0-1.0
001643.png,kenney_1-bit-pack/Tilesheet/monochrome.png,CC0-1.0
001644.png,kenney_1-bit-pack/Tilesheet/monochrome.png,CC0-1.0
001645.png,kenney_1-bit-pack/Tilesheet/monochrome.png,CC0-1.0
001646.png,kenney_1-bit-pack/Tilesheet/monochrome.png,CC0-1.0
001647.png,kenney_1-bit-pack/Tilesheet/monochrome.png,CC0-1.0
001648.png,kenney_1-bit-pack/Tilesheet/monochrome.png,CC0-1.0
001649.png,kenney_1-bit-pack/Tilesheet/monochrome.png,CC0-1.0
001650.png,kenney_1-bit-pack/Tilesheet/monochrome.png,CC0-1.0
001651.png,kenney_1-bit-pack/Tilesheet/monochrome.png,CC0-1.0
001652.png,kenney_1-bit-pack/Tilesheet/monochrome.png,CC0-1.0
001653.png,kenney_1-bit-pack/Tilesheet/monochrome.png,CC0-1.0
001654.png,kenney_1-bit-pack/Tilesheet/monochrome.png,CC0-1.0
001655.png,kenney_1-bit-pack/Tilesheet/monochrome.png,CC0-1.0
001656.png,kenney_1-bit-pack/Tilesheet/monochrome.png,CC0-1.0
001657.png,kenney_1-bit-pack/Tilesheet/monochrome.png,CC0-1.0
001658.png,kenney_1-bit-pack/Tilesheet/monochrome.png,CC0-1.0
001659.png,kenney_1-bit-pack/Tilesheet/monochrome.png,CC0-1.0
001660.png,kenney_1-bit-pack/Tilesheet/monochrome.png,CC0-1.0
001661.png,kenney_1-bit-pack/Tilesheet/monochrome.png,CC0-1.0
001662.png,kenney_1-bit-pack/Tilesheet/monochrome.png,CC0-1.0
001663.png,kenney_1-bit-pack/Tilesheet/monochrome.png,CC0-1.0
001664.png,kenney_1-bit-pack/Tilesheet/monochrome.png,CC0-1.0
001665.png,kenney_1-bit-pack/Tilesheet/monochrome.png,CC0-1.0
001666.png,kenney_1-bit-pack/Tilesheet/monochrome.png,CC0-1.0
001667.png,kenney_1-bit-pack/Tilesheet/monochrome.png,CC0-1.0
001668.png,kenney_1-bit-pack/Tilesheet/monochrome.png,CC0-1.0
001669.png,kenney_1-bit-pack/Tilesheet/monochrome.png,CC0-1.0
001670.png,kenney_1-bit-pack/Tilesheet/monochrome.png,CC0-1.0
001671.png,kenney_1-bit-pack/Tilesheet/monochrome.png,CC0-1.0
001672.png,kenney_1-bit-pack/Tilesheet/monochrome.png,CC0-1.0
001673.png,kenney_1-bit-pack/Tilesheet/monochrome.png,CC0-1.0
001674.png,kenney_1-bit-pack/Tilesheet/monochrome.png,CC0-1.0
001675.png,kenney_1-bit-pack/Tilesheet/monochrome.png,CC0-1.0
001676.png,kenney_1-bit-pack/Tilesheet/monochrome.png,CC0-1.0
001677.png,kenney_1-bit-pack/Tilesheet/monochrome.png,CC0-1.0
001678.png,kenney_1-bit-pack/Tilesheet/monochrome.png,CC0-1.0
001679.png,kenney_1-bit-pack/Tilesheet/monochrome.png,CC0-1.0
001680.png,kenney_1-bit-pack/Tilesheet/monochrome.png,CC0-1.0
001681.png,kenney_1-bit-pack/Tilesheet/monochrome.png,CC0-1.0
001682.png,kenney_1-bit-pack/Tilesheet/monochrome.png,CC0-1.0
001683.png,kenney_1-bit-pack/Tilesheet/monochrome.png,CC0-1.0
001684.png,kenney_1-bit-pack/Tilesheet/monochrome.png,CC0-1.0
001685.png,kenney_1-bit-pack/Tilesheet/monochrome.png,CC0-1.0
001686.png,kenney_1-bit-pack/Tilesheet/monochrome.png,CC0-1.0
001687.png,kenney_1-bit-pack/Tilesheet/monochrome.png,CC0-1.0
001688.png,kenney_1-bit-pack/Tilesheet/monochrome.png,CC0-1.0
001689.png,kenney_1-bit-pack/Tilesheet/monochrome.png,CC0-1.0
001690.png,kenney_1-bit-pack/Tilesheet/monochrome.png,CC0-1.0
001691.png,kenney_1-bit-pack/Tilesheet/monochrome.png,CC0-1.0
001692.png,kenney_1-bit-pack/Tilesheet/monochrome.png,CC0-1.0
001693.png,kenney_1-bit-pack/Tilesheet/monochrome.png,CC0-1.0
001694.png,kenney_1-bit-pack/Tilesheet/monochrome.png,CC0-1.0
001695.png,kenney_1-bit-pack/Tilesheet/monochrome.png,CC0-1.0
001696.png,kenney_1-bit-pack/Tilesheet/monochrome.png,CC0-1.0
001697.png,kenney_1-bit-pack/Tilesheet/monochrome.png,CC0-1.0
001698.png,kenney_1-bit-pack/Tilesheet/monochrome.png,CC0-1.0
001699.png,kenney_1-bit-pack/Tilesheet/monochrome.png,CC0-1.0
001700.png,kenney_1-bit-pack/Tilesheet/monochrome.png,CC0-1.0
001701.png,kenney_1-bit-pack/Tilesheet/monochrome.png,CC0-1.0
001702.png,kenney_1-bit-pack/Tilesheet/monochrome.png,CC0-1.0
001703.png,kenney_1-bit-pack/Tilesheet/monochrome.png,CC0-1.0
001704.png,kenney_1-bit-pack/Tilesheet/monochrome.png,CC0-1.0
001705.png,kenney_1-bit-pack/Tilesheet/monochrome.png,CC0-1.0
001706.png,kenney_1-bit-pack/Tilesheet/monochrome.png,CC0-1.0
001707.png,kenney_1-bit-pack/Tilesheet/monochrome.png,CC0-1.0
001708.png,kenney_1-bit-pack/Tilesheet/monochrome.png,CC0-1.0
001709.png,kenney_1-bit-pack/Tilesheet/monochrome.png,CC0-1.0
001710.png,kenney_1-bit-pack/Tilesheet/monochrome.png,CC0-1.0
001711.png,kenney_1-bit-pack/Tilesheet/monochrome.png,CC0-1.0
001712.png,kenney_1-bit-pack/Tilesheet/monochrome.png,CC0-1.0
001713.png,kenney_1-bit-pack/Tilesheet/monochrome.png,CC0-1.0
001714.png,kenney_1-bit-pack/Tilesheet/monochrome.png,CC0-1.0
001715.png,kenney_1-bit-pack/Tilesheet/monochrome.png,CC0-1.0
001716.png,kenney_1-bit-pack/Tilesheet/monochrome.png,CC0-1.0
001717.png,kenney_1-bit-pack/Tilesheet/monochrome.png,CC0-1.0
001718.png,kenney_1-bit-pack/Tilesheet/monochrome.png,CC0-1.0
001719.png,kenney_1-bit-pack/Tilesheet/monochrome.png,CC0-1.0
001720.png,kenney_1-bit-pack/Tilesheet/monochrome.png,CC0-1.0
001721.png,kenney_1-bit-pack/Tilesheet/monochrome.png,CC0-1.0
001722.png,kenney_1-bit-pack/Tilesheet/monochrome.png,CC0-1.0
001723.png,kenney_1-bit-pack/Tilesheet/monochrome.png,CC0-1.0
001724.png,kenney_1-bit-pack/Tilesheet/monochrome.png,CC0-1.0
001725.png,kenney_1-bit-pack/Tilesheet/monochrome.png,CC0-1.0
001726.png,kenney_1-bit-pack/Tilesheet/monochrome.png,CC0-1.0
001727.png,kenney_1-bit-pack/Tilesheet/monochrome.png,CC0-1.0
001728.png,kenney_1-bit-pack/Tilesheet/monochrome.png,CC0-1.0
001729.png,kenney_1-bit-pack/Tilesheet/monochrome.png,CC0-1.0
001730.png,kenney_1-bit-pack/Tilesheet/monochrome.png,CC0-1.0
001731.png,kenney_1-bit-pack/Tilesheet/monochrome.png,CC0-1.0
001732.png,kenney_1-bit-pack/Tilesheet/monochrome.png,CC0-1.0
001733.png,kenney_1-bit-pack/Tilesheet/monochrome.png,CC0-1.0
001734.png,kenney_1-bit-pack/Tilesheet/monochrome.png,CC0-1.0
001735.png,kenney_1-bit-pack/Tilesheet/monochrome.png,CC0-1.0
001736.png,kenney_1-bit-pack/Tilesheet/monochrome.png,CC0-1.0
001737.png,kenney_1-bit-pack/Tilesheet/monochrome.png,CC0-1.0
001738.png,kenney_1-bit-pack/Tilesheet/monochrome.png,CC0-1.0
001739.png,kenney_1-bit-pack/Tilesheet/monochrome.png,CC0-1.0
001740.png,kenney_1-bit-pack/Tilesheet/monochrome.png,CC0-1.0
001741.png,kenney_1-bit-pack/Tilesheet/monochrome.png,CC0-1.0
001742.png,kenney_1-bit-pack/Tilesheet/monochrome.png,CC0-1.0
001743.png,kenney_1-bit-pack/Tilesheet/monochrome.png,CC0-1.0
001744.png,kenney_1-bit-pack/Tilesheet/monochrome.png,CC0-1.0
001745.png,kenney_1-bit-pack/Tilesheet/monochrome.png,CC0-1.0
001746.png,kenney_1-bit-pack/Tilesheet/monochrome.png,CC0-1.0
001747.png,kenney_1-bit-pack/Tilesheet/monochrome.png,CC0-1.0
001748.png,kenney_1-bit-pack/Tilesheet/monochrome.png,CC0-1.0
001749.png,kenney_1-bit-pack/Tilesheet/monochrome.png,CC0-1.0
001750.png,kenney_1-bit-pack/Tilesheet/monochrome.png,CC0-1.0
001751.png,kenney_1-bit-pack/Tilesheet/monochrome.png,CC0-1.0
001752.png,kenney_1-bit-pack/Tilesheet/monochrome.png,CC0-1.0
001753.png,kenney_1-bit-pack/Tilesheet/monochrome.png,CC0-1.0
001754.png,kenney_1-bit-pack/Tilesheet/monochrome.png,CC0-1.0
001755.png,kenney_1-bit-pack/Tilesheet/monochrome.png,CC0-1.0
001756.png,kenney_1-bit-pack/Tilesheet/monochrome.png,CC0-1.0
001757.png,kenney_1-bit-pack/Tilesheet/monochrome.png,CC0-1.0
001758.png,kenney_1-bit-pack/Tilesheet/monochrome.png,CC0-1.0
001759.png,kenney_1-bit-pack/Tilesheet/monochrome.png,CC0-1.0
001760.png,kenney_1-bit-pack/Tilesheet/monochrome.png,CC0-1.0
001761.png,kenney_1-bit-pack/Tilesheet/monochrome.png,CC0-1.0
001762.png,kenney_1-bit-pack/Tilesheet/monochrome.png,CC0-1.0
001763.png,kenney_1-bit-pack/Tilesheet/monochrome.png,CC0-1.0
001764.png,kenney_1-bit-pack/Tilesheet/monochrome.png,CC0-1.0
001765.png,kenney_1-bit-pack/Tilesheet/monochrome.png,CC0-1.0
001766.png,kenney_1-bit-pack/Tilesheet/monochrome.png,CC0-1.0
001767.png,kenney_1-bit-pack/Tilesheet/monochrome.png,CC0-1.0
001768.png,kenney_1-bit-pack/Tilesheet/monochrome.png,CC0-1.0
001769.png,kenney_1-bit-pack/Tilesheet/monochrome.png,CC0-1.0
001770.png,kenney_1-bit-pack/Tilesheet/monochrome.png,CC0-1.0
001771.png,kenney_1-bit-pack/Tilesheet/monochrome.png,CC0-1.0
001772.png,kenney_1-bit-pack/Tilesheet/monochrome.png,CC0-1.0
001773.png,kenney_1-bit-pack/Tilesheet/monochrome.png,CC0-1.0
001774.png,kenney_1-bit-pack/Tilesheet/monochrome.png,CC0-1.0
001775.png,kenney_1-bit-pack/Tilesheet/monochrome.png,CC0-1.0
001776.png,kenney_1-bit-pack/Tilesheet/monochrome.png,CC0-1.0
001777.png,kenney_1-bit-pack/Tilesheet/monochrome.png,CC0-1.0
001778.png,kenney_1-bit-pack/Tilesheet/monochrome.png,CC0-1.0
001779.png,kenney_1-bit-pack/Tilesheet/monochrome.png,CC0-1.0
001780.png,kenney_1-bit-pack/Tilesheet/monochrome.png,CC0-1.0
001781.png,kenney_1-bit-pack/Tilesheet/monochrome.png,CC0-1.0
001782.png,kenney_1-bit-pack/Tilesheet/monochrome.png,CC0-1.0
001783.png,kenney_1-bit-pack/Tilesheet/monochrome.png,CC0-1.0
001784.png,kenney_1-bit-pack/Tilesheet/monochrome.png,CC0-1.0
001785.png,kenney_1-bit-pack/Tilesheet/monochrome.png,CC0-1.0
001786.png,kenney_1-bit-pack/Tilesheet/monochrome.png,CC0-1.0
001787.png,kenney_1-bit-pack/Tilesheet/monochrome.png,CC0-1.0
001788.png,kenney_1-bit-pack/Tilesheet/monochrome.png,CC0-1.0
001789.png,kenney_1-bit-pack/Tilesheet/monochrome.png,CC0-1.0
001790.png,kenney_1-bit-pack/Tilesheet/monochrome.png,CC0-1.0
001791.png,kenney_1-bit-pack/Tilesheet/monochrome.png,CC0-1.0
001792.png,kenney_1-bit-pack/Tilesheet/monochrome.png,CC0-1.0
001793.png,kenney_1-bit-pack/Tilesheet/monochrome.png,CC0-1.0
001794.png,kenney_1-bit-pack/Tilesheet/monochrome.png,CC0-1.0
001795.png,kenney_1-bit-pack/Tilesheet/monochrome.png,CC0-1.0
001796.png,kenney_1-bit-pack/Tilesheet/monochrome.png,CC0-1.0
001797.png,kenney_1-bit-pack/Tilesheet/monochrome.png,CC0-1.0
001798.png,kenney_1-bit-pack/Tilesheet/monochrome.png,CC0-1.0
001799.png,kenney_1-bit-pack/Tilesheet/monochrome.png,CC0-1.0
001800.png,kenney_1-bit-pack/Tilesheet/monochrome.png,CC0-1.0
001801.png,kenney_1-bit-pack/Tilesheet/monochrome.png,CC0-1.0
001802.png,kenney_1-bit-pack/Tilesheet/monochrome.png,CC0-1.0
001803.png,kenney_1-bit-pack/Tilesheet/monochrome.png,CC0-1.0
001804.png,kenney_1-bit-pack/Tilesheet/monochrome.png,CC0-1.0
001805.png,kenney_1-bit-pack/Tilesheet/monochrome.png,CC0-1.0
001806.png,kenney_1-bit-pack/Tilesheet/monochrome.png,CC0-1.0
001807.png,kenney_1-bit-pack/Tilesheet/monochrome.png,CC0-1.0
001808.png,kenney_1-bit-pack/Tilesheet/monochrome.png,CC0-1.0
001809.png,kenney_1-bit-pack/Tilesheet/monochrome.png,CC0-1.0
001810.png,kenney_1-bit-pack/Tilesheet/monochrome.png,CC0-1.0
001811.png,kenney_1-bit-pack/Tilesheet/monochrome.png,CC0-1.0
001812.png,kenney_1-bit-pack/Tilesheet/monochrome.png,CC0-1.0
001813.png,kenney_1-bit-pack/Tilesheet/monochrome.png,CC0-1.0
001814.png,kenney_1-bit-pack/Tilesheet/monochrome.png,CC0-1.0
001815.png,kenney_1-bit-pack/Tilesheet/monochrome.png,CC0-1.0
001816.png,kenney_1-bit-pack/Tilesheet/monochrome.png,CC0-1.0
001817.png,kenney_1-bit-pack/Tilesheet/monochrome.png,CC0-1.0
001818.png,kenney_1-bit-pack/Tilesheet/monochrome.png,CC0-1.0
001819.png,kenney_1-bit-pack/Tilesheet/monochrome.png,CC0-1.0
001820.png,kenney_1-bit-pack/Tilesheet/monochrome.png,CC0-1.0
001821.png,kenney_1-bit-pack/Tilesheet/monochrome.png,CC0-1.0
001822.png,kenney_1-bit-pack/Tilesheet/monochrome.png,CC0-1.0
001823.png,kenney_1-bit-pack/Tilesheet/monochrome.png,CC0-1.0
001824.png,kenney_1-bit-pack/Tilesheet/monochrome.png,CC0-1.0
001825.png,kenney_1-bit-pack/Tilesheet/monochrome.png,CC0-1.0
001826.png,kenney_1-bit-pack/Tilesheet/monochrome.png,CC0-1.0
001827.png,kenney_1-bit-pack/Tilesheet/monochrome.png,CC0-1.0
001828.png,kenney_1-bit-pack/Tilesheet/monochrome.png,CC0-1.0
001829.png,kenney_1-bit-pack/Tilesheet/monochrome.png,CC0-1.0
001830.png,kenney_1-bit-pack/Tilesheet/monochrome.png,CC0-1.0
001831.png,kenney_1-bit-pack/Tilesheet/monochrome.png,CC0-1.0
001832.png,kenney_1-bit-pack/Tilesheet/monochrome.png,CC0-1.0
001833.png,kenney_1-bit-pack/Tilesheet/monochrome.png,CC0-1.0
001834.png,kenney_1-bit-pack/Tilesheet/monochrome.png,CC0-1.0
001835.png,kenney_1-bit-pack/Tilesheet/monochrome.png,CC0-1.0
001836.png,kenney_1-bit-pack/Tilesheet/monochrome.png,CC0-1.0
001837.png,kenney_1-bit-pack/Tilesheet/monochrome.png,CC0-1.0
001838.png,kenney_1-bit-pack/Tilesheet/monochrome.png,CC0-1.0
001839.png,kenney_1-bit-pack/Tilesheet/monochrome.png,CC0-1.0
001840.png,kenney_1-bit-pack/Tilesheet/monochrome.png,CC0-1.0
001841.png,kenney_1-bit-pack/Tilesheet/monochrome.png,CC0-1.0
001842.png,kenney_1-bit-pack/Tilesheet/monochrome.png,CC0-1.0
001843.png,kenney_1-bit-pack/Tilesheet/monochrome.png,CC0-1.0
001844.png,kenney_1-bit-pack/Tilesheet/monochrome.png,CC0-1.0
001845.png,kenney_1-bit-pack/Tilesheet/monochrome.png,CC0-1.0
001846.png,kenney_1-bit-pack/Tilesheet/monochrome.png,CC0-1.0
001847.png,kenney_1-bit-pack/Tilesheet/monochrome.png,CC0-1.0
001848.png,kenney_1-bit-pack/Tilesheet/monochrome.png,CC0-1.0
001849.png,kenney_1-bit-pack/Tilesheet/monochrome.png,CC0-1.0
001850.png,kenney_1-bit-pack/Tilesheet/monochrome.png,CC0-1.0
001851.png,kenney_1-bit-pack/Tilesheet/monochrome.png,CC0-1.0
001852.png,kenney_1-bit-pack/Tilesheet/monochrome.png,CC0-1.0
001853.png,kenney_1-bit-pack/Tilesheet/monochrome.png,CC0-1.0
001854.png,kenney_1-bit-pack/Tilesheet/monochrome.png,CC0-1.0
001855.png,kenney_1-bit-pack/Tilesheet/monochrome.png,CC0-1.0
001856.png,kenney_1-bit-pack/Tilesheet/monochrome.png,CC0-1.0
001857.png,kenney_1-bit-pack/Tilesheet/monochrome.png,CC0-1.0
001858.png,kenney_1-bit-pack/Tilesheet/monochrome.png,CC0-1.0
001859.png,kenney_1-bit-pack/Tilesheet/monochrome.png,CC0-1.0
001860.png,kenney_1-bit-pack/Tilesheet/monochrome.png,CC0-1.0
001861.png,kenney_1-bit-pack/Tilesheet/monochrome.png,CC0-1.0
001862.png,kenney_1-bit-pack/Tilesheet/monochrome.png,CC0-1.0
001863.png,kenney_1-bit-pack/Tilesheet/monochrome.png,CC0-1.0
001864.png,kenney_1-bit-pack/Tilesheet/monochrome.png,CC0-1.0
001865.png,kenney_1-bit-pack/Tilesheet/monochrome.png,CC0-1.0
001866.png,kenney_1-bit-pack/Tilesheet/monochrome.png,CC0-1.0
001867.png,kenney_1-bit-pack/Tilesheet/monochrome.png,CC0-1.0
001868.png,kenney_1-bit-pack/Tilesheet/monochrome.png,CC0-1.0
001869.png,kenney_1-bit-pack/Tilesheet/monochrome.png,CC0-1.0
001870.png,kenney_1-bit-pack/Tilesheet/monochrome.png,CC0-1.0
001871.png,kenney_1-bit-pack/Tilesheet/monochrome.png,CC0-1.0
001872.png,kenney_1-bit-pack/Tilesheet/monochrome.png,CC0-1.0
001873.png,kenney_1-bit-pack/Tilesheet/monochrome.png,CC0-1.0
001874.png,kenney_1-bit-pack/Tilesheet/monochrome.png,CC0-1.0
001875.png,kenney_1-bit-pack/Tilesheet/monochrome.png,CC0-1.0
001876.png,kenney_1-bit-pack/Tilesheet/monochrome.png,CC0-1.0
001877.png,kenney_1-bit-pack/Tilesheet/monochrome.png,CC0-1.0
001878.png,kenney_1-bit-pack/Tilesheet/monochrome.png,CC0-1.0
001879.png,kenney_1-bit-pack/Tilesheet/monochrome.png,CC0-1.0
001880.png,kenney_1-bit-pack/Tilesheet/monochrome.png,CC0-1.0
001881.png,kenney_1-bit-pack/Tilesheet/monochrome.png,CC0-1.0
001882.png,kenney_1-bit-pack/Tilesheet/monochrome.png,CC0-1.0
001883.png,kenney_1-bit-pack/Tilesheet/monochrome.png,CC0-1.0
001884.png,kenney_1-bit-pack/Tilesheet/monochrome.png,CC0-1.0
001885.png,kenney_1-bit-pack/Tilesheet/monochrome.png,CC0-1.0
001886.png,kenney_1-bit-pack/Tilesheet/monochrome.png,CC0-1.0
001887.png,kenney_1-bit-pack/Tilesheet/monochrome.png,CC0-1.0
001888.png,kenney_1-bit-pack/Tilesheet/monochrome.png,CC0-1.0
001889.png,kenney_1-bit-pack/Tilesheet/monochrome.png,CC0-1.0
001890.png,kenney_1-bit-pack/Tilesheet/monochrome.png,CC0-1.0
001891.png,kenney_1-bit-pack/Tilesheet/monochrome.png,CC0-1.0
001892.png,kenney_1-bit-pack/Tilesheet/monochrome.png,CC0-1.0
001893.png,kenney_1-bit-pack/Tilesheet/monochrome.png,CC0-1.0
001894.png,kenney_1-bit-pack/Tilesheet/monochrome.png,CC0-1.0
001895.png,kenney_1-bit-pack/Tilesheet/monochrome.png,CC0-1.0
001896.png,kenney_1-bit-pack/Tilesheet/monochrome.png,CC0-1.0
001897.png,kenney_1-bit-pack/Tilesheet/monochrome.png,CC0-1.0
001898.png,kenney_1-bit-pack/Tilesheet/monochrome.png,CC0-1.0
001899.png,kenney_1-bit-pack/Tilesheet/monochrome.png,CC0-1.0
001900.png,kenney_1-bit-pack/Tilesheet/monochrome.png,CC0-1.0
001901.png,kenney_1-bit-pack/Tilesheet/monochrome.png,CC0-1.0
001902.png,kenney_1-bit-pack/Tilesheet/monochrome.png,CC0-1.0
001903.png,kenney_1-bit-pack/Tilesheet/monochrome.png,CC0-1.0
001904.png,kenney_1-bit-pack/Tilesheet/monochrome.png,CC0-1.0
001905.png,kenney_1-bit-pack/Tilesheet/monochrome.png,CC0-1.0
001906.png,kenney_1-bit-pack/Tilesheet/monochrome.png,CC0-1.0
001907.png,kenney_1-bit-pack/Tilesheet/monochrome.png,CC0-1.0
001908.png,kenney_1-bit-pack/Tilesheet/monochrome.png,CC0-1.0
001909.png,kenney_1-bit-pack/Tilesheet/monochrome.png,CC0-1.0
001910.png,kenney_1-bit-pack/Tilesheet/monochrome.png,CC0-1.0
001911.png,kenney_1-bit-pack/Tilesheet/monochrome.png,CC0-1.0
001912.png,kenney_1-bit-pack/Tilesheet/monochrome.png,CC0-1.0
001913.png,kenney_1-bit-pack/Tilesheet/monochrome.png,CC0-1.0
001914.png,kenney_1-bit-pack/Tilesheet/monochrome.png,CC0-1.0
001915.png,kenney_1-bit-pack/Tilesheet/monochrome.png,CC0-1.0
001916.png,kenney_1-bit-pack/Tilesheet/monochrome.png,CC0-1.0
001917.png,kenney_1-bit-pack/Tilesheet/monochrome.png,CC0-1.0
001918.png,kenney_1-bit-pack/Tilesheet/monochrome.png,CC0-1.0
001919.png,kenney_1-bit-pack/Tilesheet/monochrome.png,CC0-1.0
001920.png,kenney_1-bit-pack/Tilesheet/monochrome.png,CC0-1.0
001921.png,kenney_1-bit-pack/Tilesheet/monochrome.png,CC0-1.0
001922.png,kenney_1-bit-pack/Tilesheet/monochrome.png,CC0-1.0
001923.png,kenney_1-bit-pack/Tilesheet/monochrome.png,CC0-1.0
001924.png,kenney_1-bit-pack/Tilesheet/monochrome.png,CC0-1.0
001925.png,kenney_1-bit-pack/Tilesheet/monochrome.png,CC0-1.0
001926.png,kenney_1-bit-pack/Tilesheet/monochrome.png,CC0-1.0
001927.png,kenney_1-bit-pack/Tilesheet/monochrome.png,CC0-1.0
001928.png,kenney_1-bit-pack/Tilesheet/monochrome.png,CC0-1.0
001929.png,kenney_1-bit-pack/Tilesheet/monochrome.png,CC0-1.0
001930.png,kenney_1-bit-pack/Tilesheet/monochrome.png,CC0-1.0
001931.png,kenney_1-bit-pack/Tilesheet/monochrome.png,CC0-1.0
001932.png,kenney_1-bit-pack/Tilesheet/monochrome.png,CC0-1.0
001933.png,kenney_1-bit-pack/Tilesheet/monochrome.png,CC0-1.0
001934.png,kenney_1-bit-pack/Tilesheet/monochrome.png,CC0-1.0
001935.png,kenney_1-bit-pack/Tilesheet/monochrome.png,CC0-1.0
001936.png,kenney_1-bit-pack/Tilesheet/monochrome.png,CC0-1.0
001937.png,kenney_1-bit-pack/Tilesheet/monochrome.png,CC0-1.0
001938.png,kenney_1-bit-pack/Tilesheet/monochrome.png,CC0-1.0
001939.png,kenney_1-bit-pack/Tilesheet/monochrome.png,CC0-1.0
001940.png,kenney_1-bit-pack/Tilesheet/monochrome.png,CC0-1.0
001941.png,kenney_1-bit-pack/Tilesheet/monochrome.png,CC0-1.0
001942.png,kenney_1-bit-pack/Tilesheet/monochrome.png,CC0-1.0
001943.png,kenney_1-bit-pack/Tilesheet/monochrome.png,CC0-1.0
001944.png,kenney_1-bit-pack/Tilesheet/monochrome.png,CC0-1.0
001945.png,kenney_1-bit-pack/Tilesheet/monochrome.png,CC0-1.0
001946.png,kenney_1-bit-pack/Tilesheet/monochrome.png,CC0-1.0
001947.png,kenney_1-bit-pack/Tilesheet/monochrome.png,CC0-1.0
001948.png,kenney_1-bit-pack/Tilesheet/monochrome.png,CC0-1.0
001949.png,kenney_1-bit-pack/Tilesheet/monochrome.png,CC0-1.0
001950.png,kenney_1-bit-pack/Tilesheet/monochrome.png,CC0-1.0
001951.png,kenney_1-bit-pack/Tilesheet/monochrome.png,CC0-1.0
001952.png,kenney_1-bit-pack/Tilesheet/monochrome.png,CC0-1.0
001953.png,kenney_1-bit-pack/Tilesheet/monochrome.png,CC0-1.0
001954.png,kenney_1-bit-pack/Tilesheet/monochrome.png,CC0-1.0
001955.png,kenney_1-bit-pack/Tilesheet/monochrome.png,CC0-1.0
001956.png,kenney_1-bit-pack/Tilesheet/monochrome.png,CC0-1.0
001957.png,kenney_1-bit-pack/Tilesheet/monochrome.png,CC0-1.0
001958.png,kenney_1-bit-pack/Tilesheet/monochrome.png,CC0-1.0
001959.png,kenney_1-bit-pack/Tilesheet/monochrome.png,CC0-1.0
001960.png,kenney_1-bit-pack/Tilesheet/monochrome.png,CC0-1.0
001961.png,kenney_1-bit-pack/Tilesheet/monochrome.png,CC0-1.0
001962.png,kenney_1-bit-pack/Tilesheet/monochrome.png,CC0-1.0
001963.png,kenney_1-bit-pack/Tilesheet/monochrome.png,CC0-1.0
001964.png,kenney_1-bit-pack/Tilesheet/monochrome.png,CC0-1.0
001965.png,kenney_1-bit-pack/Tilesheet/monochrome.png,CC0-1.0
001966.png,kenney_1-bit-pack/Tilesheet/monochrome.png,CC0-1.0
001967.png,kenney_1-bit-pack/Tilesheet/monochrome.png,CC0-1.0
001968.png,kenney_1-bit-pack/Tilesheet/monochrome.png,CC0-1.0
001969.png,kenney_1-bit-pack/Tilesheet/monochrome.png,CC0-1.0
001970.png,kenney_1-bit-pack/Tilesheet/monochrome.png,CC0-1.0
001971.png,kenney_1-bit-pack/Tilesheet/monochrome.png,CC0-1.0
001972.png,kenney_1-bit-pack/Tilesheet/monochrome.png,CC0-1.0
001973.png,kenney_1-bit-pack/Tilesheet/monochrome.png,CC0-1.0
001974.png,kenney_1-bit-pack/Tilesheet/monochrome.png,CC0-1.0
001975.png,kenney_1-bit-pack/Tilesheet/monochrome.png,CC0-1.0
001976.png,kenney_1-bit-pack/Tilesheet/monochrome.png,CC0-1.0
001977.png,kenney_1-bit-pack/Tilesheet/monochrome.png,CC0-1.0
001978.png,kenney_1-bit-pack/Tilesheet/monochrome.png,CC0-1.0
001979.png,kenney_1-bit-pack/Tilesheet/monochrome.png,CC0-1.0
001980.png,kenney_1-bit-pack/Tilesheet/monochrome.png,CC0-1.0
001981.png,kenney_1-bit-pack/Tilesheet/monochrome.png,CC0-1.0
001982.png,kenney_1-bit-pack/Tilesheet/monochrome.png,CC0-1.0
001983.png,kenney_1-bit-pack/Tilesheet/monochrome.png,CC0-1.0
001984.png,kenney_1-bit-pack/Tilesheet/monochrome.png,CC0-1.0
001985.png,kenney_1-bit-pack/Tilesheet/monochrome.png,CC0-1.0
001986.png,kenney_1-bit-pack/Tilesheet/monochrome.png,CC0-1.0
001987.png,kenney_1-bit-pack/Tilesheet/monochrome.png,CC0-1.0
001988.png,kenney_1-bit-pack/Tilesheet/monochrome.png,CC0-1.0
001989.png,kenney_1-bit-pack/Tilesheet/monochrome.png,CC0-1.0
001990.png,kenney_1-bit-pack/Tilesheet/monochrome.png,CC0-1.0
001991.png,kenney_1-bit-pack/Tilesheet/monochrome.png,CC0-1.0
001992.png,kenney_1-bit-pack/Tilesheet/monochrome.png,CC0-1.0
001993.png,kenney_1-bit-pack/Tilesheet/monochrome.png,CC0-1.0
001994.png,kenney_1-bit-pack/Tilesheet/monochrome.png,CC0-1.0
001995.png,kenney_1-bit-pack/Tilesheet/monochrome.png,CC0-1.0
001996.png,kenney_1-bit-pack/Tilesheet/monochrome.png,CC0-1.0
001997.png,kenney_1-bit-pack/Tilesheet/monochrome.png,CC0-1.0
001998.png,kenney_1-bit-pack/Tilesheet/monochrome.png,CC0-1.0
001999.png,kenney_1-bit-pack/Tilesheet/monochrome.png,CC0-1.0
002000.png,kenney_1-bit-pack/Tilesheet/monochrome.png,CC0-1.0
002001.png,kenney_1-bit-pack/Tilesheet/monochrome.png,CC0-1.0
002002.png,kenney_1-bit-pack/Tilesheet/monochrome.png,CC0-1.0
002003.png,kenney_1-bit-pack/Tilesheet/monochrome.png,CC0-1.0
002004.png,kenney_1-bit-pack/Tilesheet/monochrome.png,CC0-1.0
002005.png,kenney_1-bit-pack/Tilesheet/monochrome.png,CC0-1.0
002006.png,kenney_1-bit-pack/Tilesheet/monochrome.png,CC0-1.0
002007.png,kenney_1-bit-pack/Tilesheet/monochrome.png,CC0-1.0
002008.png,kenney_1-bit-pack/Tilesheet/monochrome.png,CC0-1.0
002009.png,kenney_1-bit-pack/Tilesheet/monochrome.png,CC0-1.0
002010.png,kenney_1-bit-pack/Tilesheet/monochrome.png,CC0-1.0
002011.png,kenney_1-bit-pack/Tilesheet/monochrome.png,CC0-1.0
002012.png,kenney_1-bit-pack/Tilesheet/monochrome.png,CC0-1.0
002013.png,kenney_1-bit-pack/Tilesheet/monochrome.png,CC0-1.0
002014.png,kenney_1-bit-pack/Tilesheet/monochrome.png,CC0-1.0
002015.png,kenney_1-bit-pack/Tilesheet/monochrome.png,CC0-1.0
002016.png,kenney_1-bit-pack/Tilesheet/monochrome.png,CC0-1.0
002017.png,kenney_1-bit-pack/Tilesheet/monochrome.png,CC0-1.0
002018.png,kenney_1-bit-pack/Tilesheet/monochrome.png,CC0-1.0
002019.png,kenney_1-bit-pack/Tilesheet/monochrome.png,CC0-1.0
002020.png,kenney_1-bit-pack/Tilesheet/monochrome.png,CC0-1.0
002021.png,kenney_1-bit-pack/Tilesheet/monochrome.png,CC0-1.0
002022.png,kenney_1-bit-pack/Tilesheet/monochrome.png,CC0-1.0
002023.png,kenney_1-bit-pack/Tilesheet/monochrome.png,CC0-1.0
002024.png,kenney_1-bit-pack/Tilesheet/monochrome.png,CC0-1.0
002025.png,kenney_1-bit-pack/Tilesheet/monochrome.png,CC0-1.0
002026.png,kenney_1-bit-pack/Tilesheet/monochrome.png,CC0-1.0
002027.png,kenney_1-bit-pack/Tilesheet/monochrome.png,CC0-1.0
002028.png,kenney_1-bit-pack/Tilesheet/monochrome.png,CC0-1.0
002029.png,kenney_1-bit-pack/Tilesheet/monochrome.png,CC0-1.0
002030.png,kenney_1-bit-pack/Tilesheet/monochrome.png,CC0-1.0
002031.png,kenney_1-bit-pack/Tilesheet/monochrome.png,CC0-1.0
002032.png,kenney_1-bit-pack/Tilesheet/monochrome.png,CC0-1.0
002033.png,kenney_1-bit-pack/Tilesheet/monochrome.png,CC0-1.0
002034.png,kenney_1-bit-pack/Tilesheet/monochrome.png,CC0-1.0
002035.png,kenney_1-bit-pack/Tilesheet/monochrome.png,CC0-1.0
002036.png,kenney_1-bit-pack/Tilesheet/monochrome.png,CC0-1.0
002037.png,kenney_1-bit-pack/Tilesheet/monochrome.png,CC0-1.0
002038.png,kenney_1-bit-pack/Tilesheet/monochrome.png,CC0-1.0
002039.png,kenney_1-bit-pack/Tilesheet/monochrome.png,CC0-1.0
002040.png,kenney_1-bit-pack/Tilesheet/monochrome.png,CC0-1.0
002041.png,kenney_1-bit-pack/Tilesheet/monochrome.png,CC0-1.0
002042.png,kenney_1-bit-pack/Tilesheet/monochrome.png,CC0-1.0
002043.png,kenney_1-bit-pack/Tilesheet/monochrome.png,CC0-1.0
002044.png,kenney_1-bit-pack/Tilesheet/monochrome.png,CC0-1.0
002045.png,kenney_1-bit-pack/Tilesheet/monochrome.png,CC0-1.0
002046.png,kenney_1-bit-pack/Tilesheet/monochrome.png,CC0-1.0
002047.png,kenney_1-bit-pack/Tilesheet/monochrome.png,CC0-1.0
002048.png,kenney_1-bit-pack/Tilesheet/monochrome.png,CC0-1.0
002049.png,kenney_1-bit-pack/Tilesheet/monochrome.png,CC0-1.0
002050.png,kenney_1-bit-pack/Tilesheet/monochrome.png,CC0-1.0
002051.png,kenney_1-bit-pack/Tilesheet/monochrome.png,CC0-1.0
002052.png,kenney_1-bit-pack/Tilesheet/monochrome.png,CC0-1.0
002053.png,kenney_1-bit-pack/Tilesheet/monochrome.png,CC0-1.0
002054.png,kenney_1-bit-pack/Tilesheet/monochrome.png,CC0-1.0
002055.png,kenney_1-bit-pack/Tilesheet/monochrome.png,CC0-1.0
002056.png,kenney_1-bit-pack/Tilesheet/monochrome.png,CC0-1.0
002057.png,kenney_1-bit-pack/Tilesheet/monochrome.png,CC0-1.0
002058.png,kenney_1-bit-pack/Tilesheet/monochrome.png,CC0-1.0
002059.png,kenney_1-bit-pack/Tilesheet/monochrome.png,CC0-1.0
002060.png,kenney_1-bit-pack/Tilesheet/monochrome.png,CC0-1.0
002061.png,kenney_1-bit-pack/Tilesheet/monochrome.png,CC0-1.0
002062.png,kenney_1-bit-pack/Tilesheet/monochrome.png,CC0-1.0
002063.png,kenney_1-bit-pack/Tilesheet/monochrome.png,CC0-1.0
002064.png,kenney_1-bit-pack/Tilesheet/monochrome.png,CC0-1.0
002065.png,kenney_1-bit-pack/Tilesheet/monochrome.png,CC0-1.0
002066.png,kenney_1-bit-pack/Tilesheet/monochrome.png,CC0-1.0
002067.png,kenney_1-bit-pack/Tilesheet/monochrome.png,CC0-1.0
002068.png,kenney_1-bit-pack/Tilesheet/monochrome.png,CC0-1.0
002069.png,kenney_1-bit-pack/Tilesheet/monochrome.png,CC0-1.0
002070.png,kenney_1-bit-pack/Tilesheet/monochrome.png,CC0-1.0
002071.png,kenney_1-bit-pack/Tilesheet/monochrome.png,CC0-1.0
002072.png,kenney_1-bit-pack/Tilesheet/monochrome.png,CC0-1.0
002073.png,kenney_1-bit-pack/Tilesheet/monochrome.png,CC0-1.0
002074.png,kenney_1-bit-pack/Tilesheet/monochrome.png,CC0-1.0
002075.png,kenney_1-bit-pack/Tilesheet/monochrome.png,CC0-1.0
002076.png,kenney_1-bit-pack/Tilesheet/monochrome.png,CC0-1.0
002077.png,kenney_1-bit-pack/Tilesheet/monochrome.png,CC0-1.0
002078.png,kenney_1-bit-pack/Tilesheet/monochrome.png,CC0-1.0
002079.png,kenney_1-bit-pack/Tilesheet/monochrome.png,CC0-1.0
002080.png,kenney_1-bit-pack/Tilesheet/monochrome.png,CC0-1.0
002081.png,kenney_1-bit-pack/Tilesheet/monochrome.png,CC0-1.0
002082.png,kenney_1-bit-pack/Tilesheet/monochrome.png,CC0-1.0
002083.png,kenney_1-bit-pack/Tilesheet/monochrome.png,CC0-1.0
002084.png,kenney_1-bit-pack/Tilesheet/monochrome.png,CC0-1.0
002085.png,kenney_1-bit-pack/Tilesheet/monochrome.png,CC0-1.0
002086.png,kenney_1-bit-pack/Tilesheet/monochrome.png,CC0-1.0
002087.png,kenney_1-bit-pack/Tilesheet/monochrome.png,CC0-1.0
002088.png,kenney_1-bit-pack/Tilesheet/monochrome.png,CC0-1.0
002089.png,kenney_1-bit-pack/Tilesheet/monochrome.png,CC0-1.0
002090.png,kenney_1-bit-pack/Tilesheet/monochrome.png,CC0-1.0
002091.png,kenney_1-bit-pack/Tilesheet/monochrome.png,CC0-1.0
002092.png,kenney_1-bit-pack/Tilesheet/monochrome.png,CC0-1.0
002093.png,kenney_1-bit-pack/Tilesheet/monochrome.png,CC0-1.0
002094.png,kenney_1-bit-pack/Tilesheet/monochrome.png,CC0-1.0
002095.png,kenney_1-bit-pack/Tilesheet/monochrome.png,CC0-1.0
002096.png,kenney_1-bit-pack/Tilesheet/monochrome.png,CC0-1.0
002097.png,kenney_1-bit-pack/Tilesheet/monochrome.png,CC0-1.0
002098.png,kenney_1-bit-pack/Tilesheet/monochrome.png,CC0-1.0
002099.png,kenney_1-bit-pack/Tilesheet/monochrome.png,CC0-1.0
002100.png,kenney_1-bit-pack/Tilesheet/monochrome.png,CC0-1.0
002101.png,kenney_1-bit-pack/Tilesheet/monochrome.png,CC0-1.0
002102.png,kenney_1-bit-pack/Tilesheet/monochrome.png,CC0-1.0
002103.png,kenney_1-bit-pack/Tilesheet/monochrome.png,CC0-1.0
002104.png,kenney_1-bit-pack/Tilesheet/monochrome.png,CC0-1.0
002105.png,kenney_1-bit-pack/Tilesheet/monochrome.png,CC0-1.0
002106.png,kenney_1-bit-pack/Tilesheet/monochrome.png,CC0-1.0
002107.png,kenney_1-bit-pack/Tilesheet/monochrome.png,CC0-1.0
002108.png,kenney_1-bit-pack/Tilesheet/monochrome.png,CC0-1.0
002109.png,kenney_1-bit-pack/Tilesheet/monochrome.png,CC0-1.0
002110.png,kenney_1-bit-pack/Tilesheet/monochrome.png,CC0-1.0
002111.png,kenney_1-bit-pack/Tilesheet/monochrome.png,CC0-1.0
002112.png,kenney_1-bit-pack/Tilesheet/monochrome.png,CC0-1.0
002113.png,kenney_1-bit-pack/Tilesheet/monochrome.png,CC0-1.0
002114.png,kenney_1-bit-pack/Tilesheet/monochrome.png,CC0-1.0
002115.png,kenney_1-bit-pack/Tilesheet/monochrome.png,CC0-1.0
002116.png,kenney_1-bit-pack/Tilesheet/monochrome.png,CC0-1.0
002117.png,kenney_1-bit-pack/Tilesheet/monochrome.png,CC0-1.0
002118.png,kenney_1-bit-pack/Tilesheet/monochrome.png,CC0-1.0
002119.png,kenney_1-bit-pack/Tilesheet/monochrome.png,CC0-1.0
002120.png,kenney_1-bit-pack/Tilesheet/monochrome.png,CC0-1.0
002121.png,kenney_1-bit-pack/Tilesheet/monochrome.png,CC0-1.0
002122.png,kenney_1-bit-pack/Tilesheet/monochrome.png,CC0-1.0
002123.png,kenney_1-bit-pack/Tilesheet/monochrome.png,CC0-1.0
002124.png,kenney_1-bit-pack/Tilesheet/monochrome.png,CC0-1.0
002125.png,kenney_1-bit-pack/Tilesheet/monochrome.png,CC0-1.0
002126.png,kenney_1-bit-pack/Tilesheet/monochrome.png,CC0-1.0
002127.png,kenney_1-bit-pack/Tilesheet/monochrome.png,CC0-1.0
002128.png,kenney_1-bit-pack/Tilesheet/monochrome.png,CC0-1.0
002129.png,kenney_1-bit-pack/Tilesheet/monochrome.png,CC0-1.0
002130.png,kenney_1-bit-pack/Tilesheet/monochrome.png,CC0-1.0
002131.png,kenney_1-bit-pack/Tilesheet/monochrome.png,CC0-1.0
002132.png,kenney_1-bit-pack/Tilesheet/monochrome.png,CC0-1.0
002133.png,kenney_1-bit-pack/Tilesheet/monochrome.png,CC0-1.0
002134.png,kenney_1-bit-pack/Tilesheet/monochrome.png,CC0-1.0
002135.png,kenney_1-bit-pack/Tilesheet/monochrome.png,CC0-1.0
002136.png,kenney_1-bit-pack/Tilesheet/monochrome.png,CC0-1.0
002137.png,kenney_1-bit-pack/Tilesheet/monochrome.png,CC0-1.0
002138.png,kenney_1-bit-pack/Tilesheet/monochrome.png,CC0-1.0
002139.png,kenney_1-bit-pack/Tilesheet/monochrome.png,CC0-1.0
002140.png,kenney_1-bit-pack/Tilesheet/monochrome.png,CC0-1.0
002141.png,kenney_1-bit-pack/Tilesheet/monochrome.png,CC0-1.0
002142.png,kenney_1-bit-pack/Tilesheet/monochrome.png,CC0-1.0
002143.png,kenney_1-bit-pack/Tilesheet/monochrome.png,CC0-1.0
002144.png,kenney_1-bit-pack/Tilesheet/monochrome.png,CC0-1.0
002145.png,kenney_1-bit-pack/Tilesheet/monochrome.png,CC0-1.0
002146.png,kenney_1-bit-pack/Tilesheet/monochrome.png,CC0-1.0
002147.png,kenney_1-bit-pack/Tilesheet/monochrome.png,CC0-1.0
002148.png,kenney_1-bit-pack/Tilesheet/monochrome.png,CC0-1.0
002149.png,kenney_1-bit-pack/Tilesheet/monochrome.png,CC0-1.0
002150.png,kenney_1-bit-pack/Tilesheet/monochrome.png,CC0-1.0
002151.png,kenney_1-bit-pack/Tilesheet/monochrome.png,CC0-1.0
002152.png,kenney_1-bit-pack/Tilesheet/monochrome.png,CC0-1.0
002153.png,kenney_1-bit-pack/Tilesheet/monochrome.png,CC0-1.0
002154.png,kenney_1-bit-pack/Tilesheet/monochrome.png,CC0-1.0
002155.png,kenney_1-bit-pack/Tilesheet/monochrome.png,CC0-1.0
002156.png,kenney_1-bit-pack/Tilesheet/monochrome.png,CC0-1.0
002157.png,kenney_1-bit-pack/Tilesheet/monochrome.png,CC0-1.0
002158.png,kenney_1-bit-pack/Tilesheet/monochrome.png,CC0-1.0
002159.png,kenney_1-bit-pack/Tilesheet/monochrome.png,CC0-1.0
002160.png,kenney_1-bit-pack/Tilesheet/monochrome.png,CC0-1.0
002161.png,kenney_1-bit-pack/Tilesheet/monochrome.png,CC0-1.0
002162.png,kenney_1-bit-pack/Tilesheet/monochrome.png,CC0-1.0
002163.png,kenney_1-bit-pack/Tilesheet/monochrome.png,CC0-1.0
002164.png,kenney_1-bit-pack/Tilesheet/monochrome.png,CC0-1.0
002165.png,kenney_1-bit-pack/Tilesheet/monochrome.png,CC0-1.0
002166.png,kenney_1-bit-pack/Tilesheet/monochrome.png,CC0-1.0
002167.png,kenney_1-bit-pack/Tilesheet/monochrome.png,CC0-1.0
002168.png,kenney_1-bit-pack/Tilesheet/monochrome.png,CC0-1.0
002169.png,kenney_1-bit-pack/Tilesheet/monochrome.png,CC0-1.0
002170.png,kenney_1-bit-pack/Tilesheet/monochrome.png,CC0-1.0
002171.png,kenney_1-bit-pack/Tilesheet/monochrome.png,CC0-1.0
002172.png,kenney_1-bit-pack/Tilesheet/monochrome.png,CC0-1.0
002173.png,kenney_1-bit-pack/Tilesheet/monochrome.png,CC0-1.0
002174.png,kenney_1-bit-pack/Tilesheet/monochrome.png,CC0-1.0
002175.png,kenney_1-bit-pack/Tilesheet/monochrome.png,CC0-1.0
002176.png,kenney_1-bit-pack/Tilesheet/monochrome.png,CC0-1.0
002177.png,kenney_1-bit-pack/Tilesheet/monochrome.png,CC0-1.0
002178.png,kenney_1-bit-pack/Tilesheet/monochrome.png,CC0-1.0
002179.png,kenney_1-bit-pack/Tilesheet/monochrome.png,CC0-1.0
002180.png,kenney_1-bit-pack/Tilesheet/monochrome.png,CC0-1.0
002181.png,kenney_1-bit-pack/Tilesheet/monochrome.png,CC0-1.0
002182.png,kenney_1-bit-pack/Tilesheet/monochrome.png,CC0-1.0
002183.png,kenney_1-bit-pack/Tilesheet/monochrome.png,CC0-1.0
002184.png,kenney_1-bit-pack/Tilesheet/monochrome.png,CC0-1.0
002185.png,kenney_1-bit-pack/Tilesheet/monochrome.png,CC0-1.0
002186.png,kenney_1-bit-pack/Tilesheet/monochrome.png,CC0-1.0
002187.png,kenney_1-bit-pack/Tilesheet/monochrome.png,CC0-1.0
002188.png,kenney_1-bit-pack/Tilesheet/monochrome.png,CC0-1.0
002189.png,kenney_1-bit-pack/Tilesheet/monochrome.png,CC0-1.0
002190.png,kenney_1-bit-pack/Tilesheet/monochrome.png,CC0-1.0
002191.png,kenney_1-bit-pack/Tilesheet/monochrome.png,CC0-1.0
002192.png,kenney_1-bit-pack/Tilesheet/monochrome.png,CC0-1.0
002193.png,kenney_1-bit-pack/Tilesheet/monochrome.png,CC0-1.0
002194.png,kenney_1-bit-pack/Tilesheet/monochrome.png,CC0-1.0
002195.png,kenney_1-bit-pack/Tilesheet/monochrome.png,CC0-1.0
002196.png,kenney_1-bit-pack/Tilesheet/monochrome.png,CC0-1.0
002197.png,kenney_1-bit-pack/Tilesheet/monochrome.png,CC0-1.0
002198.png,kenney_1-bit-pack/Tilesheet/monochrome.png,CC0-1.0
002199.png,kenney_1-bit-pack/Tilesheet/monochrome.png,CC0-1.0
002200.png,kenney_1-bit-pack/Tilesheet/monochrome.png,CC0-1.0
002201.png,kenney_1-bit-pack/Tilesheet/monochrome.png,CC0-1.0
002202.png,kenney_1-bit-pack/Tilesheet/monochrome.png,CC0-1.0
002203.png,kenney_1-bit-pack/Tilesheet/monochrome.png,CC0-1.0
002204.png,kenney_1-bit-pack/Tilesheet/monochrome.png,CC0-1.0
002205.png,kenney_1-bit-pack/Tilesheet/monochrome.png,CC0-1.0
002206.png,kenney_1-bit-pack/Tilesheet/monochrome.png,CC0-1.0
002207.png,kenney_1-bit-pack/Tilesheet/monochrome.png,CC0-1.0
002208.png,kenney_1-bit-pack/Tilesheet/monochrome.png,CC0-1.0
002209.png,kenney_1-bit-pack/Tilesheet/monochrome.png,CC0-1.0
002210.png,kenney_1-bit-pack/Tilesheet/monochrome.png,CC0-1.0
002211.png,kenney_1-bit-pack/Tilesheet/monochrome.png,CC0-1.0
002212.png,kenney_1-bit-pack/Tilesheet/monochrome.png,CC0-1.0
002213.png,kenney_1-bit-pack/Tilesheet/monochrome.png,CC0-1.0
002214.png,kenney_1-bit-pack/Tilesheet/monochrome.png,CC0-1.0
002215.png,kenney_1-bit-pack/Tilesheet/monochrome.png,CC0-1.0
002216.png,kenney_1-bit-pack/Tilesheet/monochrome.png,CC0-1.0
002217.png,kenney_1-bit-pack/Tilesheet/monochrome.png,CC0-1.0
002218.png,kenney_1-bit-pack/Tilesheet/monochrome.png,CC0-1.0
002219.png,kenney_1-bit-pack/Tilesheet/monochrome.png,CC0-1.0
002220.png,kenney_1-bit-pack/Tilesheet/monochrome.png,CC0-1.0
002221.png,kenney_1-bit-pack/Tilesheet/monochrome.png,CC0-1.0
002222.png,kenney_1-bit-pack/Tilesheet/monochrome.png,CC0-1.0
002223.png,kenney_1-bit-pack/Tilesheet/monochrome.png,CC0-1.0
002224.png,kenney_1-bit-pack/Tilesheet/monochrome.png,CC0-1.0
002225.png,kenney_1-bit-pack/Tilesheet/monochrome.png,CC0-1.0
002226.png,kenney_1-bit-pack/Tilesheet/monochrome.png,CC0-1.0
002227.png,kenney_1-bit-pack/Tilesheet/monochrome.png,CC0-1.0
002228.png,kenney_1-bit-pack/Tilesheet/monochrome.png,CC0-1.0
002229.png,kenney_1-bit-pack/Tilesheet/monochrome.png,CC0-1.0
002230.png,kenney_1-bit-pack/Tilesheet/monochrome.png,CC0-1.0
002231.png,kenney_1-bit-pack/Tilesheet/monochrome.png,CC0-1.0
002232.png,kenney_1-bit-pack/Tilesheet/monochrome.png,CC0-1.0
002233.png,kenney_1-bit-pack/Tilesheet/monochrome.png,CC0-1.0
002234.png,kenney_1-bit-pack/Tilesheet/monochrome.png,CC0-1.0
002235.png,kenney_1-bit-pack/Tilesheet/monochrome.png,CC0-1.0
002236.png,kenney_1-bit-pack/Tilesheet/monochrome.png,CC0-1.0
002237.png,kenney_1-bit-pack/Tilesheet/monochrome.png,CC0-1.0
002238.png,kenney_1-bit-pack/Tilesheet/monochrome.png,CC0-1.0
002239.png,kenney_1-bit-pack/Tilesheet/monochrome.png,CC0-1.0
002240.png,kenney_1-bit-pack/Tilesheet/monochrome.png,CC0-1.0
002241.png,kenney_1-bit-pack/Tilesheet/monochrome.png,CC0-1.0
002242.png,kenney_1-bit-pack/Tilesheet/monochrome.png,CC0-1.0
002243.png,kenney_1-bit-pack/Tilesheet/monochrome.png,CC0-1.0
002244.png,kenney_1-bit-pack/Tilesheet/monochrome.png,CC0-1.0
002245.png,kenney_1-bit-pack/Tilesheet/monochrome.png,CC0-1.0
002246.png,kenney_1-bit-pack/Tilesheet/monochrome.png,CC0-1.0
002247.png,kenney_1-bit-pack/Tilesheet/monochrome.png,CC0-1.0
002248.png,kenney_1-bit-pack/Tilesheet/monochrome.png,CC0-1.0
002249.png,kenney_1-bit-pack/Tilesheet/monochrome.png,CC0-1.0
002250.png,kenney_1-bit-pack/Tilesheet/monochrome.png,CC0-1.0
002251.png,kenney_1-bit-pack/Tilesheet/monochrome.png,CC0-1.0
002252.png,kenney_1-bit-pack/Tilesheet/monochrome.png,CC0-1.0
002253.png,kenney_1-bit-pack/Tilesheet/monochrome.png,CC0-1.0
002254.png,kenney_1-bit-pack/Tilesheet/monochrome.png,CC0-1.0
002255.png,kenney_1-bit-pack/Tilesheet/monochrome.png,CC0-1.0
002256.png,kenney_1-bit-pack/Tilesheet/monochrome.png,CC0-1.0
002257.png,kenney_1-bit-pack/Tilesheet/monochrome.png,CC0-1.0
002258.png,kenney_1-bit-pack/Tilesheet/monochrome.png,CC0-1.0
002259.png,kenney_1-bit-pack/Tilesheet/monochrome.png,CC0-1.0
002260.png,kenney_1-bit-pack/Tilesheet/monochrome.png,CC0-1.0
002261.png,kenney_1-bit-pack/Tilesheet/monochrome.png,CC0-1.0
002262.png,kenney_1-bit-pack/Tilesheet/monochrome.png,CC0-1.0
002263.png,kenney_1-bit-pack/Tilesheet/monochrome.png,CC0-1.0
002264.png,kenney_1-bit-pack/Tilesheet/monochrome.png,CC0-1.0
002265.png,kenney_1-bit-pack/Tilesheet/monochrome.png,CC0-1.0
002266.png,kenney_desert-shooter-pack/PNG/Enemies/Tilemap/tilemap.png,CC0-1.0
002267.png,kenney_desert-shooter-pack/PNG/Enemies/Tilemap/tilemap.png,CC0-1.0
002268.png,kenney_desert-shooter-pack/PNG/Enemies/Tilemap/tilemap.png,CC0-1.0
002269.png,kenney_desert-shooter-pack/PNG/Enemies/Tilemap/tilemap.png,CC0-1.0
002270.png,kenney_desert-shooter-pack/PNG/Enemies/Tilemap/tilemap.png,CC0-1.0
002271.png,kenney_desert-shooter-pack/PNG/Enemies/Tilemap/tilemap.png,CC0-1.0
002272.png,kenney_desert-shooter-pack/PNG/Enemies/Tilemap/tilemap.png,CC0-1.0
002273.png,kenney_desert-shooter-pack/PNG/Enemies/Tilemap/tilemap.png,CC0-1.0
002274.png,kenney_desert-shooter-pack/PNG/Enemies/Tilemap/tilemap.png,CC0-1.0
002275.png,kenney_desert-shooter-pack/PNG/Enemies/Tilemap/tilemap.png,CC0-1.0
002276.png,kenney_desert-shooter-pack/PNG/Enemies/Tilemap/tilemap.png,CC0-1.0
002277.png,kenney_desert-shooter-pack/PNG/Enemies/Tilemap/tilemap.png,CC0-1.0
002278.png,kenney_desert-shooter-pack/PNG/Enemies/Tilemap/tilemap.png,CC0-1.0
002279.png,kenney_desert-shooter-pack/PNG/Enemies/Tilemap/tilemap.png,CC0-1.0
002280.png,kenney_desert-shooter-pack/PNG/Enemies/Tilemap/tilemap.png,CC0-1.0
002281.png,kenney_desert-shooter-pack/PNG/Enemies/Tilemap/tilemap.png,CC0-1.0
002282.png,kenney_desert-shooter-pack/PNG/Enemies/Tilemap/tilemap_packed.png,CC0-1.0
002283.png,kenney_desert-shooter-pack/PNG/Interface/Tilemap/tilemap.png,CC0-1.0
002284.png,kenney_desert-shooter-pack/PNG/Interface/Tilemap/tilemap.png,CC0-1.0
002285.png,kenney_desert-shooter-pack/PNG/Interface/Tilemap/tilemap.png,CC0-1.0
002286.png,kenney_desert-shooter-pack/PNG/Interface/Tilemap/tilemap.png,CC0-1.0
002287.png,kenney_desert-shooter-pack/PNG/Interface/Tilemap/tilemap.png,CC0-1.0
002288.png,kenney_desert-shooter-pack/PNG/Interface/Tilemap/tilemap.png,CC0-1.0
002289.png,kenney_desert-shooter-pack/PNG/Interface/Tilemap/tilemap.png,CC0-1.0
002290.png,kenney_desert-shooter-pack/PNG/Interface/Tilemap/tilemap.png,CC0-1.0
002291.png,kenney_desert-shooter-pack/PNG/Interface/Tilemap/tilemap.png,CC0-1.0
002292.png,kenney_desert-shooter-pack/PNG/Interface/Tilemap/tilemap.png,CC0-1.0
002293.png,kenney_desert-shooter-pack/PNG/Interface/Tilemap/tilemap.png,CC0-1.0
002294.png,kenney_desert-shooter-pack/PNG/Interface/Tilemap/tilemap.png,CC0-1.0
002295.png,kenney_desert-shooter-pack/PNG/Interface/Tilemap/tilemap.png,CC0-1.0
002296.png,kenney_desert-shooter-pack/PNG/Interface/Tilemap/tilemap.png,CC0-1.0
002297.png,kenney_desert-shooter-pack/PNG/Interface/Tilemap/tilemap.png,CC0-1.0
002298.png,kenney_desert-shooter-pack/PNG/Interface/Tilemap/tilemap.png,CC0-1.0
002299.png,kenney_desert-shooter-pack/PNG/Interface/Tilemap/tilemap.png,CC0-1.0
002300.png,kenney_desert-shooter-pack/PNG/Interface/Tilemap/tilemap.png,CC0-1.0
002301.png,kenney_desert-shooter-pack/PNG/Interface/Tilemap/tilemap.png,CC0-1.0
002302.png,kenney_desert-shooter-pack/PNG/Interface/Tilemap/tilemap.png,CC0-1.0
002303.png,kenney_desert-shooter-pack/PNG/Interface/Tilemap/tilemap.png,CC0-1.0
002304.png,kenney_desert-shooter-pack/PNG/Interface/Tilemap/tilemap.png,CC0-1.0
002305.png,kenney_desert-shooter-pack/PNG/Interface/Tilemap/tilemap.png,CC0-1.0
002306.png,kenney_desert-shooter-pack/PNG/Interface/Tilemap/tilemap.png,CC0-1.0
002307.png,kenney_desert-shooter-pack/PNG/Interface/Tilemap/tilemap.png,CC0-1.0
002308.png,kenney_desert-shooter-pack/PNG/Interface/Tilemap/tilemap.png,CC0-1.0
002309.png,kenney_desert-shooter-pack/PNG/Interface/Tilemap/tilemap.png,CC0-1.0
002310.png,kenney_desert-shooter-pack/PNG/Interface/Tilemap/tilemap.png,CC0-1.0
002311.png,kenney_desert-shooter-pack/PNG/Interface/Tilemap/tilemap.png,CC0-1.0
002312.png,kenney_desert-shooter-pack/PNG/Interface/Tilemap/tilemap.png,CC0-1.0
002313.png,kenney_desert-shooter-pack/PNG/Interface/Tilemap/tilemap.png,CC0-1.0
002314.png,kenney_desert-shooter-pack/PNG/Interface/Tilemap/tilemap.png,CC0-1.0
002315.png,kenney_desert-shooter-pack/PNG/Interface/Tilemap/tilemap.png,CC0-1.0
002316.png,kenney_desert-shooter-pack/PNG/Interface/Tilemap/tilemap.png,CC0-1.0
002317.png,kenney_desert-shooter-pack/PNG/Interface/Tilemap/tilemap.png,CC0-1.0
002318.png,kenney_desert-shooter-pack/PNG/Interface/Tilemap/tilemap.png,CC0-1.0
002319.png,kenney_desert-shooter-pack/PNG/Interface/Tilemap/tilemap.png,CC0-1.0
002320.png,kenney_desert-shooter-pack/PNG/Interface/Tilemap/tilemap.png,CC0-1.0
002321.png,kenney_desert-shooter-pack/PNG/Interface/Tilemap/tilemap.png,CC0-1.0
002322.png,kenney_desert-shooter-pack/PNG/Interface/Tilemap/tilemap.png,CC0-1.0
002323.png,kenney_desert-shooter-pack/PNG/Interface/Tilemap/tilemap.png,CC0-1.0
002324.png,kenney_desert-shooter-pack/PNG/Interface/Tilemap/tilemap.png,CC0-1.0
002325.png,kenney_desert-shooter-pack/PNG/Interface/Tilemap/tilemap.png,CC0-1.0
002326.png,kenney_desert-shooter-pack/PNG/Interface/Tilemap/tilemap.png,CC0-1.0
002327.png,kenney_desert-shooter-pack/PNG/Interface/Tilemap/tilemap.png,CC0-1.0
002328.png,kenney_desert-shooter-pack/PNG/Interface/Tilemap/tilemap.png,CC0-1.0
002329.png,kenney_desert-shooter-pack/PNG/Interface/Tilemap/tilemap.png,CC0-1.0
002330.png,kenney_desert-shooter-pack/PNG/Interface/Tilemap/tilemap.png,CC0-1.0
002331.png,kenney_desert-shooter-pack/PNG/Interface/Tilemap/tilemap.png,CC0-1.0
002332.png,kenney_desert-shooter-pack/PNG/Interface/Tilemap/tilemap.png,CC0-1.0
002333.png,kenney_desert-shooter-pack/PNG/Interface/Tilemap/tilemap.png,CC0-1.0
002334.png,kenney_desert-shooter-pack/PNG/Interface/Tilemap/tilemap.png,CC0-1.0
002335.png,kenney_desert-shooter-pack/PNG/Interface/Tilemap/tilemap.png,CC0-1.0
002336.png,kenney_desert-shooter-pack/PNG/Interface/Tilemap/tilemap.png,CC0-1.0
002337.png,kenney_desert-shooter-pack/PNG/Interface/Tilemap/tilemap.png,CC0-1.0
002338.png,kenney_desert-shooter-pack/PNG/Interface/Tilemap/tilemap.png,CC0-1.0
002339.png,kenney_desert-shooter-pack/PNG/Interface/Tilemap/tilemap.png,CC0-1.0
002340.png,kenney_desert-shooter-pack/PNG/Interface/Tilemap/tilemap.png,CC0-1.0
002341.png,kenney_desert-shooter-pack/PNG/Interface/Tilemap/tilemap.png,CC0-1.0
002342.png,kenney_desert-shooter-pack/PNG/Interface/Tilemap/tilemap.png,CC0-1.0
002343.png,kenney_desert-shooter-pack/PNG/Interface/Tilemap/tilemap.png,CC0-1.0
002344.png,kenney_desert-shooter-pack/PNG/Interface/Tilemap/tilemap.png,CC0-1.0
002345.png,kenney_desert-shooter-pack/PNG/Interface/Tilemap/tilemap.png,CC0-1.0
002346.png,kenney_desert-shooter-pack/PNG/Interface/Tilemap/tilemap.png,CC0-1.0
002347.png,kenney_desert-shooter-pack/PNG/Interface/Tilemap/tilemap.png,CC0-1.0
002348.png,kenney_desert-shooter-pack/PNG/Interface/Tilemap/tilemap.png,CC0-1.0
002349.png,kenney_desert-shooter-pack/PNG/Interface/Tilemap/tilemap.png,CC0-1.0
002350.png,kenney_desert-shooter-pack/PNG/Interface/Tilemap/tilemap.png,CC0-1.0
002351.png,kenney_desert-shooter-pack/PNG/Interface/Tilemap/tilemap.png,CC0-1.0
002352.png,kenney_desert-shooter-pack/PNG/Interface/Tilemap/tilemap.png,CC0-1.0
002353.png,kenney_desert-shooter-pack/PNG/Interface/Tilemap/tilemap.png,CC0-1.0
002354.png,kenney_desert-shooter-pack/PNG/Interface/Tilemap/tilemap.png,CC0-1.0
002355.png,kenney_desert-shooter-pack/PNG/Interface/Tilemap/tilemap.png,CC0-1.0
002356.png,kenney_desert-shooter-pack/PNG/Interface/Tilemap/tilemap.png,CC0-1.0
002357.png,kenney_desert-shooter-pack/PNG/Interface/Tilemap/tilemap.png,CC0-1.0
002358.png,kenney_desert-shooter-pack/PNG/Interface/Tilemap/tilemap.png,CC0-1.0
002359.png,kenney_desert-shooter-pack/PNG/Interface/Tilemap/tilemap.png,CC0-1.0
002360.png,kenney_desert-shooter-pack/PNG/Interface/Tilemap/tilemap.png,CC0-1.0
002361.png,kenney_desert-shooter-pack/PNG/Interface/Tilemap/tilemap.png,CC0-1.0
002362.png,kenney_desert-shooter-pack/PNG/Interface/Tilemap/tilemap.png,CC0-1.0
002363.png,kenney_desert-shooter-pack/PNG/Interface/Tilemap/tilemap.png,CC0-1.0
002364.png,kenney_desert-shooter-pack/PNG/Interface/Tilemap/tilemap.png,CC0-1.0
002365.png,kenney_desert-shooter-pack/PNG/Interface/Tilemap/tilemap.png,CC0-1.0
002366.png,kenney_desert-shooter-pack/PNG/Interface/Tilemap/tilemap.png,CC0-1.0
002367.png,kenney_desert-shooter-pack/PNG/Interface/Tilemap/tilemap.png,CC0-1.0
002368.png,kenney_desert-shooter-pack/PNG/Interface/Tilemap/tilemap.png,CC0-1.0
002369.png,kenney_desert-shooter-pack/PNG/Interface/Tilemap/tilemap.png,CC0-1.0
002370.png,kenney_desert-shooter-pack/PNG/Interface/Tilemap/tilemap.png,CC0-1.0
002371.png,kenney_desert-shooter-pack/PNG/Interface/Tilemap/tilemap.png,CC0-1.0
002372.png,kenney_desert-shooter-pack/PNG/Interface/Tilemap/tilemap.png,CC0-1.0
002373.png,kenney_desert-shooter-pack/PNG/Interface/Tilemap/tilemap.png,CC0-1.0
002374.png,kenney_desert-shooter-pack/PNG/Interface/Tilemap/tilemap.png,CC0-1.0
002375.png,kenney_desert-shooter-pack/PNG/Interface/Tilemap/tilemap.png,CC0-1.0
002376.png,kenney_desert-shooter-pack/PNG/Interface/Tilemap/tilemap.png,CC0-1.0
002377.png,kenney_desert-shooter-pack/PNG/Interface/Tilemap/tilemap.png,CC0-1.0
002378.png,kenney_desert-shooter-pack/PNG/Interface/Tilemap/tilemap.png,CC0-1.0
002379.png,kenney_desert-shooter-pack/PNG/Interface/Tilemap/tilemap.png,CC0-1.0
002380.png,kenney_desert-shooter-pack/PNG/Interface/Tilemap/tilemap.png,CC0-1.0
002381.png,kenney_desert-shooter-pack/PNG/Interface/Tilemap/tilemap.png,CC0-1.0
002382.png,kenney_desert-shooter-pack/PNG/Interface/Tilemap/tilemap.png,CC0-1.0
002383.png,kenney_desert-shooter-pack/PNG/Interface/Tilemap/tilemap.png,CC0-1.0
002384.png,kenney_desert-shooter-pack/PNG/Interface/Tilemap/tilemap.png,CC0-1.0
002385.png,kenney_desert-shooter-pack/PNG/Interface/Tilemap/tilemap.png,CC0-1.0
002386.png,kenney_desert-shooter-pack/PNG/Interface/Tilemap/tilemap.png,CC0-1.0
002387.png,kenney_desert-shooter-pack/PNG/Interface/Tilemap/tilemap.png,CC0-1.0
002388.png,kenney_desert-shooter-pack/PNG/Interface/Tilemap/tilemap.png,CC0-1.0
002389.png,kenney_desert-shooter-pack/PNG/Interface/Tilemap/tilemap.png,CC0-1.0
002390.png,kenney_desert-shooter-pack/PNG/Interface/Tilemap/tilemap.png,CC0-1.0
002391.png,kenney_desert-shooter-pack/PNG/Interface/Tilemap/tilemap.png,CC0-1.0
002392.png,kenney_desert-shooter-pack/PNG/Interface/Tilemap/tilemap.png,CC0-1.0
002393.png,kenney_desert-shooter-pack/PNG/Interface/Tilemap/tilemap.png,CC0-1.0
002394.png,kenney_desert-shooter-pack/PNG/Interface/Tilemap/tilemap.png,CC0-1.0
002395.png,kenney_desert-shooter-pack/PNG/Interface/Tilemap/tilemap.png,CC0-1.0
002396.png,kenney_desert-shooter-pack/PNG/Interface/Tilemap/tilemap.png,CC0-1.0
002397.png,kenney_desert-shooter-pack/PNG/Interface/Tilemap/tilemap.png,CC0-1.0
002398.png,kenney_desert-shooter-pack/PNG/Interface/Tilemap/tilemap.png,CC0-1.0
002399.png,kenney_desert-shooter-pack/PNG/Interface/Tilemap/tilemap.png,CC0-1.0
002400.png,kenney_desert-shooter-pack/PNG/Interface/Tilemap/tilemap.png,CC0-1.0
002401.png,kenney_desert-shooter-pack/PNG/Interface/Tilemap/tilemap.png,CC0-1.0
002402.png,kenney_desert-shooter-pack/PNG/Interface/Tilemap/tilemap.png,CC0-1.0
002403.png,kenney_desert-shooter-pack/PNG/Interface/Tilemap/tilemap.png,CC0-1.0
002404.png,kenney_desert-shooter-pack/PNG/Interface/Tilemap/tilemap.png,CC0-1.0
002405.png,kenney_desert-shooter-pack/PNG/Interface/Tilemap/tilemap.png,CC0-1.0
002406.png,kenney_desert-shooter-pack/PNG/Interface/Tilemap/tilemap.png,CC0-1.0
002407.png,kenney_desert-shooter-pack/PNG/Interface/Tilemap/tilemap.png,CC0-1.0
002408.png,kenney_desert-shooter-pack/PNG/Interface/Tilemap/tilemap.png,CC0-1.0
002409.png,kenney_desert-shooter-pack/PNG/Interface/Tilemap/tilemap.png,CC0-1.0
002410.png,kenney_desert-shooter-pack/PNG/Interface/Tilemap/tilemap.png,CC0-1.0
002411.png,kenney_desert-shooter-pack/PNG/Interface/Tilemap/tilemap.png,CC0-1.0
002412.png,kenney_desert-shooter-pack/PNG/Interface/Tilemap/tilemap.png,CC0-1.0
002413.png,kenney_desert-shooter-pack/PNG/Interface/Tilemap/tilemap.png,CC0-1.0
002414.png,kenney_desert-shooter-pack/PNG/Interface/Tilemap/tilemap.png,CC0-1.0
002415.png,kenney_desert-shooter-pack/PNG/Interface/Tilemap/tilemap.png,CC0-1.0
002416.png,kenney_desert-shooter-pack/PNG/Interface/Tilemap/tilemap.png,CC0-1.0
002417.png,kenney_desert-shooter-pack/PNG/Interface/Tilemap/tilemap.png,CC0-1.0
002418.png,kenney_desert-shooter-pack/PNG/Interface/Tilemap/tilemap.png,CC0-1.0
002419.png,kenney_desert-shooter-pack/PNG/Interface/Tilemap/tilemap.png,CC0-1.0
002420.png,kenney_desert-shooter-pack/PNG/Interface/Tilemap/tilemap.png,CC0-1.0
002421.png,kenney_desert-shooter-pack/PNG/Interface/Tilemap/tilemap.png,CC0-1.0
002422.png,kenney_desert-shooter-pack/PNG/Interface/Tilemap/tilemap.png,CC0-1.0
002423.png,kenney_desert-shooter-pack/PNG/Interface/Tilemap/tilemap.png,CC0-1.0
002424.png,kenney_desert-shooter-pack/PNG/Interface/Tilemap/tilemap.png,CC0-1.0
002425.png,kenney_desert-shooter-pack/PNG/Interface/Tilemap/tilemap.png,CC0-1.0
002426.png,kenney_desert-shooter-pack/PNG/Interface/Tilemap/tilemap.png,CC0-1.0
002427.png,kenney_desert-shooter-pack/PNG/Interface/Tilemap/tilemap.png,CC0-1.0
002428.png,kenney_desert-shooter-pack/PNG/Interface/Tilemap/tilemap.png,CC0-1.0
002429.png,kenney_desert-shooter-pack/PNG/Interface/Tilemap/tilemap.png,CC0-1.0
002430.png,kenney_desert-shooter-pack/PNG/Interface/Tilemap/tilemap.png,CC0-1.0
002431.png,kenney_desert-shooter-pack/PNG/Interface/Tilemap/tilemap.png,CC0-1.0
002432.png,kenney_desert-shooter-pack/PNG/Interface/Tilemap/tilemap.png,CC0-1.0
002433.png,kenney_desert-shooter-pack/PNG/Interface/Tilemap/tilemap.png,CC0-1.0
002434.png,kenney_desert-shooter-pack/PNG/Interface/Tilemap/tilemap.png,CC0-1.0
002435.png,kenney_desert-shooter-pack/PNG/Interface/Tilemap/tilemap.png,CC0-1.0
002436.png,kenney_desert-shooter-pack/PNG/Interface/Tilemap/tilemap.png,CC0-1.0
002437.png,kenney_desert-shooter-pack/PNG/Interface/Tilemap/tilemap.png,CC0-1.0
002438.png,kenney_desert-shooter-pack/PNG/Interface/Tilemap/tilemap.png,CC0-1.0
002439.png,kenney_desert-shooter-pack/PNG/Interface/Tilemap/tilemap.png,CC0-1.0
002440.png,kenney_desert-shooter-pack/PNG/Interface/Tilemap/tilemap.png,CC0-1.0
002441.png,kenney_desert-shooter-pack/PNG/Interface/Tilemap/tilemap.png,CC0-1.0
002442.png,kenney_desert-shooter-pack/PNG/Interface/Tilemap/tilemap.png,CC0-1.0
002443.png,kenney_desert-shooter-pack/PNG/Interface/Tilemap/tilemap.png,CC0-1.0
002444.png,kenney_desert-shooter-pack/PNG/Interface/Tilemap/tilemap.png,CC0-1.0
002445.png,kenney_desert-shooter-pack/PNG/Interface/Tilemap/tilemap.png,CC0-1.0
002446.png,kenney_desert-shooter-pack/PNG/Interface/Tilemap/tilemap.png,CC0-1.0
002447.png,kenney_desert-shooter-pack/PNG/Interface/Tilemap/tilemap.png,CC0-1.0
002448.png,kenney_desert-shooter-pack/PNG/Interface/Tilemap/tilemap.png,CC0-1.0
002449.png,kenney_desert-shooter-pack/PNG/Interface/Tilemap/tilemap.png,CC0-1.0
002450.png,kenney_desert-shooter-pack/PNG/Interface/Tilemap/tilemap.png,CC0-1.0
002451.png,kenney_desert-shooter-pack/PNG/Interface/Tilemap/tilemap.png,CC0-1.0
002452.png,kenney_desert-shooter-pack/PNG/Interface/Tilemap/tilemap.png,CC0-1.0
002453.png,kenney_desert-shooter-pack/PNG/Interface/Tilemap/tilemap.png,CC0-1.0
002454.png,kenney_desert-shooter-pack/PNG/Interface/Tilemap/tilemap_packed.png,CC0-1.0
002455.png,kenney_desert-shooter-pack/PNG/Interface/Tilemap/tilemap_packed.png,CC0-1.0
002456.png,kenney_desert-shooter-pack/PNG/Interface/Tilemap/tilemap_packed.png,CC0-1.0
002457.png,kenney_desert-shooter-pack/PNG/Players/Tilemap/tilemap.png,CC0-1.0
002458.png,kenney_desert-shooter-pack/PNG/Players/Tilemap/tilemap.png,CC0-1.0
002459.png,kenney_desert-shooter-pack/PNG/Players/Tilemap/tilemap.png,CC0-1.0
002460.png,kenney_desert-shooter-pack/PNG/Players/Tilemap/tilemap.png,CC0-1.0
002461.png,kenney_desert-shooter-pack/PNG/Players/Tilemap/tilemap.png,CC0-1.0
002462.png,kenney_desert-shooter-pack/PNG/Players/Tilemap/tilemap.png,CC0-1.0
002463.png,kenney_desert-shooter-pack/PNG/Players/Tilemap/tilemap.png,CC0-1.0
002464.png,kenney_desert-shooter-pack/PNG/Players/Tilemap/tilemap.png,CC0-1.0
002465.png,kenney_desert-shooter-pack/PNG/Players/Tilemap/tilemap.png,CC0-1.0
002466.png,kenney_desert-shooter-pack/PNG/Players/Tilemap/tilemap.png,CC0-1.0
002467.png,kenney_desert-shooter-pack/PNG/Players/Tilemap/tilemap.png,CC0-1.0
002468.png,kenney_desert-shooter-pack/PNG/Players/Tilemap/tilemap.png,CC0-1.0
002469.png,kenney_desert-shooter-pack/PNG/Players/Tilemap/tilemap.png,CC0-1.0
002470.png,kenney_desert-shooter-pack/PNG/Players/Tilemap/tilemap.png,CC0-1.0
002471.png,kenney_desert-shooter-pack/PNG/Players/Tilemap/tilemap.png,CC0-1.0
002472.png,kenney_desert-shooter-pack/PNG/Players/Tilemap/tilemap.png,CC0-1.0
002473.png,kenney_desert-shooter-pack/PNG/Tiles/Tilemap/tilemap.png,CC0-1.0
002474.png,kenney_desert-shooter-pack/PNG/Tiles/Tilemap/tilemap.png,CC0-1.0
002475.png,kenney_desert-shooter-pack/PNG/Tiles/Tilemap/tilemap.png,CC0-1.0
002476.png,kenney_desert-shooter-pack/PNG/Tiles/Tilemap/tilemap.png,CC0-1.0
002477.png,kenney_desert-shooter-pack/PNG/Tiles/Tilemap/tilemap.png,CC0-1.0
002478.png,kenney_desert-shooter-pack/PNG/Tiles/Tilemap/tilemap.png,CC0-1.0
002479.png,kenney_desert-shooter-pack/PNG/Tiles/Tilemap/tilemap.png,CC0-1.0
002480.png,kenney_desert-shooter-pack/PNG/Tiles/Tilemap/tilemap.png,CC0-1.0
002481.png,kenney_desert-shooter-pack/PNG/Tiles/Tilemap/tilemap.png,CC0-1.0
002482.png,kenney_desert-shooter-pack/PNG/Tiles/Tilemap/tilemap.png,CC0-1.0
002483.png,kenney_desert-shooter-pack/PNG/Tiles/Tilemap/tilemap.png,CC0-1.0
002484.png,kenney_desert-shooter-pack/PNG/Tiles/Tilemap/tilemap.png,CC0-1.0
002485.png,kenney_desert-shooter-pack/PNG/Tiles/Tilemap/tilemap.png,CC0-1.0
002486.png,kenney_desert-shooter-pack/PNG/Tiles/Tilemap/tilemap.png,CC0-1.0
002487.png,kenney_desert-shooter-pack/PNG/Tiles/Tilemap/tilemap.png,CC0-1.0
002488.png,kenney_desert-shooter-pack/PNG/Tiles/Tilemap/tilemap.png,CC0-1.0
002489.png,kenney_desert-shooter-pack/PNG/Tiles/Tilemap/tilemap.png,CC0-1.0
002490.png,kenney_desert-shooter-pack/PNG/Tiles/Tilemap/tilemap.png,CC0-1.0
002491.png,kenney_desert-shooter-pack/PNG/Tiles/Tilemap/tilemap.png,CC0-1.0
002492.png,kenney_desert-shooter-pack/PNG/Tiles/Tilemap/tilemap.png,CC0-1.0
002493.png,kenney_desert-shooter-pack/PNG/Tiles/Tilemap/tilemap.png,CC0-1.0
002494.png,kenney_desert-shooter-pack/PNG/Tiles/Tilemap/tilemap.png,CC0-1.0
002495.png,kenney_desert-shooter-pack/PNG/Tiles/Tilemap/tilemap.png,CC0-1.0
002496.png,kenney_desert-shooter-pack/PNG/Tiles/Tilemap/tilemap.png,CC0-1.0
002497.png,kenney_desert-shooter-pack/PNG/Tiles/Tilemap/tilemap.png,CC0-1.0
002498.png,kenney_desert-shooter-pack/PNG/Tiles/Tilemap/tilemap.png,CC0-1.0
002499.png,kenney_desert-shooter-pack/PNG/Tiles/Tilemap/tilemap.png,CC0-1.0
002500.png,kenney_desert-shooter-pack/PNG/Tiles/Tilemap/tilemap.png,CC0-1.0
002501.png,kenney_desert-shooter-pack/PNG/Tiles/Tilemap/tilemap.png,CC0-1.0
002502.png,kenney_desert-shooter-pack/PNG/Tiles/Tilemap/tilemap.png,CC0-1.0
002503.png,kenney_desert-shooter-pack/PNG/Tiles/Tilemap/tilemap.png,CC0-1.0
002504.png,kenney_desert-shooter-pack/PNG/Tiles/Tilemap/tilemap.png,CC0-1.0
002505.png,kenney_desert-shooter-pack/PNG/Tiles/Tilemap/tilemap.png,CC0-1.0
002506.png,kenney_desert-shooter-pack/PNG/Tiles/Tilemap/tilemap.png,CC0-1.0
002507.png,kenney_desert-shooter-pack/PNG/Tiles/Tilemap/tilemap.png,CC0-1.0
002508.png,kenney_desert-shooter-pack/PNG/Tiles/Tilemap/tilemap.png,CC0-1.0
002509.png,kenney_desert-shooter-pack/PNG/Tiles/Tilemap/tilemap.png,CC0-1.0
002510.png,kenney_desert-shooter-pack/PNG/Tiles/Tilemap/tilemap.png,CC0-1.0
002511.png,kenney_desert-shooter-pack/PNG/Tiles/Tilemap/tilemap.png,CC0-1.0
002512.png,kenney_desert-shooter-pack/PNG/Tiles/Tilemap/tilemap.png,CC0-1.0
002513.png,kenney_desert-shooter-pack/PNG/Tiles/Tilemap/tilemap.png,CC0-1.0
002514.png,kenney_desert-shooter-pack/PNG/Tiles/Tilemap/tilemap.png,CC0-1.0
002515.png,kenney_desert-shooter-pack/PNG/Tiles/Tilemap/tilemap.png,CC0-1.0
002516.png,kenney_desert-shooter-pack/PNG/Tiles/Tilemap/tilemap.png,CC0-1.0
002517.png,kenney_desert-shooter-pack/PNG/Tiles/Tilemap/tilemap.png,CC0-1.0
002518.png,kenney_desert-shooter-pack/PNG/Tiles/Tilemap/tilemap.png,CC0-1.0
002519.png,kenney_desert-shooter-pack/PNG/Tiles/Tilemap/tilemap.png,CC0-1.0
002520.png,kenney_desert-shooter-pack/PNG/Tiles/Tilemap/tilemap.png,CC0-1.0
002521.png,kenney_desert-shooter-pack/PNG/Tiles/Tilemap/tilemap.png,CC0-1.0
002522.png,kenney_desert-shooter-pack/PNG/Tiles/Tilemap/tilemap.png,CC0-1.0
002523.png,kenney_desert-shooter-pack/PNG/Tiles/Tilemap/tilemap.png,CC0-1.0
002524.png,kenney_desert-shooter-pack/PNG/Tiles/Tilemap/tilemap.png,CC0-1.0
002525.png,kenney_desert-shooter-pack/PNG/Tiles/Tilemap/tilemap.png,CC0-1.0
002526.png,kenney_desert-shooter-pack/PNG/Tiles/Tilemap/tilemap.png,CC0-1.0
002527.png,kenney_desert-shooter-pack/PNG/Tiles/Tilemap/tilemap.png,CC0-1.0
002528.png,kenney_desert-shooter-pack/PNG/Tiles/Tilemap/tilemap.png,CC0-1.0
002529.png,kenney_desert-shooter-pack/PNG/Tiles/Tilemap/tilemap.png,CC0-1.0
002530.png,kenney_desert-shooter-pack/PNG/Tiles/Tilemap/tilemap.png,CC0-1.0
002531.png,kenney_desert-shooter-pack/PNG/Tiles/Tilemap/tilemap.png,CC0-1.0
002532.png,kenney_desert-shooter-pack/PNG/Tiles/Tilemap/tilemap.png,CC0-1.0
002533.png,kenney_desert-shooter-pack/PNG/Tiles/Tilemap/tilemap.png,CC0-1.0
002534.png,kenney_desert-shooter-pack/PNG/Tiles/Tilemap/tilemap.png,CC0-1.0
002535.png,kenney_desert-shooter-pack/PNG/Tiles/Tilemap/tilemap.png,CC0-1.0
002536.png,kenney_desert-shooter-pack/PNG/Tiles/Tilemap/tilemap.png,CC0-1.0
002537.png,kenney_desert-shooter-pack/PNG/Tiles/Tilemap/tilemap.png,CC0-1.0
002538.png,kenney_desert-shooter-pack/PNG/Tiles/Tilemap/tilemap.png,CC0-1.0
002539.png,kenney_desert-shooter-pack/PNG/Tiles/Tilemap/tilemap.png,CC0-1.0
002540.png,kenney_desert-shooter-pack/PNG/Tiles/Tilemap/tilemap.png,CC0-1.0
002541.png,kenney_desert-shooter-pack/PNG/Tiles/Tilemap/tilemap.png,CC0-1.0
002542.png,kenney_desert-shooter-pack/PNG/Tiles/Tilemap/tilemap.png,CC0-1.0
002543.png,kenney_desert-shooter-pack/PNG/Tiles/Tilemap/tilemap.png,CC0-1.0
002544.png,kenney_desert-shooter-pack/PNG/Tiles/Tilemap/tilemap.png,CC0-1.0
002545.png,kenney_desert-shooter-pack/PNG/Tiles/Tilemap/tilemap.png,CC0-1.0
002546.png,kenney_desert-shooter-pack/PNG/Tiles/Tilemap/tilemap.png,CC0-1.0
002547.png,kenney_desert-shooter-pack/PNG/Tiles/Tilemap/tilemap.png,CC0-1.0
002548.png,kenney_desert-shooter-pack/PNG/Tiles/Tilemap/tilemap.png,CC0-1.0
002549.png,kenney_desert-shooter-pack/PNG/Tiles/Tilemap/tilemap.png,CC0-1.0
002550.png,kenney_desert-shooter-pack/PNG/Tiles/Tilemap/tilemap.png,CC0-1.0
002551.png,kenney_desert-shooter-pack/PNG/Tiles/Tilemap/tilemap.png,CC0-1.0
002552.png,kenney_desert-shooter-pack/PNG/Tiles/Tilemap/tilemap.png,CC0-1.0
002553.png,kenney_desert-shooter-pack/PNG/Tiles/Tilemap/tilemap.png,CC0-1.0
002554.png,kenney_desert-shooter-pack/PNG/Tiles/Tilemap/tilemap.png,CC0-1.0
002555.png,kenney_desert-shooter-pack/PNG/Tiles/Tilemap/tilemap.png,CC0-1.0
002556.png,kenney_desert-shooter-pack/PNG/Tiles/Tilemap/tilemap.png,CC0-1.0
002557.png,kenney_desert-shooter-pack/PNG/Tiles/Tilemap/tilemap.png,CC0-1.0
002558.png,kenney_desert-shooter-pack/PNG/Tiles/Tilemap/tilemap.png,CC0-1.0
002559.png,kenney_desert-shooter-pack/PNG/Tiles/Tilemap/tilemap.png,CC0-1.0
002560.png,kenney_desert-shooter-pack/PNG/Tiles/Tilemap/tilemap.png,CC0-1.0
002561.png,kenney_desert-shooter-pack/PNG/Tiles/Tilemap/tilemap.png,CC0-1.0
002562.png,kenney_desert-shooter-pack/PNG/Tiles/Tilemap/tilemap.png,CC0-1.0
002563.png,kenney_desert-shooter-pack/PNG/Tiles/Tilemap/tilemap.png,CC0-1.0
002564.png,kenney_desert-shooter-pack/PNG/Tiles/Tilemap/tilemap.png,CC0-1.0
002565.png,kenney_desert-shooter-pack/PNG/Tiles/Tilemap/tilemap.png,CC0-1.0
002566.png,kenney_desert-shooter-pack/PNG/Tiles/Tilemap/tilemap.png,CC0-1.0
002567.png,kenney_desert-shooter-pack/PNG/Tiles/Tilemap/tilemap.png,CC0-1.0
002568.png,kenney_desert-shooter-pack/PNG/Tiles/Tilemap/tilemap.png,CC0-1.0
002569.png,kenney_desert-shooter-pack/PNG/Tiles/Tilemap/tilemap.png,CC0-1.0
002570.png,kenney_desert-shooter-pack/PNG/Tiles/Tilemap/tilemap.png,CC0-1.0
002571.png,kenney_desert-shooter-pack/PNG/Tiles/Tilemap/tilemap.png,CC0-1.0
002572.png,kenney_desert-shooter-pack/PNG/Tiles/Tilemap/tilemap.png,CC0-1.0
002573.png,kenney_desert-shooter-pack/PNG/Tiles/Tilemap/tilemap.png,CC0-1.0
002574.png,kenney_desert-shooter-pack/PNG/Tiles/Tilemap/tilemap.png,CC0-1.0
002575.png,kenney_desert-shooter-pack/PNG/Tiles/Tilemap/tilemap.png,CC0-1.0
002576.png,kenney_desert-shooter-pack/PNG/Tiles/Tilemap/tilemap.png,CC0-1.0
002577.png,kenney_desert-shooter-pack/PNG/Tiles/Tilemap/tilemap.png,CC0-1.0
002578.png,kenney_desert-shooter-pack/PNG/Tiles/Tilemap/tilemap.png,CC0-1.0
002579.png,kenney_desert-shooter-pack/PNG/Tiles/Tilemap/tilemap.png,CC0-1.0
002580.png,kenney_desert-shooter-pack/PNG/Tiles/Tilemap/tilemap.png,CC0-1.0
002581.png,kenney_desert-shooter-pack/PNG/Tiles/Tilemap/tilemap.png,CC0-1.0
002582.png,kenney_desert-shooter-pack/PNG/Tiles/Tilemap/tilemap.png,CC0-1.0
002583.png,kenney_desert-shooter-pack/PNG/Tiles/Tilemap/tilemap.png,CC0-1.0
002584.png,kenney_desert-shooter-pack/PNG/Tiles/Tilemap/tilemap.png,CC0-1.0
002585.png,kenney_desert-shooter-pack/PNG/Tiles/Tilemap/tilemap.png,CC0-1.0
002586.png,kenney_desert-shooter-pack/PNG/Tiles/Tilemap/tilemap.png,CC0-1.0
002587.png,kenney_desert-shooter-pack/PNG/Tiles/Tilemap/tilemap.png,CC0-1.0
002588.png,kenney_desert-shooter-pack/PNG/Tiles/Tilemap/tilemap.png,CC0-1.0
002589.png,kenney_desert-shooter-pack/PNG/Tiles/Tilemap/tilemap.png,CC0-1.0
002590.png,kenney_desert-shooter-pack/PNG/Tiles/Tilemap/tilemap.png,CC0-1.0
002591.png,kenney_desert-shooter-pack/PNG/Tiles/Tilemap/tilemap.png,CC0-1.0
002592.png,kenney_desert-shooter-pack/PNG/Tiles/Tilemap/tilemap.png,CC0-1.0
002593.png,kenney_desert-shooter-pack/PNG/Tiles/Tilemap/tilemap.png,CC0-1.0
002594.png,kenney_desert-shooter-pack/PNG/Tiles/Tilemap/tilemap.png,CC0-1.0
002595.png,kenney_desert-shooter-pack/PNG/Tiles/Tilemap/tilemap.png,CC0-1.0
002596.png,kenney_desert-shooter-pack/PNG/Tiles/Tilemap/tilemap.png,CC0-1.0
002597.png,kenney_desert-shooter-pack/PNG/Tiles/Tilemap/tilemap.png,CC0-1.0
002598.png,kenney_desert-shooter-pack/PNG/Tiles/Tilemap/tilemap.png,CC0-1.0
002599.png,kenney_desert-shooter-pack/PNG/Tiles/Tilemap/tilemap.png,CC0-1.0
002600.png,kenney_desert-shooter-pack/PNG/Tiles/Tilemap/tilemap.png,CC0-1.0
002601.png,kenney_desert-shooter-pack/PNG/Tiles/Tilemap/tilemap.png,CC0-1.0
002602.png,kenney_desert-shooter-pack/PNG/Tiles/Tilemap/tilemap.png,CC0-1.0
002603.png,kenney_desert-shooter-pack/PNG/Tiles/Tilemap/tilemap.png,CC0-1.0
002604.png,kenney_desert-shooter-pack/PNG/Tiles/Tilemap/tilemap.png,CC0-1.0
002605.png,kenney_desert-shooter-pack/PNG/Tiles/Tilemap/tilemap.png,CC0-1.0
002606.png,kenney_desert-shooter-pack/PNG/Tiles/Tilemap/tilemap.png,CC0-1.0
002607.png,kenney_desert-shooter-pack/PNG/Tiles/Tilemap/tilemap.png,CC0-1.0
002608.png,kenney_desert-shooter-pack/PNG/Tiles/Tilemap/tilemap.png,CC0-1.0
002609.png,kenney_desert-shooter-pack/PNG/Tiles/Tilemap/tilemap.png,CC0-1.0
002610.png,kenney_desert-shooter-pack/PNG/Tiles/Tilemap/tilemap.png,CC0-1.0
002611.png,kenney_desert-shooter-pack/PNG/Tiles/Tilemap/tilemap.png,CC0-1.0
002612.png,kenney_desert-shooter-pack/PNG/Tiles/Tilemap/tilemap.png,CC0-1.0
002613.png,kenney_desert-shooter-pack/PNG/Tiles/Tilemap/tilemap.png,CC0-1.0
002614.png,kenney_desert-shooter-pack/PNG/Tiles/Tilemap/tilemap.png,CC0-1.0
002615.png,kenney_desert-shooter-pack/PNG/Tiles/Tilemap/tilemap.png,CC0-1.0
002616.png,kenney_desert-shooter-pack/PNG/Tiles/Tilemap/tilemap.png,CC0-1.0
002617.png,kenney_desert-shooter-pack/PNG/Tiles/Tilemap/tilemap.png,CC0-1.0
002618.png,kenney_desert-shooter-pack/PNG/Tiles/Tilemap/tilemap.png,CC0-1.0
002619.png,kenney_desert-shooter-pack/PNG/Tiles/Tilemap/tilemap.png,CC0-1.0
002620.png,kenney_desert-shooter-pack/PNG/Tiles/Tilemap/tilemap.png,CC0-1.0
002621.png,kenney_desert-shooter-pack/PNG/Tiles/Tilemap/tilemap.png,CC0-1.0
002622.png,kenney_desert-shooter-pack/PNG/Tiles/Tilemap/tilemap.png,CC0-1.0
002623.png,kenney_desert-shooter-pack/PNG/Tiles/Tilemap/tilemap.png,CC0-1.0
002624.png,kenney_desert-shooter-pack/PNG/Tiles/Tilemap/tilemap.png,CC0-1.0
002625.png,kenney_desert-shooter-pack/PNG/Tiles/Tilemap/tilemap.png,CC0-1.0
002626.png,kenney_desert-shooter-pack/PNG/Tiles/Tilemap/tilemap.png,CC0-1.0
002627.png,kenney_desert-shooter-pack/PNG/Tiles/Tilemap/tilemap.png,CC0-1.0
002628.png,kenney_desert-shooter-pack/PNG/Tiles/Tilemap/tilemap.png,CC0-1.0
002629.png,kenney_desert-shooter-pack/PNG/Tiles/Tilemap/tilemap.png,CC0-1.0
002630.png,kenney_desert-shooter-pack/PNG/Tiles/Tilemap/tilemap.png,CC0-1.0
002631.png,kenney_desert-shooter-pack/PNG/Tiles/Tilemap/tilemap.png,CC0-1.0
002632.png,kenney_desert-shooter-pack/PNG/Tiles/Tilemap/tilemap.png,CC0-1.0
002633.png,kenney_desert-shooter-pack/PNG/Tiles/Tilemap/tilemap.png,CC0-1.0
002634.png,kenney_desert-shooter-pack/PNG/Tiles/Tilemap/tilemap.png,CC0-1.0
002635.png,kenney_desert-shooter-pack/PNG/Tiles/Tilemap/tilemap.png,CC0-1.0
002636.png,kenney_desert-shooter-pack/PNG/Tiles/Tilemap/tilemap.png,CC0-1.0
002637.png,kenney_desert-shooter-pack/PNG/Tiles/Tilemap/tilemap.png,CC0-1.0
002638.png,kenney_desert-shooter-pack/PNG/Tiles/Tilemap/tilemap.png,CC0-1.0
002639.png,kenney_desert-shooter-pack/PNG/Tiles/Tilemap/tilemap.png,CC0-1.0
002640.png,kenney_desert-shooter-pack/PNG/Tiles/Tilemap/tilemap.png,CC0-1.0
002641.png,kenney_desert-shooter-pack/PNG/Tiles/Tilemap/tilemap.png,CC0-1.0
002642.png,kenney_desert-shooter-pack/PNG/Tiles/Tilemap/tilemap.png,CC0-1.0
002643.png,kenney_desert-shooter-pack/PNG/Tiles/Tilemap/tilemap.png,CC0-1.0
002644.png,kenney_desert-shooter-pack/PNG/Tiles/Tilemap/tilemap.png,CC0-1.0
002645.png,kenney_desert-shooter-pack/PNG/Tiles/Tilemap/tilemap.png,CC0-1.0
002646.png,kenney_desert-shooter-pack/PNG/Tiles/Tilemap/tilemap.png,CC0-1.0
002647.png,kenney_desert-shooter-pack/PNG/Tiles/Tilemap/tilemap.png,CC0-1.0
002648.png,kenney_desert-shooter-pack/PNG/Tiles/Tilemap/tilemap.png,CC0-1.0
002649.png,kenney_desert-shooter-pack/PNG/Tiles/Tilemap/tilemap.png,CC0-1.0
002650.png,kenney_desert-shooter-pack/PNG/Tiles/Tilemap/tilemap.png,CC0-1.0
002651.png,kenney_desert-shooter-pack/PNG/Tiles/Tilemap/tilemap.png,CC0-1.0
002652.png,kenney_desert-shooter-pack/PNG/Tiles/Tilemap/tilemap.png,CC0-1.0
002653.png,kenney_desert-shooter-pack/PNG/Tiles/Tilemap/tilemap.png,CC0-1.0
002654.png,kenney_desert-shooter-pack/PNG/Tiles/Tilemap/tilemap.png,CC0-1.0
002655.png,kenney_desert-shooter-pack/PNG/Tiles/Tilemap/tilemap.png,CC0-1.0
002656.png,kenney_desert-shooter-pack/PNG/Tiles/Tilemap/tilemap.png,CC0-1.0
002657.png,kenney_desert-shooter-pack/PNG/Tiles/Tilemap/tilemap.png,CC0-1.0
002658.png,kenney_desert-shooter-pack/PNG/Tiles/Tilemap/tilemap.png,CC0-1.0
002659.png,kenney_desert-shooter-pack/PNG/Tiles/Tilemap/tilemap.png,CC0-1.0
002660.png,kenney_desert-shooter-pack/PNG/Tiles/Tilemap/tilemap.png,CC0-1.0
002661.png,kenney_desert-shooter-pack/PNG/Tiles/Tilemap/tilemap.png,CC0-1.0
002662.png,kenney_desert-shooter-pack/PNG/Tiles/Tilemap/tilemap.png,CC0-1.0
002663.png,kenney_desert-shooter-pack/PNG/Tiles/Tilemap/tilemap.png,CC0-1.0
002664.png,kenney_desert-shooter-pack/PNG/Tiles/Tilemap/tilemap.png,CC0-1.0
002665.png,kenney_desert-shooter-pack/PNG/Tiles/Tilemap/tilemap.png,CC0-1.0
002666.png,kenney_desert-shooter-pack/PNG/Tiles/Tilemap/tilemap.png,CC0-1.0
002667.png,kenney_desert-shooter-pack/PNG/Tiles/Tilemap/tilemap.png,CC0-1.0
002668.png,kenney_desert-shooter-pack/PNG/Tiles/Tilemap/tilemap.png,CC0-1.0
002669.png,kenney_desert-shooter-pack/PNG/Tiles/Tilemap/tilemap.png,CC0-1.0
002670.png,kenney_desert-shooter-pack/PNG/Tiles/Tilemap/tilemap.png,CC0-1.0
002671.png,kenney_desert-shooter-pack/PNG/Tiles/Tilemap/tilemap.png,CC0-1.0
002672.png,kenney_desert-shooter-pack/PNG/Tiles/Tilemap/tilemap.png,CC0-1.0
002673.png,kenney_desert-shooter-pack/PNG/Tiles/Tilemap/tilemap.png,CC0-1.0
002674.png,kenney_desert-shooter-pack/PNG/Tiles/Tilemap/tilemap.png,CC0-1.0
002675.png,kenney_desert-shooter-pack/PNG/Tiles/Tilemap/tilemap.png,CC0-1.0
002676.png,kenney_desert-shooter-pack/PNG/Tiles/Tilemap/tilemap.png,CC0-1.0
002677.png,kenney_desert-shooter-pack/PNG/Tiles/Tilemap/tilemap.png,CC0-1.0
002678.png,kenney_desert-shooter-pack/PNG/Tiles/Tilemap/tilemap.png,CC0-1.0
002679.png,kenney_desert-shooter-pack/PNG/Tiles/Tilemap/tilemap.png,CC0-1.0
002680.png,kenney_desert-shooter-pack/PNG/Tiles/Tilemap/tilemap.png,CC0-1.0
002681.png,kenney_desert-shooter-pack/PNG/Tiles/Tilemap/tilemap.png,CC0-1.0
002682.png,kenney_desert-shooter-pack/PNG/Tiles/Tilemap/tilemap.png,CC0-1.0
002683.png,kenney_desert-shooter-pack/PNG/Tiles/Tilemap/tilemap.png,CC0-1.0
002684.png,kenney_desert-shooter-pack/PNG/Tiles/Tilemap/tilemap.png,CC0-1.0
002685.png,kenney_desert-shooter-pack/PNG/Tiles/Tilemap/tilemap.png,CC0-1.0
002686.png,kenney_desert-shooter-pack/PNG/Tiles/Tilemap/tilemap.png,CC0-1.0
002687.png,kenney_desert-shooter-pack/PNG/Tiles/Tilemap/tilemap.png,CC0-1.0
002688.png,kenney_desert-shooter-pack/PNG/Tiles/Tilemap/tilemap.png,CC0-1.0
002689.png,kenney_desert-shooter-pack/PNG/Tiles/Tilemap/tilemap.png,CC0-1.0
002690.png,kenney_desert-shooter-pack/PNG/Tiles/Tilemap/tilemap.png,CC0-1.0
002691.png,kenney_desert-shooter-pack/PNG/Tiles/Tilemap/tilemap_packed.png,CC0-1.0
002692.png,kenney_desert-shooter-pack/PNG/Weapons/Tilemap/tilemap.png,CC0-1.0
002693.png,kenney_desert-shooter-pack/PNG/Weapons/Tilemap/tilemap.png,CC0-1.0
002694.png,kenney_desert-shooter-pack/PNG/Weapons/Tilemap/tilemap.png,CC0-1.0
002695.png,kenney_desert-shooter-pack/PNG/Weapons/Tilemap/tilemap.png,CC0-1.0
002696.png,kenney_desert-shooter-pack/PNG/Weapons/Tilemap/tilemap.png,CC0-1.0
002697.png,kenney_desert-shooter-pack/PNG/Weapons/Tilemap/tilemap.png,CC0-1.0
002698.png,kenney_desert-shooter-pack/PNG/Weapons/Tilemap/tilemap.png,CC0-1.0
002699.png,kenney_desert-shooter-pack/PNG/Weapons/Tilemap/tilemap.png,CC0-1.0
002700.png,kenney_desert-shooter-pack/PNG/Weapons/Tilemap/tilemap.png,CC0-1.0
002701.png,kenney_desert-shooter-pack/PNG/Weapons/Tilemap/tilemap.png,CC0-1.0
002702.png,kenney_desert-shooter-pack/PNG/Weapons/Tilemap/tilemap.png,CC0-1.0
002703.png,kenney_desert-shooter-pack/PNG/Weapons/Tilemap/tilemap.png,CC0-1.0
002704.png,kenney_desert-shooter-pack/PNG/Weapons/Tilemap/tilemap.png,CC0-1.0
002705.png,kenney_desert-shooter-pack/PNG/Weapons/Tilemap/tilemap.png,CC0-1.0
002706.png,kenney_desert-shooter-pack/PNG/Weapons/Tilemap/tilemap.png,CC0-1.0
002707.png,kenney_desert-shooter-pack/PNG/Weapons/Tilemap/tilemap.png,CC0-1.0
002708.png,kenney_desert-shooter-pack/PNG/Weapons/Tilemap/tilemap.png,CC0-1.0
002709.png,kenney_desert-shooter-pack/PNG/Weapons/Tilemap/tilemap.png,CC0-1.0
002710.png,kenney_desert-shooter-pack/PNG/Weapons/Tilemap/tilemap.png,CC0-1.0
002711.png,kenney_desert-shooter-pack/PNG/Weapons/Tilemap/tilemap.png,CC0-1.0
002712.png,kenney_desert-shooter-pack/PNG/Weapons/Tilemap/tilemap.png,CC0-1.0
002713.png,kenney_desert-shooter-pack/PNG/Weapons/Tilemap/tilemap.png,CC0-1.0
002714.png,kenney_desert-shooter-pack/PNG/Weapons/Tilemap/tilemap.png,CC0-1.0
002715.png,kenney_desert-shooter-pack/PNG/Weapons/Tilemap/tilemap.png,CC0-1.0
002716.png,kenney_desert-shooter-pack/PNG/Weapons/Tilemap/tilemap.png,CC0-1.0
002717.png,kenney_desert-shooter-pack/PNG/Weapons/Tilemap/tilemap.png,CC0-1.0
002718.png,kenney_desert-shooter-pack/PNG/Weapons/Tilemap/tilemap.png,CC0-1.0
002719.png,kenney_desert-shooter-pack/PNG/Weapons/Tilemap/tilemap.png,CC0-1.0
002720.png,kenney_desert-shooter-pack/PNG/Weapons/Tilemap/tilemap.png,CC0-1.0
002721.png,kenney_desert-shooter-pack/PNG/Weapons/Tilemap/tilemap.png,CC0-1.0
002722.png,kenney_desert-shooter-pack/PNG/Weapons/Tilemap/tilemap.png,CC0-1.0
002723.png,kenney_desert-shooter-pack/PNG/Weapons/Tilemap/tilemap.png,CC0-1.0
002724.png,kenney_desert-shooter-pack/PNG/Weapons/Tilemap/tilemap.png,CC0-1.0
002725.png,kenney_desert-shooter-pack/PNG/Weapons/Tilemap/tilemap.png,CC0-1.0
002726.png,kenney_desert-shooter-pack/PNG/Weapons/Tilemap/tilemap.png,CC0-1.0
002727.png,kenney_desert-shooter-pack/PNG/Weapons/Tilemap/tilemap.png,CC0-1.0
002728.png,kenney_micro-roguelike/Tilemap/colored_tilemap.png,CC0-1.0
002729.png,kenney_micro-roguelike/Tilemap/colored_tilemap.png,CC0-1.0
002730.png,kenney_micro-roguelike/Tilemap/colored_tilemap.png,CC0-1.0
002731.png,kenney_micro-roguelike/Tilemap/colored_tilemap.png,CC0-1.0
002732.png,kenney_micro-roguelike/Tilemap/colored_tilemap.png,CC0-1.0
002733.png,kenney_micro-roguelike/Tilemap/colored_tilemap.png,CC0-1.0
002734.png,kenney_micro-roguelike/Tilemap/colored_tilemap.png,CC0-1.0
002735.png,kenney_micro-roguelike/Tilemap/colored_tilemap.png,CC0-1.0
002736.png,kenney_micro-roguelike/Tilemap/colored_tilemap.png,CC0-1.0
002737.png,kenney_micro-roguelike/Tilemap/colored_tilemap.png,CC0-1.0
002738.png,kenney_micro-roguelike/Tilemap/colored_tilemap.png,CC0-1.0
002739.png,kenney_micro-roguelike/Tilemap/colored_tilemap.png,CC0-1.0
002740.png,kenney_micro-roguelike/Tilemap/colored_tilemap.png,CC0-1.0
002741.png,kenney_micro-roguelike/Tilemap/colored_tilemap.png,CC0-1.0
002742.png,kenney_micro-roguelike/Tilemap/colored_tilemap.png,CC0-1.0
002743.png,kenney_micro-roguelike/Tilemap/colored_tilemap.png,CC0-1.0
002744.png,kenney_micro-roguelike/Tilemap/colored_tilemap.png,CC0-1.0
002745.png,kenney_micro-roguelike/Tilemap/colored_tilemap.png,CC0-1.0
002746.png,kenney_micro-roguelike/Tilemap/colored_tilemap.png,CC0-1.0
002747.png,kenney_micro-roguelike/Tilemap/colored_tilemap.png,CC0-1.0
002748.png,kenney_micro-roguelike/Tilemap/colored_tilemap.png,CC0-1.0
002749.png,kenney_micro-roguelike/Tilemap/colored_tilemap.png,CC0-1.0
002750.png,kenney_micro-roguelike/Tilemap/colored_tilemap.png,CC0-1.0
002751.png,kenney_micro-roguelike/Tilemap/colored_tilemap.png,CC0-1.0
002752.png,kenney_micro-roguelike/Tilemap/colored_tilemap.png,CC0-1.0
002753.png,kenney_micro-roguelike/Tilemap/colored_tilemap.png,CC0-1.0
002754.png,kenney_micro-roguelike/Tilemap/colored_tilemap.png,CC0-1.0
002755.png,kenney_micro-roguelike/Tilemap/colored_tilemap.png,CC0-1.0
002756.png,kenney_micro-roguelike/Tilemap/colored_tilemap.png,CC0-1.0
002757.png,kenney_micro-roguelike/Tilemap/colored_tilemap.png,CC0-1.0
002758.png,kenney_micro-roguelike/Tilemap/colored_tilemap.png,CC0-1.0
002759.png,kenney_micro-roguelike/Tilemap/colored_tilemap.png,CC0-1.0
002760.png,kenney_micro-roguelike/Tilemap/colored_tilemap.png,CC0-1.0
002761.png,kenney_micro-roguelike/Tilemap/colored_tilemap.png,CC0-1.0
002762.png,kenney_micro-roguelike/Tilemap/colored_tilemap.png,CC0-1.0
002763.png,kenney_micro-roguelike/Tilemap/colored_tilemap.png,CC0-1.0
002764.png,kenney_micro-roguelike/Tilemap/colored_tilemap.png,CC0-1.0
002765.png,kenney_micro-roguelike/Tilemap/colored_tilemap.png,CC0-1.0
002766.png,kenney_micro-roguelike/Tilemap/colored_tilemap.png,CC0-1.0
002767.png,kenney_micro-roguelike/Tilemap/colored_tilemap.png,CC0-1.0
002768.png,kenney_micro-roguelike/Tilemap/colored_tilemap.png,CC0-1.0
002769.png,kenney_micro-roguelike/Tilemap/colored_tilemap.png,CC0-1.0
002770.png,kenney_micro-roguelike/Tilemap/colored_tilemap.png,CC0-1.0
002771.png,kenney_micro-roguelike/Tilemap/colored_tilemap.png,CC0-1.0
002772.png,kenney_micro-roguelike/Tilemap/colored_tilemap.png,CC0-1.0
002773.png,kenney_micro-roguelike/Tilemap/colored_tilemap.png,CC0-1.0
002774.png,kenney_micro-roguelike/Tilemap/colored_tilemap.png,CC0-1.0
002775.png,kenney_micro-roguelike/Tilemap/colored_tilemap.png,CC0-1.0
002776.png,kenney_micro-roguelike/Tilemap/colored_tilemap.png,CC0-1.0
002777.png,kenney_micro-roguelike/Tilemap/colored_tilemap.png,CC0-1.0
002778.png,kenney_micro-roguelike/Tilemap/colored_tilemap.png,CC0-1.0
002779.png,kenney_micro-roguelike/Tilemap/colored_tilemap.png,CC0-1.0
002780.png,kenney_micro-roguelike/Tilemap/colored_tilemap.png,CC0-1.0
002781.png,kenney_micro-roguelike/Tilemap/colored_tilemap.png,CC0-1.0
002782.png,kenney_micro-roguelike/Tilemap/colored_tilemap.png,CC0-1.0
002783.png,kenney_micro-roguelike/Tilemap/colored_tilemap.png,CC0-1.0
002784.png,kenney_micro-roguelike/Tilemap/colored_tilemap.png,CC0-1.0
002785.png,kenney_micro-roguelike/Tilemap/colored_tilemap.png,CC0-1.0
002786.png,kenney_micro-roguelike/Tilemap/colored_tilemap.png,CC0-1.0
002787.png,kenney_micro-roguelike/Tilemap/colored_tilemap.png,CC0-1.0
002788.png,kenney_micro-roguelike/Tilemap/colored_tilemap.png,CC0-1.0
002789.png,kenney_micro-roguelike/Tilemap/colored_tilemap.png,CC0-1.0
002790.png,kenney_micro-roguelike/Tilemap/colored_tilemap.png,CC0-1.0
002791.png,kenney_micro-roguelike/Tilemap/colored_tilemap.png,CC0-1.0
002792.png,kenney_micro-roguelike/Tilemap/colored_tilemap.png,CC0-1.0
002793.png,kenney_micro-roguelike/Tilemap/colored_tilemap.png,CC0-1.0
002794.png,kenney_micro-roguelike/Tilemap/colored_tilemap.png,CC0-1.0
002795.png,kenney_micro-roguelike/Tilemap/colored_tilemap.png,CC0-1.0
002796.png,kenney_micro-roguelike/Tilemap/colored_tilemap.png,CC0-1.0
002797.png,kenney_micro-roguelike/Tilemap/colored_tilemap.png,CC0-1.0
002798.png,kenney_micro-roguelike/Tilemap/colored_tilemap.png,CC0-1.0
002799.png,kenney_micro-roguelike/Tilemap/colored_tilemap.png,CC0-1.0
002800.png,kenney_micro-roguelike/Tilemap/colored_tilemap.png,CC0-1.0
002801.png,kenney_micro-roguelike/Tilemap/colored_tilemap.png,CC0-1.0
002802.png,kenney_micro-roguelike/Tilemap/colored_tilemap.png,CC0-1.0
002803.png,kenney_micro-roguelike/Tilemap/colored_tilemap.png,CC0-1.0
002804.png,kenney_micro-roguelike/Tilemap/colored_tilemap.png,CC0-1.0
002805.png,kenney_micro-roguelike/Tilemap/colored_tilemap.png,CC0-1.0
002806.png,kenney_micro-roguelike/Tilemap/colored_tilemap.png,CC0-1.0
002807.png,kenney_micro-roguelike/Tilemap/colored_tilemap.png,CC0-1.0
002808.png,kenney_micro-roguelike/Tilemap/colored_tilemap.png,CC0-1.0
002809.png,kenney_micro-roguelike/Tilemap/colored_tilemap.png,CC0-1.0
002810.png,kenney_micro-roguelike/Tilemap/colored_tilemap.png,CC0-1.0
002811.png,kenney_micro-roguelike/Tilemap/colored_tilemap.png,CC0-1.0
002812.png,kenney_micro-roguelike/Tilemap/colored_tilemap.png,CC0-1.0
002813.png,kenney_micro-roguelike/Tilemap/colored_tilemap.png,CC0-1.0
002814.png,kenney_micro-roguelike/Tilemap/colored_tilemap.png,CC0-1.0
002815.png,kenney_micro-roguelike/Tilemap/colored_tilemap.png,CC0-1.0
002816.png,kenney_micro-roguelike/Tilemap/colored_tilemap.png,CC0-1.0
002817.png,kenney_micro-roguelike/Tilemap/colored_tilemap.png,CC0-1.0
002818.png,kenney_micro-roguelike/Tilemap/colored_tilemap.png,CC0-1.0
002819.png,kenney_micro-roguelike/Tilemap/colored_tilemap.png,CC0-1.0
002820.png,kenney_micro-roguelike/Tilemap/colored_tilemap.png,CC0-1.0
002821.png,kenney_micro-roguelike/Tilemap/colored_tilemap.png,CC0-1.0
002822.png,kenney_micro-roguelike/Tilemap/colored_tilemap.png,CC0-1.0
002823.png,kenney_micro-roguelike/Tilemap/colored_tilemap.png,CC0-1.0
002824.png,kenney_micro-roguelike/Tilemap/colored_tilemap.png,CC0-1.0
002825.png,kenney_micro-roguelike/Tilemap/colored_tilemap.png,CC0-1.0
002826.png,kenney_micro-roguelike/Tilemap/colored_tilemap.png,CC0-1.0
002827.png,kenney_micro-roguelike/Tilemap/colored_tilemap.png,CC0-1.0
002828.png,kenney_micro-roguelike/Tilemap/colored_tilemap.png,CC0-1.0
002829.png,kenney_micro-roguelike/Tilemap/colored_tilemap.png,CC0-1.0
002830.png,kenney_micro-roguelike/Tilemap/colored_tilemap.png,CC0-1.0
002831.png,kenney_micro-roguelike/Tilemap/colored_tilemap.png,CC0-1.0
002832.png,kenney_micro-roguelike/Tilemap/colored_tilemap.png,CC0-1.0
002833.png,kenney_micro-roguelike/Tilemap/colored_tilemap.png,CC0-1.0
002834.png,kenney_micro-roguelike/Tilemap/colored_tilemap.png,CC0-1.0
002835.png,kenney_micro-roguelike/Tilemap/colored_tilemap.png,CC0-1.0
002836.png,kenney_micro-roguelike/Tilemap/colored_tilemap.png,CC0-1.0
002837.png,kenney_micro-roguelike/Tilemap/colored_tilemap.png,CC0-1.0
002838.png,kenney_micro-roguelike/Tilemap/colored_tilemap.png,CC0-1.0
002839.png,kenney_micro-roguelike/Tilemap/colored_tilemap.png,CC0-1.0
002840.png,kenney_micro-roguelike/Tilemap/colored_tilemap.png,CC0-1.0
002841.png,kenney_micro-roguelike/Tilemap/colored_tilemap.png,CC0-1.0
002842.png,kenney_micro-roguelike/Tilemap/colored_tilemap.png,CC0-1.0
002843.png,kenney_micro-roguelike/Tilemap/colored_tilemap.png,CC0-1.0
002844.png,kenney_micro-roguelike/Tilemap/colored_tilemap.png,CC0-1.0
002845.png,kenney_micro-roguelike/Tilemap/colored_tilemap.png,CC0-1.0
002846.png,kenney_micro-roguelike/Tilemap/colored_tilemap.png,CC0-1.0
002847.png,kenney_micro-roguelike/Tilemap/colored_tilemap.png,CC0-1.0
002848.png,kenney_micro-roguelike/Tilemap/colored_tilemap.png,CC0-1.0
002849.png,kenney_micro-roguelike/Tilemap/colored_tilemap.png,CC0-1.0
002850.png,kenney_micro-roguelike/Tilemap/colored_tilemap.png,CC0-1.0
002851.png,kenney_micro-roguelike/Tilemap/colored_tilemap.png,CC0-1.0
002852.png,kenney_micro-roguelike/Tilemap/colored_tilemap.png,CC0-1.0
002853.png,kenney_micro-roguelike/Tilemap/colored_tilemap.png,CC0-1.0
002854.png,kenney_micro-roguelike/Tilemap/colored_tilemap.png,CC0-1.0
002855.png,kenney_micro-roguelike/Tilemap/colored_tilemap.png,CC0-1.0
002856.png,kenney_micro-roguelike/Tilemap/colored_tilemap.png,CC0-1.0
002857.png,kenney_micro-roguelike/Tilemap/colored_tilemap.png,CC0-1.0
002858.png,kenney_micro-roguelike/Tilemap/colored_tilemap.png,CC0-1.0
002859.png,kenney_micro-roguelike/Tilemap/colored_tilemap.png,CC0-1.0
002860.png,kenney_micro-roguelike/Tilemap/colored_tilemap.png,CC0-1.0
002861.png,kenney_micro-roguelike/Tilemap/colored_tilemap.png,CC0-1.0
002862.png,kenney_micro-roguelike/Tilemap/colored_tilemap.png,CC0-1.0
002863.png,kenney_micro-roguelike/Tilemap/colored_tilemap.png,CC0-1.0
002864.png,kenney_micro-roguelike/Tilemap/colored_tilemap.png,CC0-1.0
002865.png,kenney_micro-roguelike/Tilemap/colored_tilemap.png,CC0-1.0
002866.png,kenney_micro-roguelike/Tilemap/colored_tilemap.png,CC0-1.0
002867.png,kenney_micro-roguelike/Tilemap/colored_tilemap.png,CC0-1.0
002868.png,kenney_micro-roguelike/Tilemap/colored_tilemap.png,CC0-1.0
002869.png,kenney_micro-roguelike/Tilemap/colored_tilemap.png,CC0-1.0
002870.png,kenney_micro-roguelike/Tilemap/colored_tilemap.png,CC0-1.0
002871.png,kenney_micro-roguelike/Tilemap/colored_tilemap.png,CC0-1.0
002872.png,kenney_micro-roguelike/Tilemap/colored_tilemap.png,CC0-1.0
002873.png,kenney_micro-roguelike/Tilemap/colored_tilemap.png,CC0-1.0
002874.png,kenney_micro-roguelike/Tilemap/colored_tilemap.png,CC0-1.0
002875.png,kenney_micro-roguelike/Tilemap/colored_tilemap.png,CC0-1.0
002876.png,kenney_micro-roguelike/Tilemap/colored_tilemap.png,CC0-1.0
002877.png,kenney_micro-roguelike/Tilemap/colored_tilemap.png,CC0-1.0
002878.png,kenney_micro-roguelike/Tilemap/colored_tilemap.png,CC0-1.0
002879.png,kenney_micro-roguelike/Tilemap/colored_tilemap.png,CC0-1.0
002880.png,kenney_micro-roguelike/Tilemap/colored_tilemap.png,CC0-1.0
002881.png,kenney_micro-roguelike/Tilemap/colored_tilemap.png,CC0-1.0
002882.png,kenney_micro-roguelike/Tilemap/colored_tilemap.png,CC0-1.0
002883.png,kenney_micro-roguelike/Tilemap/colored_tilemap.png,CC0-1.0
002884.png,kenney_micro-roguelike/Tilemap/colored_tilemap.png,CC0-1.0
002885.png,kenney_micro-roguelike/Tilemap/colored_tilemap.png,CC0-1.0
002886.png,kenney_micro-roguelike/Tilemap/colored_tilemap.png,CC0-1.0
002887.png,kenney_micro-roguelike/Tilemap/monochrome_tilemap.png,CC0-1.0
002888.png,kenney_micro-roguelike/Tilemap/monochrome_tilemap.png,CC0-1.0
002889.png,kenney_micro-roguelike/Tilemap/monochrome_tilemap.png,CC0-1.0
002890.png,kenney_micro-roguelike/Tilemap/monochrome_tilemap.png,CC0-1.0
002891.png,kenney_micro-roguelike/Tilemap/monochrome_tilemap.png,CC0-1.0
002892.png,kenney_micro-roguelike/Tilemap/monochrome_tilemap.png,CC0-1.0
002893.png,kenney_micro-roguelike/Tilemap/monochrome_tilemap.png,CC0-1.0
002894.png,kenney_micro-roguelike/Tilemap/monochrome_tilemap.png,CC0-1.0
002895.png,kenney_micro-roguelike/Tilemap/monochrome_tilemap.png,CC0-1.0
002896.png,kenney_micro-roguelike/Tilemap/monochrome_tilemap.png,CC0-1.0
002897.png,kenney_micro-roguelike/Tilemap/monochrome_tilemap.png,CC0-1.0
002898.png,kenney_micro-roguelike/Tilemap/monochrome_tilemap.png,CC0-1.0
002899.png,kenney_micro-roguelike/Tilemap/monochrome_tilemap.png,CC0-1.0
002900.png,kenney_micro-roguelike/Tilemap/monochrome_tilemap.png,CC0-1.0
002901.png,kenney_micro-roguelike/Tilemap/monochrome_tilemap.png,CC0-1.0
002902.png,kenney_micro-roguelike/Tilemap/monochrome_tilemap.png,CC0-1.0
002903.png,kenney_micro-roguelike/Tilemap/monochrome_tilemap.png,CC0-1.0
002904.png,kenney_micro-roguelike/Tilemap/monochrome_tilemap.png,CC0-1.0
002905.png,kenney_micro-roguelike/Tilemap/monochrome_tilemap.png,CC0-1.0
002906.png,kenney_micro-roguelike/Tilemap/monochrome_tilemap.png,CC0-1.0
002907.png,kenney_micro-roguelike/Tilemap/monochrome_tilemap.png,CC0-1.0
002908.png,kenney_micro-roguelike/Tilemap/monochrome_tilemap.png,CC0-1.0
002909.png,kenney_micro-roguelike/Tilemap/monochrome_tilemap.png,CC0-1.0
002910.png,kenney_micro-roguelike/Tilemap/monochrome_tilemap.png,CC0-1.0
002911.png,kenney_micro-roguelike/Tilemap/monochrome_tilemap.png,CC0-1.0
002912.png,kenney_micro-roguelike/Tilemap/monochrome_tilemap.png,CC0-1.0
002913.png,kenney_micro-roguelike/Tilemap/monochrome_tilemap.png,CC0-1.0
002914.png,kenney_micro-roguelike/Tilemap/monochrome_tilemap.png,CC0-1.0
002915.png,kenney_micro-roguelike/Tilemap/monochrome_tilemap.png,CC0-1.0
002916.png,kenney_micro-roguelike/Tilemap/monochrome_tilemap.png,CC0-1.0
002917.png,kenney_micro-roguelike/Tilemap/monochrome_tilemap.png,CC0-1.0
002918.png,kenney_micro-roguelike/Tilemap/monochrome_tilemap.png,CC0-1.0
002919.png,kenney_micro-roguelike/Tilemap/monochrome_tilemap.png,CC0-1.0
002920.png,kenney_micro-roguelike/Tilemap/monochrome_tilemap.png,CC0-1.0
002921.png,kenney_micro-roguelike/Tilemap/monochrome_tilemap.png,CC0-1.0
002922.png,kenney_micro-roguelike/Tilemap/monochrome_tilemap.png,CC0-1.0
002923.png,kenney_micro-roguelike/Tilemap/monochrome_tilemap.png,CC0-1.0
002924.png,kenney_micro-roguelike/Tilemap/monochrome_tilemap.png,CC0-1.0
002925.png,kenney_micro-roguelike/Tilemap/monochrome_tilemap.png,CC0-1.0
002926.png,kenney_micro-roguelike/Tilemap/monochrome_tilemap.png,CC0-1.0
002927.png,kenney_micro-roguelike/Tilemap/monochrome_tilemap.png,CC0-1.0
002928.png,kenney_micro-roguelike/Tilemap/monochrome_tilemap.png,CC0-1.0
002929.png,kenney_micro-roguelike/Tilemap/monochrome_tilemap.png,CC0-1.0
002930.png,kenney_micro-roguelike/Tilemap/monochrome_tilemap.png,CC0-1.0
002931.png,kenney_micro-roguelike/Tilemap/monochrome_tilemap.png,CC0-1.0
002932.png,kenney_micro-roguelike/Tilemap/monochrome_tilemap.png,CC0-1.0
002933.png,kenney_micro-roguelike/Tilemap/monochrome_tilemap.png,CC0-1.0
002934.png,kenney_micro-roguelike/Tilemap/monochrome_tilemap.png,CC0-1.0
002935.png,kenney_micro-roguelike/Tilemap/monochrome_tilemap.png,CC0-1.0
002936.png,kenney_micro-roguelike/Tilemap/monochrome_tilemap.png,CC0-1.0
002937.png,kenney_micro-roguelike/Tilemap/monochrome_tilemap.png,CC0-1.0
002938.png,kenney_micro-roguelike/Tilemap/monochrome_tilemap.png,CC0-1.0
002939.png,kenney_micro-roguelike/Tilemap/monochrome_tilemap.png,CC0-1.0
002940.png,kenney_micro-roguelike/Tilemap/monochrome_tilemap.png,CC0-1.0
002941.png,kenney_micro-roguelike/Tilemap/monochrome_tilemap.png,CC0-1.0
002942.png,kenney_micro-roguelike/Tilemap/monochrome_tilemap.png,CC0-1.0
002943.png,kenney_micro-roguelike/Tilemap/monochrome_tilemap.png,CC0-1.0
002944.png,kenney_micro-roguelike/Tilemap/monochrome_tilemap.png,CC0-1.0
002945.png,kenney_micro-roguelike/Tilemap/monochrome_tilemap.png,CC0-1.0
002946.png,kenney_micro-roguelike/Tilemap/monochrome_tilemap.png,CC0-1.0
002947.png,kenney_micro-roguelike/Tilemap/monochrome_tilemap.png,CC0-1.0
002948.png,kenney_micro-roguelike/Tilemap/monochrome_tilemap.png,CC0-1.0
002949.png,kenney_micro-roguelike/Tilemap/monochrome_tilemap.png,CC0-1.0
002950.png,kenney_micro-roguelike/Tilemap/monochrome_tilemap.png,CC0-1.0
002951.png,kenney_micro-roguelike/Tilemap/monochrome_tilemap.png,CC0-1.0
002952.png,kenney_micro-roguelike/Tilemap/monochrome_tilemap.png,CC0-1.0
002953.png,kenney_micro-roguelike/Tilemap/monochrome_tilemap.png,CC0-1.0
002954.png,kenney_micro-roguelike/Tilemap/monochrome_tilemap.png,CC0-1.0
002955.png,kenney_micro-roguelike/Tilemap/monochrome_tilemap.png,CC0-1.0
002956.png,kenney_micro-roguelike/Tilemap/monochrome_tilemap.png,CC0-1.0
002957.png,kenney_micro-roguelike/Tilemap/monochrome_tilemap.png,CC0-1.0
002958.png,kenney_micro-roguelike/Tilemap/monochrome_tilemap.png,CC0-1.0
002959.png,kenney_micro-roguelike/Tilemap/monochrome_tilemap.png,CC0-1.0
002960.png,kenney_micro-roguelike/Tilemap/monochrome_tilemap.png,CC0-1.0
002961.png,kenney_micro-roguelike/Tilemap/monochrome_tilemap.png,CC0-1.0
002962.png,kenney_micro-roguelike/Tilemap/monochrome_tilemap.png,CC0-1.0
002963.png,kenney_micro-roguelike/Tilemap/monochrome_tilemap.png,CC0-1.0
002964.png,kenney_micro-roguelike/Tilemap/monochrome_tilemap.png,CC0-1.0
002965.png,kenney_micro-roguelike/Tilemap/monochrome_tilemap.png,CC0-1.0
002966.png,kenney_micro-roguelike/Tilemap/monochrome_tilemap.png,CC0-1.0
002967.png,kenney_micro-roguelike/Tilemap/monochrome_tilemap.png,CC0-1.0
002968.png,kenney_micro-roguelike/Tilemap/monochrome_tilemap.png,CC0-1.0
002969.png,kenney_micro-roguelike/Tilemap/monochrome_tilemap.png,CC0-1.0
002970.png,kenney_micro-roguelike/Tilemap/monochrome_tilemap.png,CC0-1.0
002971.png,kenney_micro-roguelike/Tilemap/monochrome_tilemap.png,CC0-1.0
002972.png,kenney_micro-roguelike/Tilemap/monochrome_tilemap.png,CC0-1.0
002973.png,kenney_micro-roguelike/Tilemap/monochrome_tilemap.png,CC0-1.0
002974.png,kenney_micro-roguelike/Tilemap/monochrome_tilemap.png,CC0-1.0
002975.png,kenney_micro-roguelike/Tilemap/monochrome_tilemap.png,CC0-1.0
002976.png,kenney_micro-roguelike/Tilemap/monochrome_tilemap.png,CC0-1.0
002977.png,kenney_micro-roguelike/Tilemap/monochrome_tilemap.png,CC0-1.0
002978.png,kenney_micro-roguelike/Tilemap/monochrome_tilemap.png,CC0-1.0
002979.png,kenney_micro-roguelike/Tilemap/monochrome_tilemap.png,CC0-1.0
002980.png,kenney_micro-roguelike/Tilemap/monochrome_tilemap.png,CC0-1.0
002981.png,kenney_micro-roguelike/Tilemap/monochrome_tilemap.png,CC0-1.0
002982.png,kenney_micro-roguelike/Tilemap/monochrome_tilemap.png,CC0-1.0
002983.png,kenney_micro-roguelike/Tilemap/monochrome_tilemap.png,CC0-1.0
002984.png,kenney_micro-roguelike/Tilemap/monochrome_tilemap.png,CC0-1.0
002985.png,kenney_micro-roguelike/Tilemap/monochrome_tilemap.png,CC0-1.0
002986.png,kenney_micro-roguelike/Tilemap/monochrome_tilemap.png,CC0-1.0
002987.png,kenney_micro-roguelike/Tilemap/monochrome_tilemap.png,CC0-1.0
002988.png,kenney_micro-roguelike/Tilemap/monochrome_tilemap.png,CC0-1.0
002989.png,kenney_micro-roguelike/Tilemap/monochrome_tilemap.png,CC0-1.0
002990.png,kenney_micro-roguelike/Tilemap/monochrome_tilemap.png,CC0-1.0
002991.png,kenney_micro-roguelike/Tilemap/monochrome_tilemap.png,CC0-1.0
002992.png,kenney_micro-roguelike/Tilemap/monochrome_tilemap.png,CC0-1.0
002993.png,kenney_micro-roguelike/Tilemap/monochrome_tilemap.png,CC0-1.0
002994.png,kenney_micro-roguelike/Tilemap/monochrome_tilemap.png,CC0-1.0
002995.png,kenney_micro-roguelike/Tilemap/monochrome_tilemap.png,CC0-1.0
002996.png,kenney_micro-roguelike/Tilemap/monochrome_tilemap.png,CC0-1.0
002997.png,kenney_micro-roguelike/Tilemap/monochrome_tilemap.png,CC0-1.0
002998.png,kenney_micro-roguelike/Tilemap/monochrome_tilemap.png,CC0-1.0
002999.png,kenney_micro-roguelike/Tilemap/monochrome_tilemap.png,CC0-1.0
003000.png,kenney_micro-roguelike/Tilemap/monochrome_tilemap.png,CC0-1.0
003001.png,kenney_micro-roguelike/Tilemap/monochrome_tilemap.png,CC0-1.0
003002.png,kenney_micro-roguelike/Tilemap/monochrome_tilemap.png,CC0-1.0
003003.png,kenney_micro-roguelike/Tilemap/monochrome_tilemap.png,CC0-1.0
003004.png,kenney_micro-roguelike/Tilemap/monochrome_tilemap.png,CC0-1.0
003005.png,kenney_micro-roguelike/Tilemap/monochrome_tilemap.png,CC0-1.0
003006.png,kenney_micro-roguelike/Tilemap/monochrome_tilemap.png,CC0-1.0
003007.png,kenney_micro-roguelike/Tilemap/monochrome_tilemap.png,CC0-1.0
003008.png,kenney_micro-roguelike/Tilemap/monochrome_tilemap.png,CC0-1.0
003009.png,kenney_micro-roguelike/Tilemap/monochrome_tilemap.png,CC0-1.0
003010.png,kenney_micro-roguelike/Tilemap/monochrome_tilemap.png,CC0-1.0
003011.png,kenney_micro-roguelike/Tilemap/monochrome_tilemap.png,CC0-1.0
003012.png,kenney_micro-roguelike/Tilemap/monochrome_tilemap.png,CC0-1.0
003013.png,kenney_micro-roguelike/Tilemap/monochrome_tilemap.png,CC0-1.0
003014.png,kenney_micro-roguelike/Tilemap/monochrome_tilemap.png,CC0-1.0
003015.png,kenney_micro-roguelike/Tilemap/monochrome_tilemap.png,CC0-1.0
003016.png,kenney_micro-roguelike/Tilemap/monochrome_tilemap.png,CC0-1.0
003017.png,kenney_micro-roguelike/Tilemap/monochrome_tilemap.png,CC0-1.0
003018.png,kenney_micro-roguelike/Tilemap/monochrome_tilemap.png,CC0-1.0
003019.png,kenney_micro-roguelike/Tilemap/monochrome_tilemap.png,CC0-1.0
003020.png,kenney_micro-roguelike/Tilemap/monochrome_tilemap.png,CC0-1.0
003021.png,kenney_micro-roguelike/Tilemap/monochrome_tilemap.png,CC0-1.0
003022.png,kenney_micro-roguelike/Tilemap/monochrome_tilemap.png,CC0-1.0
003023.png,kenney_micro-roguelike/Tilemap/monochrome_tilemap.png,CC0-1.0
003024.png,kenney_micro-roguelike/Tilemap/monochrome_tilemap.png,CC0-1.0
003025.png,kenney_micro-roguelike/Tilemap/monochrome_tilemap.png,CC0-1.0
003026.png,kenney_micro-roguelike/Tilemap/monochrome_tilemap.png,CC0-1.0
003027.png,kenney_micro-roguelike/Tilemap/monochrome_tilemap.png,CC0-1.0
003028.png,kenney_micro-roguelike/Tilemap/monochrome_tilemap.png,CC0-1.0
003029.png,kenney_micro-roguelike/Tilemap/monochrome_tilemap.png,CC0-1.0
003030.png,kenney_micro-roguelike/Tilemap/monochrome_tilemap.png,CC0-1.0
003031.png,kenney_micro-roguelike/Tilemap/monochrome_tilemap.png,CC0-1.0
003032.png,kenney_micro-roguelike/Tilemap/monochrome_tilemap.png,CC0-1.0
003033.png,kenney_micro-roguelike/Tilemap/monochrome_tilemap.png,CC0-1.0
003034.png,kenney_micro-roguelike/Tilemap/monochrome_tilemap.png,CC0-1.0
003035.png,kenney_micro-roguelike/Tilemap/monochrome_tilemap.png,CC0-1.0
003036.png,kenney_micro-roguelike/Tilemap/monochrome_tilemap.png,CC0-1.0
003037.png,kenney_micro-roguelike/Tilemap/monochrome_tilemap.png,CC0-1.0
003038.png,kenney_micro-roguelike/Tilemap/monochrome_tilemap.png,CC0-1.0
003039.png,kenney_micro-roguelike/Tilemap/monochrome_tilemap.png,CC0-1.0
003040.png,kenney_micro-roguelike/Tilemap/monochrome_tilemap.png,CC0-1.0
003041.png,kenney_micro-roguelike/Tilemap/monochrome_tilemap.png,CC0-1.0
003042.png,kenney_micro-roguelike/Tilemap/monochrome_tilemap.png,CC0-1.0
003043.png,kenney_micro-roguelike/Tilemap/monochrome_tilemap.png,CC0-1.0
003044.png,kenney_micro-roguelike/Tilemap/monochrome_tilemap.png,CC0-1.0
003045.png,kenney_micro-roguelike/Tilemap/monochrome_tilemap.png,CC0-1.0
003046.png,kenney_monochrome-pirates/Default/Tilemap/tilemap.png,CC0-1.0
003047.png,kenney_monochrome-pirates/Default/Tilemap/tilemap.png,CC0-1.0
003048.png,kenney_monochrome-pirates/Default/Tilemap/tilemap.png,CC0-1.0
003049.png,kenney_monochrome-pirates/Default/Tilemap/tilemap.png,CC0-1.0
003050.png,kenney_monochrome-pirates/Default/Tilemap/tilemap.png,CC0-1.0
003051.png,kenney_monochrome-pirates/Default/Tilemap/tilemap.png,CC0-1.0
003052.png,kenney_monochrome-pirates/Default/Tilemap/tilemap.png,CC0-1.0
003053.png,kenney_monochrome-pirates/Default/Tilemap/tilemap.png,CC0-1.0
003054.png,kenney_monochrome-pirates/Default/Tilemap/tilemap.png,CC0-1.0
003055.png,kenney_monochrome-pirates/Default/Tilemap/tilemap.png,CC0-1.0
003056.png,kenney_monochrome-pirates/Default/Tilemap/tilemap.png,CC0-1.0
003057.png,kenney_monochrome-pirates/Default/Tilemap/tilemap.png,CC0-1.0
003058.png,kenney_monochrome-pirates/Default/Tilemap/tilemap.png,CC0-1.0
003059.png,kenney_monochrome-pirates/Default/Tilemap/tilemap.png,CC0-1.0
003060.png,kenney_monochrome-pirates/Default/Tilemap/tilemap.png,CC0-1.0
003061.png,kenney_monochrome-pirates/Default/Tilemap/tilemap.png,CC0-1.0
003062.png,kenney_monochrome-pirates/Default/Tilemap/tilemap.png,CC0-1.0
003063.png,kenney_monochrome-pirates/Default/Tilemap/tilemap.png,CC0-1.0
003064.png,kenney_monochrome-pirates/Default/Tilemap/tilemap.png,CC0-1.0
003065.png,kenney_monochrome-pirates/Default/Tilemap/tilemap.png,CC0-1.0
003066.png,kenney_monochrome-pirates/Default/Tilemap/tilemap.png,CC0-1.0
003067.png,kenney_monochrome-pirates/Default/Tilemap/tilemap.png,CC0-1.0
003068.png,kenney_monochrome-pirates/Default/Tilemap/tilemap.png,CC0-1.0
003069.png,kenney_monochrome-pirates/Default/Tilemap/tilemap.png,CC0-1.0
003070.png,kenney_monochrome-pirates/Default/Tilemap/tilemap.png,CC0-1.0
003071.png,kenney_monochrome-pirates/Default/Tilemap/tilemap.png,CC0-1.0
003072.png,kenney_monochrome-pirates/Default/Tilemap/tilemap.png,CC0-1.0
003073.png,kenney_monochrome-pirates/Default/Tilemap/tilemap.png,CC0-1.0
003074.png,kenney_monochrome-pirates/Default/Tilemap/tilemap.png,CC0-1.0
003075.png,kenney_monochrome-pirates/Default/Tilemap/tilemap.png,CC0-1.0
003076.png,kenney_monochrome-pirates/Default/Tilemap/tilemap.png,CC0-1.0
003077.png,kenney_monochrome-pirates/Default/Tilemap/tilemap.png,CC0-1.0
003078.png,kenney_monochrome-pirates/Default/Tilemap/tilemap.png,CC0-1.0
003079.png,kenney_monochrome-pirates/Default/Tilemap/tilemap.png,CC0-1.0
003080.png,kenney_monochrome-pirates/Default/Tilemap/tilemap.png,CC0-1.0
003081.png,kenney_monochrome-pirates/Default/Tilemap/tilemap.png,CC0-1.0
003082.png,kenney_monochrome-pirates/Default/Tilemap/tilemap.png,CC0-1.0
003083.png,kenney_monochrome-pirates/Default/Tilemap/tilemap.png,CC0-1.0
003084.png,kenney_monochrome-pirates/Default/Tilemap/tilemap.png,CC0-1.0
003085.png,kenney_monochrome-pirates/Default/Tilemap/tilemap.png,CC0-1.0
003086.png,kenney_monochrome-pirates/Default/Tilemap/tilemap.png,CC0-1.0
003087.png,kenney_monochrome-pirates/Default/Tilemap/tilemap.png,CC0-1.0
003088.png,kenney_monochrome-pirates/Default/Tilemap/tilemap.png,CC0-1.0
003089.png,kenney_monochrome-pirates/Default/Tilemap/tilemap.png,CC0-1.0
003090.png,kenney_monochrome-pirates/Default/Tilemap/tilemap.png,CC0-1.0
003091.png,kenney_monochrome-pirates/Default/Tilemap/tilemap.png,CC0-1.0
003092.png,kenney_monochrome-pirates/Default/Tilemap/tilemap.png,CC0-1.0
003093.png,kenney_monochrome-pirates/Default/Tilemap/tilemap.png,CC0-1.0
003094.png,kenney_monochrome-pirates/Default/Tilemap/tilemap.png,CC0-1.0
003095.png,kenney_monochrome-pirates/Default/Tilemap/tilemap.png,CC0-1.0
003096.png,kenney_monochrome-pirates/Default/Tilemap/tilemap.png,CC0-1.0
003097.png,kenney_monochrome-pirates/Default/Tilemap/tilemap.png,CC0-1.0
003098.png,kenney_monochrome-pirates/Default/Tilemap/tilemap.png,CC0-1.0
003099.png,kenney_monochrome-pirates/Default/Tilemap/tilemap.png,CC0-1.0
003100.png,kenney_monochrome-pirates/Default/Tilemap/tilemap.png,CC0-1.0
003101.png,kenney_monochrome-pirates/Default/Tilemap/tilemap.png,CC0-1.0
003102.png,kenney_monochrome-pirates/Default/Tilemap/tilemap.png,CC0-1.0
003103.png,kenney_monochrome-pirates/Default/Tilemap/tilemap.png,CC0-1.0
003104.png,kenney_monochrome-pirates/Default/Tilemap/tilemap.png,CC0-1.0
003105.png,kenney_monochrome-pirates/Default/Tilemap/tilemap.png,CC0-1.0
003106.png,kenney_monochrome-pirates/Default/Tilemap/tilemap.png,CC0-1.0
003107.png,kenney_monochrome-pirates/Default/Tilemap/tilemap.png,CC0-1.0
003108.png,kenney_monochrome-pirates/Default/Tilemap/tilemap.png,CC0-1.0
003109.png,kenney_monochrome-pirates/Default/Tilemap/tilemap.png,CC0-1.0
003110.png,kenney_monochrome-pirates/Default/Tilemap/tilemap.png,CC0-1.0
003111.png,kenney_monochrome-pirates/Default/Tilemap/tilemap.png,CC0-1.0
003112.png,kenney_monochrome-pirates/Default/Tilemap/tilemap.png,CC0-1.0
003113.png,kenney_monochrome-pirates/Default/Tilemap/tilemap.png,CC0-1.0
003114.png,kenney_monochrome-pirates/Default/Tilemap/tilemap.png,CC0-1.0
003115.png,kenney_monochrome-pirates/Default/Tilemap/tilemap.png,CC0-1.0
003116.png,kenney_monochrome-pirates/Default/Tilemap/tilemap.png,CC0-1.0
003117.png,kenney_monochrome-pirates/Default/Tilemap/tilemap.png,CC0-1.0
003118.png,kenney_monochrome-pirates/Default/Tilemap/tilemap.png,CC0-1.0
003119.png,kenney_monochrome-pirates/Default/Tilemap/tilemap.png,CC0-1.0
003120.png,kenney_monochrome-pirates/Default/Tilemap/tilemap.png,CC0-1.0
003121.png,kenney_monochrome-pirates/Default/Tilemap/tilemap.png,CC0-1.0
003122.png,kenney_monochrome-pirates/Default/Tilemap/tilemap.png,CC0-1.0
003123.png,kenney_monochrome-pirates/Default/Tilemap/tilemap.png,CC0-1.0
003124.png,kenney_monochrome-pirates/Default/Tilemap/tilemap.png,CC0-1.0
003125.png,kenney_monochrome-pirates/Default/Tilemap/tilemap.png,CC0-1.0
003126.png,kenney_monochrome-pirates/Default/Tilemap/tilemap.png,CC0-1.0
003127.png,kenney_monochrome-pirates/Default/Tilemap/tilemap.png,CC0-1.0
003128.png,kenney_monochrome-pirates/Default/Tilemap/tilemap.png,CC0-1.0
003129.png,kenney_monochrome-pirates/Default/Tilemap/tilemap.png,CC0-1.0
003130.png,kenney_monochrome-pirates/Default/Tilemap/tilemap.png,CC0-1.0
003131.png,kenney_monochrome-pirates/Default/Tilemap/tilemap.png,CC0-1.0
003132.png,kenney_monochrome-pirates/Default/Tilemap/tilemap.png,CC0-1.0
003133.png,kenney_monochrome-pirates/Default/Tilemap/tilemap.png,CC0-1.0
003134.png,kenney_monochrome-pirates/Default/Tilemap/tilemap.png,CC0-1.0
003135.png,kenney_monochrome-pirates/Default/Tilemap/tilemap.png,CC0-1.0
003136.png,kenney_monochrome-pirates/Default/Tilemap/tilemap.png,CC0-1.0
003137.png,kenney_monochrome-pirates/Default/Tilemap/tilemap.png,CC0-1.0
003138.png,kenney_monochrome-pirates/Default/Tilemap/tilemap.png,CC0-1.0
003139.png,kenney_monochrome-pirates/Default/Tilemap/tilemap.png,CC0-1.0
003140.png,kenney_monochrome-pirates/Default/Tilemap/tilemap.png,CC0-1.0
003141.png,kenney_monochrome-pirates/Default/Tilemap/tilemap.png,CC0-1.0
003142.png,kenney_monochrome-pirates/Default/Tilemap/tilemap.png,CC0-1.0
003143.png,kenney_monochrome-pirates/Default/Tilemap/tilemap.png,CC0-1.0
003144.png,kenney_monochrome-pirates/Default/Tilemap/tilemap.png,CC0-1.0
003145.png,kenney_monochrome-pirates/Default/Tilemap/tilemap.png,CC0-1.0
003146.png,kenney_monochrome-pirates/Default/Tilemap/tilemap.png,CC0-1.0
003147.png,kenney_monochrome-pirates/Default/Tilemap/tilemap.png,CC0-1.0
003148.png,kenney_monochrome-pirates/Default/Tilemap/tilemap.png,CC0-1.0
003149.png,kenney_monochrome-pirates/Default/Tilemap/tilemap.png,CC0-1.0
003150.png,kenney_monochrome-pirates/Default/Tilemap/tilemap.png,CC0-1.0
003151.png,kenney_monochrome-pirates/Default/Tilemap/tilemap.png,CC0-1.0
003152.png,kenney_monochrome-pirates/Default/Tilemap/tilemap.png,CC0-1.0
003153.png,kenney_monochrome-pirates/Default/Tilemap/tilemap.png,CC0-1.0
003154.png,kenney_monochrome-pirates/Default/Tilemap/tilemap.png,CC0-1.0
003155.png,kenney_monochrome-pirates/Default/Tilemap/tilemap.png,CC0-1.0
003156.png,kenney_monochrome-pirates/Default/Tilemap/tilemap.png,CC0-1.0
003157.png,kenney_monochrome-pirates/Default/Tilemap/tilemap.png,CC0-1.0
003158.png,kenney_monochrome-pirates/Default/Tilemap/tilemap.png,CC0-1.0
003159.png,kenney_monochrome-pirates/Default/Tilemap/tilemap.png,CC0-1.0
003160.png,kenney_monochrome-pirates/Default/Tilemap/tilemap.png,CC0-1.0
003161.png,kenney_monochrome-pirates/Default/Tilemap/tilemap.png,CC0-1.0
003162.png,kenney_monochrome-pirates/Default/Tilemap/tilemap.png,CC0-1.0
003163.png,kenney_monochrome-pirates/Default/Tilemap/tilemap.png,CC0-1.0
003164.png,kenney_monochrome-pirates/Default/Tilemap/tilemap.png,CC0-1.0
003165.png,kenney_monochrome-pirates/Default/Tilemap/tilemap.png,CC0-1.0
003166.png,kenney_monochrome-pirates/Default/Tilemap/tilemap.png,CC0-1.0
003167.png,kenney_monochrome-pirates/Default/Tilemap/tilemap.png,CC0-1.0
003168.png,kenney_monochrome-pirates/Default/Tilemap/tilemap.png,CC0-1.0
003169.png,kenney_monochrome-pirates/Default/Tilemap/tilemap.png,CC0-1.0
003170.png,kenney_monochrome-pirates/Default/Tilemap/tilemap.png,CC0-1.0
003171.png,kenney_monochrome-pirates/Default/Tilemap/tilemap.png,CC0-1.0
003172.png,kenney_monochrome-pirates/Default/Tilemap/tilemap.png,CC0-1.0
003173.png,kenney_monochrome-pirates/Default/Tilemap/tilemap_packed.png,CC0-1.0
003174.png,kenney_monochrome-pirates/Default/Tilemap/tilemap_packed.png,CC0-1.0
003175.png,kenney_monochrome-pirates/Dot Matrix/Tilemap/tilemap.png,CC0-1.0
003176.png,kenney_monochrome-pirates/Dot Matrix/Tilemap/tilemap.png,CC0-1.0
003177.png,kenney_monochrome-pirates/Dot Matrix/Tilemap/tilemap.png,CC0-1.0
003178.png,kenney_monochrome-pirates/Dot Matrix/Tilemap/tilemap.png,CC0-1.0
003179.png,kenney_monochrome-pirates/Dot Matrix/Tilemap/tilemap.png,CC0-1.0
003180.png,kenney_monochrome-pirates/Dot Matrix/Tilemap/tilemap.png,CC0-1.0
003181.png,kenney_monochrome-pirates/Dot Matrix/Tilemap/tilemap.png,CC0-1.0
003182.png,kenney_monochrome-pirates/Dot Matrix/Tilemap/tilemap.png,CC0-1.0
003183.png,kenney_monochrome-pirates/Dot Matrix/Tilemap/tilemap.png,CC0-1.0
003184.png,kenney_monochrome-pirates/Dot Matrix/Tilemap/tilemap.png,CC0-1.0
003185.png,kenney_monochrome-pirates/Dot Matrix/Tilemap/tilemap.png,CC0-1.0
003186.png,kenney_monochrome-pirates/Dot Matrix/Tilemap/tilemap.png,CC0-1.0
003187.png,kenney_monochrome-pirates/Dot Matrix/Tilemap/tilemap.png,CC0-1.0
003188.png,kenney_monochrome-pirates/Dot Matrix/Tilemap/tilemap.png,CC0-1.0
003189.png,kenney_monochrome-pirates/Dot Matrix/Tilemap/tilemap.png,CC0-1.0
003190.png,kenney_monochrome-pirates/Dot Matrix/Tilemap/tilemap.png,CC0-1.0
003191.png,kenney_monochrome-pirates/Dot Matrix/Tilemap/tilemap.png,CC0-1.0
003192.png,kenney_monochrome-pirates/Dot Matrix/Tilemap/tilemap.png,CC0-1.0
003193.png,kenney_monochrome-pirates/Dot Matrix/Tilemap/tilemap.png,CC0-1.0
003194.png,kenney_monochrome-pirates/Dot Matrix/Tilemap/tilemap.png,CC0-1.0
003195.png,kenney_monochrome-pirates/Dot Matrix/Tilemap/tilemap.png,CC0-1.0
003196.png,kenney_monochrome-pirates/Dot Matrix/Tilemap/tilemap.png,CC0-1.0
003197.png,kenney_monochrome-pirates/Dot Matrix/Tilemap/tilemap.png,CC0-1.0
003198.png,kenney_monochrome-pirates/Dot Matrix/Tilemap/tilemap.png,CC0-1.0
003199.png,kenney_monochrome-pirates/Dot Matrix/Tilemap/tilemap.png,CC0-1.0
003200.png,kenney_monochrome-pirates/Dot Matrix/Tilemap/tilemap.png,CC0-1.0
003201.png,kenney_monochrome-pirates/Dot Matrix/Tilemap/tilemap.png,CC0-1.0
003202.png,kenney_monochrome-pirates/Dot Matrix/Tilemap/tilemap.png,CC0-1.0
003203.png,kenney_monochrome-pirates/Dot Matrix/Tilemap/tilemap.png,CC0-1.0
003204.png,kenney_monochrome-pirates/Dot Matrix/Tilemap/tilemap.png,CC0-1.0
003205.png,kenney_monochrome-pirates/Dot Matrix/Tilemap/tilemap.png,CC0-1.0
003206.png,kenney_monochrome-pirates/Dot Matrix/Tilemap/tilemap.png,CC0-1.0
003207.png,kenney_monochrome-pirates/Dot Matrix/Tilemap/tilemap.png,CC0-1.0
003208.png,kenney_monochrome-pirates/Dot Matrix/Tilemap/tilemap.png,CC0-1.0
003209.png,kenney_monochrome-pirates/Dot Matrix/Tilemap/tilemap.png,CC0-1.0
003210.png,kenney_monochrome-pirates/Dot Matrix/Tilemap/tilemap.png,CC0-1.0
003211.png,kenney_monochrome-pirates/Dot Matrix/Tilemap/tilemap.png,CC0-1.0
003212.png,kenney_monochrome-pirates/Dot Matrix/Tilemap/tilemap.png,CC0-1.0
003213.png,kenney_monochrome-pirates/Dot Matrix/Tilemap/tilemap.png,CC0-1.0
003214.png,kenney_monochrome-pirates/Dot Matrix/Tilemap/tilemap.png,CC0-1.0
003215.png,kenney_monochrome-pirates/Dot Matrix/Tilemap/tilemap.png,CC0-1.0
003216.png,kenney_monochrome-pirates/Dot Matrix/Tilemap/tilemap.png,CC0-1.0
003217.png,kenney_monochrome-pirates/Dot Matrix/Tilemap/tilemap.png,CC0-1.0
003218.png,kenney_monochrome-pirates/Dot Matrix/Tilemap/tilemap.png,CC0-1.0
003219.png,kenney_monochrome-pirates/Dot Matrix/Tilemap/tilemap.png,CC0-1.0
003220.png,kenney_monochrome-pirates/Dot Matrix/Tilemap/tilemap.png,CC0-1.0
003221.png,kenney_monochrome-pirates/Dot Matrix/Tilemap/tilemap.png,CC0-1.0
003222.png,kenney_monochrome-pirates/Dot Matrix/Tilemap/tilemap.png,CC0-1.0
003223.png,kenney_monochrome-pirates/Dot Matrix/Tilemap/tilemap.png,CC0-1.0
003224.png,kenney_monochrome-pirates/Dot Matrix/Tilemap/tilemap.png,CC0-1.0
003225.png,kenney_monochrome-pirates/Dot Matrix/Tilemap/tilemap.png,CC0-1.0
003226.png,kenney_monochrome-pirates/Dot Matrix/Tilemap/tilemap.png,CC0-1.0
003227.png,kenney_monochrome-pirates/Dot Matrix/Tilemap/tilemap.png,CC0-1.0
003228.png,kenney_monochrome-pirates/Dot Matrix/Tilemap/tilemap.png,CC0-1.0
003229.png,kenney_monochrome-pirates/Dot Matrix/Tilemap/tilemap.png,CC0-1.0
003230.png,kenney_monochrome-pirates/Dot Matrix/Tilemap/tilemap.png,CC0-1.0
003231.png,kenney_monochrome-pirates/Dot Matrix/Tilemap/tilemap.png,CC0-1.0
003232.png,kenney_monochrome-pirates/Dot Matrix/Tilemap/tilemap.png,CC0-1.0
003233.png,kenney_monochrome-pirates/Dot Matrix/Tilemap/tilemap.png,CC0-1.0
003234.png,kenney_monochrome-pirates/Dot Matrix/Tilemap/tilemap.png,CC0-1.0
003235.png,kenney_monochrome-pirates/Dot Matrix/Tilemap/tilemap.png,CC0-1.0
003236.png,kenney_monochrome-pirates/Dot Matrix/Tilemap/tilemap.png,CC0-1.0
003237.png,kenney_monochrome-pirates/Dot Matrix/Tilemap/tilemap.png,CC0-1.0
003238.png,kenney_monochrome-pirates/Dot Matrix/Tilemap/tilemap.png,CC0-1.0
003239.png,kenney_monochrome-pirates/Dot Matrix/Tilemap/tilemap.png,CC0-1.0
003240.png,kenney_monochrome-pirates/Dot Matrix/Tilemap/tilemap.png,CC0-1.0
003241.png,kenney_monochrome-pirates/Dot Matrix/Tilemap/tilemap.png,CC0-1.0
003242.png,kenney_monochrome-pirates/Dot Matrix/Tilemap/tilemap.png,CC0-1.0
003243.png,kenney_monochrome-pirates/Dot Matrix/Tilemap/tilemap.png,CC0-1.0
003244.png,kenney_monochrome-pirates/Dot Matrix/Tilemap/tilemap.png,CC0-1.0
003245.png,kenney_monochrome-pirates/Dot Matrix/Tilemap/tilemap.png,CC0-1.0
003246.png,kenney_monochrome-pirates/Dot Matrix/Tilemap/tilemap.png,CC0-1.0
003247.png,kenney_monochrome-pirates/Dot Matrix/Tilemap/tilemap.png,CC0-1.0
003248.png,kenney_monochrome-pirates/Dot Matrix/Tilemap/tilemap.png,CC0-1.0
003249.png,kenney_monochrome-pirates/Dot Matrix/Tilemap/tilemap.png,CC0-1.0
003250.png,kenney_monochrome-pirates/Dot Matrix/Tilemap/tilemap.png,CC0-1.0
003251.png,kenney_monochrome-pirates/Dot Matrix/Tilemap/tilemap.png,CC0-1.0
003252.png,kenney_monochrome-pirates/Dot Matrix/Tilemap/tilemap.png,CC0-1.0
003253.png,kenney_monochrome-pirates/Dot Matrix/Tilemap/tilemap.png,CC0-1.0
003254.png,kenney_monochrome-pirates/Dot Matrix/Tilemap/tilemap.png,CC0-1.0
003255.png,kenney_monochrome-pirates/Dot Matrix/Tilemap/tilemap.png,CC0-1.0
003256.png,kenney_monochrome-pirates/Dot Matrix/Tilemap/tilemap.png,CC0-1.0
003257.png,kenney_monochrome-pirates/Dot Matrix/Tilemap/tilemap.png,CC0-1.0
003258.png,kenney_monochrome-pirates/Dot Matrix/Tilemap/tilemap.png,CC0-1.0
003259.png,kenney_monochrome-pirates/Dot Matrix/Tilemap/tilemap.png,CC0-1.0
003260.png,kenney_monochrome-pirates/Dot Matrix/Tilemap/tilemap.png,CC0-1.0
003261.png,kenney_monochrome-pirates/Dot Matrix/Tilemap/tilemap.png,CC0-1.0
003262.png,kenney_monochrome-pirates/Dot Matrix/Tilemap/tilemap.png,CC0-1.0
003263.png,kenney_monochrome-pirates/Dot Matrix/Tilemap/tilemap.png,CC0-1.0
003264.png,kenney_monochrome-pirates/Dot Matrix/Tilemap/tilemap.png,CC0-1.0
003265.png,kenney_monochrome-pirates/Dot Matrix/Tilemap/tilemap.png,CC0-1.0
003266.png,kenney_monochrome-pirates/Dot Matrix/Tilemap/tilemap.png,CC0-1.0
003267.png,kenney_monochrome-pirates/Dot Matrix/Tilemap/tilemap.png,CC0-1.0
003268.png,kenney_monochrome-pirates/Dot Matrix/Tilemap/tilemap.png,CC0-1.0
003269.png,kenney_monochrome-pirates/Dot Matrix/Tilemap/tilemap.png,CC0-1.0
003270.png,kenney_monochrome-pirates/Dot Matrix/Tilemap/tilemap.png,CC0-1.0
003271.png,kenney_monochrome-pirates/Dot Matrix/Tilemap/tilemap.png,CC0-1.0
003272.png,kenney_monochrome-pirates/Dot Matrix/Tilemap/tilemap.png,CC0-1.0
003273.png,kenney_monochrome-pirates/Dot Matrix/Tilemap/tilemap.png,CC0-1.0
003274.png,kenney_monochrome-pirates/Dot Matrix/Tilemap/tilemap.png,CC0-1.0
003275.png,kenney_monochrome-pirates/Dot Matrix/Tilemap/tilemap.png,CC0-1.0
003276.png,kenney_monochrome-pirates/Dot Matrix/Tilemap/tilemap.png,CC0-1.0
003277.png,kenney_monochrome-pirates/Dot Matrix/Tilemap/tilemap.png,CC0-1.0
003278.png,kenney_monochrome-pirates/Dot Matrix/Tilemap/tilemap.png,CC0-1.0
003279.png,kenney_monochrome-pirates/Dot Matrix/Tilemap/tilemap.png,CC0-1.0
003280.png,kenney_monochrome-pirates/Dot Matrix/Tilemap/tilemap.png,CC0-1.0
003281.png,kenney_monochrome-pirates/Dot Matrix/Tilemap/tilemap.png,CC0-1.0
003282.png,kenney_monochrome-pirates/Dot Matrix/Tilemap/tilemap.png,CC0-1.0
003283.png,kenney_monochrome-pirates/Dot Matrix/Tilemap/tilemap.png,CC0-1.0
003284.png,kenney_monochrome-pirates/Dot Matrix/Tilemap/tilemap.png,CC0-1.0
003285.png,kenney_monochrome-pirates/Dot Matrix/Tilemap/tilemap.png,CC0-1.0
003286.png,kenney_monochrome-pirates/Dot Matrix/Tilemap/tilemap.png,CC0-1.0
003287.png,kenney_monochrome-pirates/Dot Matrix/Tilemap/tilemap.png,CC0-1.0
003288.png,kenney_monochrome-pirates/Dot Matrix/Tilemap/tilemap.png,CC0-1.0
003289.png,kenney_monochrome-pirates/Dot Matrix/Tilemap/tilemap.png,CC0-1.0
003290.png,kenney_monochrome-pirates/Dot Matrix/Tilemap/tilemap.png,CC0-1.0
003291.png,kenney_monochrome-pirates/Dot Matrix/Tilemap/tilemap.png,CC0-1.0
003292.png,kenney_monochrome-pirates/Dot Matrix/Tilemap/tilemap.png,CC0-1.0
003293.png,kenney_monochrome-pirates/Dot Matrix/Tilemap/tilemap.png,CC0-1.0
003294.png,kenney_monochrome-pirates/Dot Matrix/Tilemap/tilemap.png,CC0-1.0
003295.png,kenney_monochrome-pirates/Dot Matrix/Tilemap/tilemap.png,CC0-1.0
003296.png,kenney_monochrome-pirates/Dot Matrix/Tilemap/tilemap.png,CC0-1.0
003297.png,kenney_monochrome-pirates/Dot Matrix/Tilemap/tilemap.png,CC0-1.0
003298.png,kenney_monochrome-pirates/Dot Matrix/Tilemap/tilemap.png,CC0-1.0
003299.png,kenney_monochrome-pirates/Dot Matrix/Tilemap/tilemap.png,CC0-1.0
003300.png,kenney_monochrome-pirates/Dot Matrix/Tilemap/tilemap.png,CC0-1.0
003301.png,kenney_monochrome-pirates/Dot Matrix/Tilemap/tilemap_packed.png,CC0-1.0
003302.png,kenney_monochrome-pirates/Dot Matrix/Tilemap/tilemap_packed.png,CC0-1.0
003303.png,kenney_monochrome-pirates/Monochrome/Tilemap/tilemap.png,CC0-1.0
003304.png,kenney_monochrome-pirates/Monochrome/Tilemap/tilemap.png,CC0-1.0
003305.png,kenney_monochrome-pirates/Monochrome/Tilemap/tilemap.png,CC0-1.0
003306.png,kenney_monochrome-pirates/Monochrome/Tilemap/tilemap.png,CC0-1.0
003307.png,kenney_monochrome-pirates/Monochrome/Tilemap/tilemap.png,CC0-1.0
003308.png,kenney_monochrome-pirates/Monochrome/Tilemap/tilemap.png,CC0-1.0
003309.png,kenney_monochrome-pirates/Monochrome/Tilemap/tilemap.png,CC0-1.0
003310.png,kenney_monochrome-pirates/Monochrome/Tilemap/tilemap.png,CC0-1.0
003311.png,kenney_monochrome-pirates/Monochrome/Tilemap/tilemap.png,CC0-1.0
003312.png,kenney_monochrome-pirates/Monochrome/Tilemap/tilemap.png,CC0-1.0
003313.png,kenney_monochrome-pirates/Monochrome/Tilemap/tilemap.png,CC0-1.0
003314.png,kenney_monochrome-pirates/Monochrome/Tilemap/tilemap.png,CC0-1.0
003315.png,kenney_monochrome-pirates/Monochrome/Tilemap/tilemap.png,CC0-1.0
003316.png,kenney_monochrome-pirates/Monochrome/Tilemap/tilemap.png,CC0-1.0
003317.png,kenney_monochrome-pirates/Monochrome/Tilemap/tilemap.png,CC0-1.0
003318.png,kenney_monochrome-pirates/Monochrome/Tilemap/tilemap.png,CC0-1.0
003319.png,kenney_monochrome-pirates/Monochrome/Tilemap/tilemap.png,CC0-1.0
003320.png,kenney_monochrome-pirates/Monochrome/Tilemap/tilemap.png,CC0-1.0
003321.png,kenney_monochrome-pirates/Monochrome/Tilemap/tilemap.png,CC0-1.0
003322.png,kenney_monochrome-pirates/Monochrome/Tilemap/tilemap.png,CC0-1.0
003323.png,kenney_monochrome-pirates/Monochrome/Tilemap/tilemap.png,CC0-1.0
003324.png,kenney_monochrome-pirates/Monochrome/Tilemap/tilemap.png,CC0-1.0
003325.png,kenney_monochrome-pirates/Monochrome/Tilemap/tilemap.png,CC0-1.0
003326.png,kenney_monochrome-pirates/Monochrome/Tilemap/tilemap.png,CC0-1.0
003327.png,kenney_monochrome-pirates/Monochrome/Tilemap/tilemap.png,CC0-1.0
003328.png,kenney_monochrome-pirates/Monochrome/Tilemap/tilemap.png,CC0-1.0
003329.png,kenney_monochrome-pirates/Monochrome/Tilemap/tilemap.png,CC0-1.0
003330.png,kenney_monochrome-pirates/Monochrome/Tilemap/tilemap.png,CC0-1.0
003331.png,kenney_monochrome-pirates/Monochrome/Tilemap/tilemap.png,CC0-1.0
003332.png,kenney_monochrome-pirates/Monochrome/Tilemap/tilemap.png,CC0-1.0
003333.png,kenney_monochrome-pirates/Monochrome/Tilemap/tilemap.png,CC0-1.0
003334.png,kenney_monochrome-pirates/Monochrome/Tilemap/tilemap.png,CC0-1.0
003335.png,kenney_monochrome-pirates/Monochrome/Tilemap/tilemap.png,CC0-1.0
003336.png,kenney_monochrome-pirates/Monochrome/Tilemap/tilemap.png,CC0-1.0
003337.png,kenney_monochrome-pirates/Monochrome/Tilemap/tilemap.png,CC0-1.0
003338.png,kenney_monochrome-pirates/Monochrome/Tilemap/tilemap.png,CC0-1.0
003339.png,kenney_monochrome-pirates/Monochrome/Tilemap/tilemap.png,CC0-1.0
003340.png,kenney_monochrome-pirates/Monochrome/Tilemap/tilemap.png,CC0-1.0
003341.png,kenney_monochrome-pirates/Monochrome/Tilemap/tilemap.png,CC0-1.0
003342.png,kenney_monochrome-pirates/Monochrome/Tilemap/tilemap.png,CC0-1.0
003343.png,kenney_monochrome-pirates/Monochrome/Tilemap/tilemap.png,CC0-1.0
003344.png,kenney_monochrome-pirates/Monochrome/Tilemap/tilemap.png,CC0-1.0
003345.png,kenney_monochrome-pirates/Monochrome/Tilemap/tilemap.png,CC0-1.0
003346.png,kenney_monochrome-pirates/Monochrome/Tilemap/tilemap.png,CC0-1.0
003347.png,kenney_monochrome-pirates/Monochrome/Tilemap/tilemap.png,CC0-1.0
003348.png,kenney_monochrome-pirates/Monochrome/Tilemap/tilemap.png,CC0-1.0
003349.png,kenney_monochrome-pirates/Monochrome/Tilemap/tilemap.png,CC0-1.0
003350.png,kenney_monochrome-pirates/Monochrome/Tilemap/tilemap.png,CC0-1.0
003351.png,kenney_monochrome-pirates/Monochrome/Tilemap/tilemap.png,CC0-1.0
003352.png,kenney_monochrome-pirates/Monochrome/Tilemap/tilemap.png,CC0-1.0
003353.png,kenney_monochrome-pirates/Monochrome/Tilemap/tilemap.png,CC0-1.0
003354.png,kenney_monochrome-pirates/Monochrome/Tilemap/tilemap.png,CC0-1.0
003355.png,kenney_monochrome-pirates/Monochrome/Tilemap/tilemap.png,CC0-1.0
003356.png,kenney_monochrome-pirates/Monochrome/Tilemap/tilemap.png,CC0-1.0
003357.png,kenney_monochrome-pirates/Monochrome/Tilemap/tilemap.png,CC0-1.0
003358.png,kenney_monochrome-pirates/Monochrome/Tilemap/tilemap.png,CC0-1.0
003359.png,kenney_monochrome-pirates/Monochrome/Tilemap/tilemap.png,CC0-1.0
003360.png,kenney_monochrome-pirates/Monochrome/Tilemap/tilemap.png,CC0-1.0
003361.png,kenney_monochrome-pirates/Monochrome/Tilemap/tilemap.png,CC0-1.0
003362.png,kenney_monochrome-pirates/Monochrome/Tilemap/tilemap.png,CC0-1.0
003363.png,kenney_monochrome-pirates/Monochrome/Tilemap/tilemap.png,CC0-1.0
003364.png,kenney_monochrome-pirates/Monochrome/Tilemap/tilemap.png,CC0-1.0
003365.png,kenney_monochrome-pirates/Monochrome/Tilemap/tilemap.png,CC0-1.0
003366.png,kenney_monochrome-pirates/Monochrome/Tilemap/tilemap.png,CC0-1.0
003367.png,kenney_monochrome-pirates/Monochrome/Tilemap/tilemap.png,CC0-1.0
003368.png,kenney_monochrome-pirates/Monochrome/Tilemap/tilemap.png,CC0-1.0
003369.png,kenney_monochrome-pirates/Monochrome/Tilemap/tilemap.png,CC0-1.0
003370.png,kenney_monochrome-pirates/Monochrome/Tilemap/tilemap.png,CC0-1.0
003371.png,kenney_monochrome-pirates/Monochrome/Tilemap/tilemap.png,CC0-1.0
003372.png,kenney_monochrome-pirates/Monochrome/Tilemap/tilemap.png,CC0-1.0
003373.png,kenney_monochrome-pirates/Monochrome/Tilemap/tilemap.png,CC0-1.0
003374.png,kenney_monochrome-pirates/Monochrome/Tilemap/tilemap.png,CC0-1.0
003375.png,kenney_monochrome-pirates/Monochrome/Tilemap/tilemap.png,CC0-1.0
003376.png,kenney_monochrome-pirates/Monochrome/Tilemap/tilemap.png,CC0-1.0
003377.png,kenney_monochrome-pirates/Monochrome/Tilemap/tilemap.png,CC0-1.0
003378.png,kenney_monochrome-pirates/Monochrome/Tilemap/tilemap.png,CC0-1.0
003379.png,kenney_monochrome-pirates/Monochrome/Tilemap/tilemap.png,CC0-1.0
003380.png,kenney_monochrome-pirates/Monochrome/Tilemap/tilemap.png,CC0-1.0
003381.png,kenney_monochrome-pirates/Monochrome/Tilemap/tilemap.png,CC0-1.0
003382.png,kenney_monochrome-pirates/Monochrome/Tilemap/tilemap.png,CC0-1.0
003383.png,kenney_monochrome-pirates/Monochrome/Tilemap/tilemap.png,CC0-1.0
003384.png,kenney_monochrome-pirates/Monochrome/Tilemap/tilemap.png,CC0-1.0
003385.png,kenney_monochrome-pirates/Monochrome/Tilemap/tilemap.png,CC0-1.0
003386.png,kenney_monochrome-pirates/Monochrome/Tilemap/tilemap.png,CC0-1.0
003387.png,kenney_monochrome-pirates/Monochrome/Tilemap/tilemap.png,CC0-1.0
003388.png,kenney_monochrome-pirates/Monochrome/Tilemap/tilemap.png,CC0-1.0
003389.png,kenney_monochrome-pirates/Monochrome/Tilemap/tilemap.png,CC0-1.0
003390.png,kenney_monochrome-pirates/Monochrome/Tilemap/tilemap.png,CC0-1.0
003391.png,kenney_monochrome-pirates/Monochrome/Tilemap/tilemap.png,CC0-1.0
003392.png,kenney_monochrome-pirates/Monochrome/Tilemap/tilemap.png,CC0-1.0
003393.png,kenney_monochrome-pirates/Monochrome/Tilemap/tilemap.png,CC0-1.0
003394.png,kenney_monochrome-pirates/Monochrome/Tilemap/tilemap.png,CC0-1.0
003395.png,kenney_monochrome-pirates/Monochrome/Tilemap/tilemap.png,CC0-1.0
003396.png,kenney_monochrome-pirates/Monochrome/Tilemap/tilemap.png,CC0-1.0
003397.png,kenney_monochrome-pirates/Monochrome/Tilemap/tilemap.png,CC0-1.0
003398.png,kenney_monochrome-pirates/Monochrome/Tilemap/tilemap.png,CC0-1.0
003399.png,kenney_monochrome-pirates/Monochrome/Tilemap/tilemap.png,CC0-1.0
003400.png,kenney_monochrome-pirates/Monochrome/Tilemap/tilemap.png,CC0-1.0
003401.png,kenney_monochrome-pirates/Monochrome/Tilemap/tilemap.png,CC0-1.0
003402.png,kenney_monochrome-pirates/Monochrome/Tilemap/tilemap.png,CC0-1.0
003403.png,kenney_monochrome-pirates/Monochrome/Tilemap/tilemap.png,CC0-1.0
003404.png,kenney_monochrome-pirates/Monochrome/Tilemap/tilemap.png,CC0-1.0
003405.png,kenney_monochrome-pirates/Monochrome/Tilemap/tilemap.png,CC0-1.0
003406.png,kenney_monochrome-pirates/Monochrome/Tilemap/tilemap.png,CC0-1.0
003407.png,kenney_monochrome-pirates/Monochrome/Tilemap/tilemap.png,CC0-1.0
003408.png,kenney_monochrome-pirates/Monochrome/Tilemap/tilemap.png,CC0-1.0
003409.png,kenney_monochrome-pirates/Monochrome/Tilemap/tilemap.png,CC0-1.0
003410.png,kenney_monochrome-pirates/Monochrome/Tilemap/tilemap.png,CC0-1.0
003411.png,kenney_monochrome-pirates/Monochrome/Tilemap/tilemap.png,CC0-1.0
003412.png,kenney_monochrome-pirates/Monochrome/Tilemap/tilemap.png,CC0-1.0
003413.png,kenney_monochrome-pirates/Monochrome/Tilemap/tilemap.png,CC0-1.0
003414.png,kenney_monochrome-pirates/Monochrome/Tilemap/tilemap.png,CC0-1.0
003415.png,kenney_monochrome-pirates/Monochrome/Tilemap/tilemap.png,CC0-1.0
003416.png,kenney_monochrome-pirates/Monochrome/Tilemap/tilemap.png,CC0-1.0
003417.png,kenney_monochrome-pirates/Monochrome/Tilemap/tilemap.png,CC0-1.0
003418.png,kenney_monochrome-pirates/Monochrome/Tilemap/tilemap.png,CC0-1.0
003419.png,kenney_monochrome-pirates/Monochrome/Tilemap/tilemap.png,CC0-1.0
003420.png,kenney_monochrome-pirates/Monochrome/Tilemap/tilemap.png,CC0-1.0
003421.png,kenney_monochrome-pirates/Monochrome/Tilemap/tilemap.png,CC0-1.0
003422.png,kenney_monochrome-pirates/Monochrome/Tilemap/tilemap.png,CC0-1.0
003423.png,kenney_monochrome-pirates/Monochrome/Tilemap/tilemap.png,CC0-1.0
003424.png,kenney_monochrome-pirates/Monochrome/Tilemap/tilemap.png,CC0-1.0
003425.png,kenney_monochrome-pirates/Monochrome/Tilemap/tilemap.png,CC0-1.0
003426.png,kenney_monochrome-pirates/Monochrome/Tilemap/tilemap.png,CC0-1.0
003427.png,kenney_monochrome-pirates/Monochrome/Tilemap/tilemap_packed.png,CC0-1.0
003428.png,kenney_monochrome-pirates/Monochrome/Tilemap/tilemap_packed.png,CC0-1.0
003429.png,kenney_pico-8-city/Tilemap/tilemap.png,CC0-1.0
003430.png,kenney_pico-8-city/Tilemap/tilemap.png,CC0-1.0
003431.png,kenney_pico-8-city/Tilemap/tilemap.png,CC0-1.0
003432.png,kenney_pico-8-city/Tilemap/tilemap.png,CC0-1.0
003433.png,kenney_pico-8-city/Tilemap/tilemap.png,CC0-1.0
003434.png,kenney_pico-8-city/Tilemap/tilemap.png,CC0-1.0
003435.png,kenney_pico-8-city/Tilemap/tilemap.png,CC0-1.0
003436.png,kenney_pico-8-city/Tilemap/tilemap.png,CC0-1.0
003437.png,kenney_pico-8-city/Tilemap/tilemap.png,CC0-1.0
003438.png,kenney_pico-8-city/Tilemap/tilemap.png,CC0-1.0
003439.png,kenney_pico-8-city/Tilemap/tilemap.png,CC0-1.0
003440.png,kenney_pico-8-city/Tilemap/tilemap.png,CC0-1.0
003441.png,kenney_pico-8-city/Tilemap/tilemap.png,CC0-1.0
003442.png,kenney_pico-8-city/Tilemap/tilemap.png,CC0-1.0
003443.png,kenney_pico-8-city/Tilemap/tilemap.png,CC0-1.0
003444.png,kenney_pico-8-city/Tilemap/tilemap.png,CC0-1.0
003445.png,kenney_pico-8-city/Tilemap/tilemap.png,CC0-1.0
003446.png,kenney_pico-8-city/Tilemap/tilemap.png,CC0-1.0
003447.png,kenney_pico-8-city/Tilemap/tilemap.png,CC0-1.0
003448.png,kenney_pico-8-city/Tilemap/tilemap.png,CC0-1.0
003449.png,kenney_pico-8-city/Tilemap/tilemap.png,CC0-1.0
003450.png,kenney_pico-8-city/Tilemap/tilemap.png,CC0-1.0
003451.png,kenney_pico-8-city/Tilemap/tilemap.png,CC0-1.0
003452.png,kenney_pico-8-city/Tilemap/tilemap.png,CC0-1.0
003453.png,kenney_pico-8-city/Tilemap/tilemap.png,CC0-1.0
003454.png,kenney_pico-8-city/Tilemap/tilemap.png,CC0-1.0
003455.png,kenney_pico-8-city/Tilemap/tilemap.png,CC0-1.0
003456.png,kenney_pico-8-city/Tilemap/tilemap.png,CC0-1.0
003457.png,kenney_pico-8-city/Tilemap/tilemap.png,CC0-1.0
003458.png,kenney_pico-8-city/Tilemap/tilemap.png,CC0-1.0
003459.png,kenney_pico-8-city/Tilemap/tilemap.png,CC0-1.0
003460.png,kenney_pico-8-city/Tilemap/tilemap.png,CC0-1.0
003461.png,kenney_pico-8-city/Tilemap/tilemap.png,CC0-1.0
003462.png,kenney_pico-8-city/Tilemap/tilemap.png,CC0-1.0
003463.png,kenney_pico-8-city/Tilemap/tilemap.png,CC0-1.0
003464.png,kenney_pico-8-city/Tilemap/tilemap.png,CC0-1.0
003465.png,kenney_pico-8-city/Tilemap/tilemap.png,CC0-1.0
003466.png,kenney_pico-8-city/Tilemap/tilemap.png,CC0-1.0
003467.png,kenney_pico-8-city/Tilemap/tilemap.png,CC0-1.0
003468.png,kenney_pico-8-city/Tilemap/tilemap.png,CC0-1.0
003469.png,kenney_pico-8-city/Tilemap/tilemap.png,CC0-1.0
003470.png,kenney_pico-8-city/Tilemap/tilemap.png,CC0-1.0
003471.png,kenney_pico-8-city/Tilemap/tilemap.png,CC0-1.0
003472.png,kenney_pico-8-city/Tilemap/tilemap.png,CC0-1.0
003473.png,kenney_pico-8-city/Tilemap/tilemap.png,CC0-1.0
003474.png,kenney_pico-8-city/Tilemap/tilemap.png,CC0-1.0
003475.png,kenney_pico-8-city/Tilemap/tilemap.png,CC0-1.0
003476.png,kenney_pico-8-city/Tilemap/tilemap.png,CC0-1.0
003477.png,kenney_pico-8-city/Tilemap/tilemap.png,CC0-1.0
003478.png,kenney_pico-8-city/Tilemap/tilemap.png,CC0-1.0
003479.png,kenney_pico-8-city/Tilemap/tilemap.png,CC0-1.0
003480.png,kenney_pico-8-city/Tilemap/tilemap.png,CC0-1.0
003481.png,kenney_pico-8-city/Tilemap/tilemap.png,CC0-1.0
003482.png,kenney_pico-8-city/Tilemap/tilemap.png,CC0-1.0
003483.png,kenney_pico-8-city/Tilemap/tilemap.png,CC0-1.0
003484.png,kenney_pico-8-city/Tilemap/tilemap.png,CC0-1.0
003485.png,kenney_pico-8-city/Tilemap/tilemap.png,CC0-1.0
003486.png,kenney_pico-8-city/Tilemap/tilemap.png,CC0-1.0
003487.png,kenney_pico-8-city/Tilemap/tilemap.png,CC0-1.0
003488.png,kenney_pico-8-city/Tilemap/tilemap.png,CC0-1.0
003489.png,kenney_pico-8-city/Tilemap/tilemap.png,CC0-1.0
003490.png,kenney_pico-8-city/Tilemap/tilemap.png,CC0-1.0
003491.png,kenney_pico-8-city/Tilemap/tilemap.png,CC0-1.0
003492.png,kenney_pico-8-city/Tilemap/tilemap.png,CC0-1.0
003493.png,kenney_pico-8-city/Tilemap/tilemap.png,CC0-1.0
003494.png,kenney_pico-8-city/Tilemap/tilemap.png,CC0-1.0
003495.png,kenney_pico-8-city/Tilemap/tilemap.png,CC0-1.0
003496.png,kenney_pico-8-city/Tilemap/tilemap.png,CC0-1.0
003497.png,kenney_pico-8-city/Tilemap/tilemap.png,CC0-1.0
003498.png,kenney_pico-8-city/Tilemap/tilemap.png,CC0-1.0
003499.png,kenney_pico-8-city/Tilemap/tilemap.png,CC0-1.0
003500.png,kenney_pico-8-city/Tilemap/tilemap.png,CC0-1.0
003501.png,kenney_pico-8-city/Tilemap/tilemap.png,CC0-1.0
003502.png,kenney_pico-8-city/Tilemap/tilemap.png,CC0-1.0
003503.png,kenney_pico-8-city/Tilemap/tilemap.png,CC0-1.0
003504.png,kenney_pico-8-city/Tilemap/tilemap.png,CC0-1.0
003505.png,kenney_pico-8-city/Tilemap/tilemap.png,CC0-1.0
003506.png,kenney_pico-8-city/Tilemap/tilemap.png,CC0-1.0
003507.png,kenney_pico-8-city/Tilemap/tilemap.png,CC0-1.0
003508.png,kenney_pico-8-city/Tilemap/tilemap.png,CC0-1.0
003509.png,kenney_pico-8-city/Tilemap/tilemap.png,CC0-1.0
003510.png,kenney_pico-8-city/Tilemap/tilemap.png,CC0-1.0
003511.png,kenney_pico-8-city/Tilemap/tilemap.png,CC0-1.0
003512.png,kenney_pico-8-city/Tilemap/tilemap.png,CC0-1.0
003513.png,kenney_pico-8-city/Tilemap/tilemap.png,CC0-1.0
003514.png,kenney_pico-8-city/Tilemap/tilemap.png,CC0-1.0
003515.png,kenney_pico-8-city/Tilemap/tilemap.png,CC0-1.0
003516.png,kenney_pico-8-city/Tilemap/tilemap.png,CC0-1.0
003517.png,kenney_pico-8-city/Tilemap/tilemap.png,CC0-1.0
003518.png,kenney_pico-8-city/Tilemap/tilemap.png,CC0-1.0
003519.png,kenney_pico-8-city/Tilemap/tilemap.png,CC0-1.0
003520.png,kenney_pico-8-city/Tilemap/tilemap.png,CC0-1.0
003521.png,kenney_pico-8-city/Tilemap/tilemap.png,CC0-1.0
003522.png,kenney_pico-8-city/Tilemap/tilemap.png,CC0-1.0
003523.png,kenney_pico-8-city/Tilemap/tilemap.png,CC0-1.0
003524.png,kenney_pico-8-city/Tilemap/tilemap.png,CC0-1.0
003525.png,kenney_pico-8-city/Tilemap/tilemap.png,CC0-1.0
003526.png,kenney_pico-8-city/Tilemap/tilemap.png,CC0-1.0
003527.png,kenney_pico-8-city/Tilemap/tilemap.png,CC0-1.0
003528.png,kenney_pico-8-city/Tilemap/tilemap.png,CC0-1.0
003529.png,kenney_pico-8-city/Tilemap/tilemap.png,CC0-1.0
003530.png,kenney_pico-8-city/Tilemap/tilemap.png,CC0-1.0
003531.png,kenney_pico-8-city/Tilemap/tilemap.png,CC0-1.0
003532.png,kenney_pico-8-city/Tilemap/tilemap.png,CC0-1.0
003533.png,kenney_pico-8-city/Tilemap/tilemap.png,CC0-1.0
003534.png,kenney_pico-8-city/Tilemap/tilemap.png,CC0-1.0
003535.png,kenney_pico-8-city/Tilemap/tilemap.png,CC0-1.0
003536.png,kenney_pico-8-city/Tilemap/tilemap.png,CC0-1.0
003537.png,kenney_pico-8-city/Tilemap/tilemap.png,CC0-1.0
003538.png,kenney_pico-8-city/Tilemap/tilemap.png,CC0-1.0
003539.png,kenney_pico-8-city/Tilemap/tilemap.png,CC0-1.0
003540.png,kenney_pico-8-city/Tilemap/tilemap.png,CC0-1.0
003541.png,kenney_pico-8-city/Tilemap/tilemap.png,CC0-1.0
003542.png,kenney_pico-8-city/Tilemap/tilemap.png,CC0-1.0
003543.png,kenney_pico-8-city/Tilemap/tilemap.png,CC0-1.0
003544.png,kenney_pico-8-city/Tilemap/tilemap.png,CC0-1.0
003545.png,kenney_pico-8-city/Tilemap/tilemap.png,CC0-1.0
003546.png,kenney_pico-8-city/Tilemap/tilemap.png,CC0-1.0
003547.png,kenney_pico-8-city/Tilemap/tilemap.png,CC0-1.0
003548.png,kenney_pico-8-city/Tilemap/tilemap.png,CC0-1.0
003549.png,kenney_pico-8-city/Tilemap/tilemap.png,CC0-1.0
003550.png,kenney_pico-8-city/Tilemap/tilemap.png,CC0-1.0
003551.png,kenney_pico-8-city/Tilemap/tilemap.png,CC0-1.0
003552.png,kenney_pico-8-city/Tilemap/tilemap.png,CC0-1.0
003553.png,kenney_pico-8-city/Tilemap/tilemap.png,CC0-1.0
003554.png,kenney_pico-8-city/Tilemap/tilemap.png,CC0-1.0
003555.png,kenney_pico-8-city/Tilemap/tilemap.png,CC0-1.0
003556.png,kenney_pico-8-city/Tilemap/tilemap.png,CC0-1.0
003557.png,kenney_pico-8-city/Tilemap/tilemap.png,CC0-1.0
003558.png,kenney_pico-8-city/Tilemap/tilemap.png,CC0-1.0
003559.png,kenney_pico-8-city/Tilemap/tilemap.png,CC0-1.0
003560.png,kenney_pico-8-city/Tilemap/tilemap.png,CC0-1.0
003561.png,kenney_pico-8-city/Tilemap/tilemap.png,CC0-1.0
003562.png,kenney_pico-8-city/Tilemap/tilemap.png,CC0-1.0
003563.png,kenney_pico-8-city/Tilemap/tilemap.png,CC0-1.0
003564.png,kenney_pico-8-city/Tilemap/tilemap.png,CC0-1.0
003565.png,kenney_pico-8-city/Tilemap/tilemap.png,CC0-1.0
003566.png,kenney_pico-8-city/Tilemap/tilemap.png,CC0-1.0
003567.png,kenney_pico-8-city/Tilemap/tilemap.png,CC0-1.0
003568.png,kenney_pico-8-city/Tilemap/tilemap.png,CC0-1.0
003569.png,kenney_pico-8-city/Tilemap/tilemap.png,CC0-1.0
003570.png,kenney_pico-8-city/Tilemap/tilemap.png,CC0-1.0
003571.png,kenney_pico-8-city/Tilemap/tilemap.png,CC0-1.0
003572.png,kenney_pico-8-city/Tilemap/tilemap.png,CC0-1.0
003573.png,kenney_pico-8-city/Tilemap/tilemap.png,CC0-1.0
003574.png,kenney_pico-8-city/Tilemap/tilemap.png,CC0-1.0
003575.png,kenney_pico-8-city/Tilemap/tilemap.png,CC0-1.0
003576.png,kenney_pico-8-city/Tilemap/tilemap.png,CC0-1.0
003577.png,kenney_pico-8-city/Tilemap/tilemap.png,CC0-1.0
003578.png,kenney_pico-8-city/Tilemap/tilemap.png,CC0-1.0
003579.png,kenney_pico-8-city/Tilemap/tilemap.png,CC0-1.0
003580.png,kenney_pico-8-city/Tilemap/tilemap.png,CC0-1.0
003581.png,kenney_pico-8-city/Tilemap/tilemap.png,CC0-1.0
003582.png,kenney_pico-8-city/Tilemap/tilemap.png,CC0-1.0
003583.png,kenney_pico-8-city/Tilemap/tilemap.png,CC0-1.0
003584.png,kenney_pico-8-city/Tilemap/tilemap.png,CC0-1.0
003585.png,kenney_pico-8-city/Tilemap/tilemap.png,CC0-1.0
003586.png,kenney_pico-8-city/Tilemap/tilemap.png,CC0-1.0
003587.png,kenney_pico-8-city/Tilemap/tilemap.png,CC0-1.0
003588.png,kenney_pico-8-city/Tilemap/tilemap.png,CC0-1.0
003589.png,kenney_pico-8-city/Tilemap/tilemap.png,CC0-1.0
003590.png,kenney_pico-8-city/Tilemap/tilemap.png,CC0-1.0
003591.png,kenney_pico-8-city/Tilemap/tilemap.png,CC0-1.0
003592.png,kenney_pico-8-city/Tilemap/tilemap.png,CC0-1.0
003593.png,kenney_pico-8-city/Tilemap/tilemap.png,CC0-1.0
003594.png,kenney_pico-8-city/Tilemap/tilemap.png,CC0-1.0
003595.png,kenney_pico-8-city/Tilemap/tilemap.png,CC0-1.0
003596.png,kenney_pico-8-city/Tilemap/tilemap.png,CC0-1.0
003597.png,kenney_pico-8-city/Tilemap/tilemap.png,CC0-1.0
003598.png,kenney_pico-8-city/Tilemap/tilemap.png,CC0-1.0
003599.png,kenney_pico-8-city/Tilemap/tilemap.png,CC0-1.0
003600.png,kenney_pico-8-city/Tilemap/tilemap.png,CC0-1.0
003601.png,kenney_pico-8-city/Tilemap/tilemap.png,CC0-1.0
003602.png,kenney_pico-8-city/Tilemap/tilemap.png,CC0-1.0
003603.png,kenney_pico-8-city/Tilemap/tilemap.png,CC0-1.0
003604.png,kenney_pico-8-city/Tilemap/tilemap.png,CC0-1.0
003605.png,kenney_pico-8-city/Tilemap/tilemap.png,CC0-1.0
003606.png,kenney_pico-8-city/Tilemap/tilemap.png,CC0-1.0
003607.png,kenney_pico-8-city/Tilemap/tilemap.png,CC0-1.0
003608.png,kenney_pico-8-city/Tilemap/tilemap.png,CC0-1.0
003609.png,kenney_pico-8-city/Tilemap/tilemap.png,CC0-1.0
003610.png,kenney_pico-8-city/Tilemap/tilemap.png,CC0-1.0
003611.png,kenney_pico-8-city/Tilemap/tilemap.png,CC0-1.0
003612.png,kenney_pico-8-city/Tilemap/tilemap.png,CC0-1.0
003613.png,kenney_pico-8-city/Tilemap/tilemap.png,CC0-1.0
003614.png,kenney_pico-8-city/Tilemap/tilemap.png,CC0-1.0
003615.png,kenney_pico-8-city/Tilemap/tilemap.png,CC0-1.0
003616.png,kenney_pico-8-city/Tilemap/tilemap.png,CC0-1.0
003617.png,kenney_pico-8-city/Tilemap/tilemap.png,CC0-1.0
003618.png,kenney_pico-8-city/Tilemap/tilemap.png,CC0-1.0
003619.png,kenney_pico-8-city/Tilemap/tilemap.png,CC0-1.0
003620.png,kenney_pico-8-city/Tilemap/tilemap.png,CC0-1.0
003621.png,kenney_pico-8-city/Tilemap/tilemap.png,CC0-1.0
003622.png,kenney_pico-8-city/Tilemap/tilemap.png,CC0-1.0
003623.png,kenney_pico-8-city/Tilemap/tilemap.png,CC0-1.0
003624.png,kenney_pico-8-city/Tilemap/tilemap.png,CC0-1.0
003625.png,kenney_pico-8-city/Tilemap/tilemap.png,CC0-1.0
003626.png,kenney_pico-8-city/Tilemap/tilemap.png,CC0-1.0
003627.png,kenney_pico-8-city/Tilemap/tilemap.png,CC0-1.0
003628.png,kenney_pico-8-city/Tilemap/tilemap.png,CC0-1.0
003629.png,kenney_pico-8-city/Tilemap/tilemap.png,CC0-1.0
003630.png,kenney_pico-8-city/Tilemap/tilemap.png,CC0-1.0
003631.png,kenney_pico-8-city/Tilemap/tilemap.png,CC0-1.0
003632.png,kenney_pico-8-city/Tilemap/tilemap.png,CC0-1.0
003633.png,kenney_pico-8-city/Tilemap/tilemap.png,CC0-1.0
003634.png,kenney_pico-8-city/Tilemap/tilemap.png,CC0-1.0
003635.png,kenney_pico-8-city/Tilemap/tilemap.png,CC0-1.0
003636.png,kenney_pico-8-city/Tilemap/tilemap.png,CC0-1.0
003637.png,kenney_pico-8-city/Tilemap/tilemap.png,CC0-1.0
003638.png,kenney_pico-8-city/Tilemap/tilemap.png,CC0-1.0
003639.png,kenney_pico-8-city/Tilemap/tilemap.png,CC0-1.0
003640.png,kenney_pico-8-city/Tilemap/tilemap.png,CC0-1.0
003641.png,kenney_pico-8-city/Tilemap/tilemap.png,CC0-1.0
003642.png,kenney_pico-8-city/Tilemap/tilemap.png,CC0-1.0
003643.png,kenney_pico-8-city/Tilemap/tilemap.png,CC0-1.0
003644.png,kenney_pico-8-city/Tilemap/tilemap.png,CC0-1.0
003645.png,kenney_pico-8-city/Tilemap/tilemap.png,CC0-1.0
003646.png,kenney_pico-8-city/Tilemap/tilemap.png,CC0-1.0
003647.png,kenney_pico-8-city/Tilemap/tilemap.png,CC0-1.0
003648.png,kenney_pico-8-city/Tilemap/tilemap.png,CC0-1.0
003649.png,kenney_pico-8-city/Tilemap/tilemap.png,CC0-1.0
003650.png,kenney_pico-8-city/Tilemap/tilemap.png,CC0-1.0
003651.png,kenney_pico-8-city/Tilemap/tilemap.png,CC0-1.0
003652.png,kenney_pico-8-city/Tilemap/tilemap.png,CC0-1.0
003653.png,kenney_pico-8-city/Tilemap/tilemap.png,CC0-1.0
003654.png,kenney_pico-8-city/Tilemap/tilemap.png,CC0-1.0
003655.png,kenney_pico-8-city/Tilemap/tilemap.png,CC0-1.0
003656.png,kenney_pico-8-city/Tilemap/tilemap.png,CC0-1.0
003657.png,kenney_pico-8-city/Tilemap/tilemap.png,CC0-1.0
003658.png,kenney_pico-8-city/Tilemap/tilemap.png,CC0-1.0
003659.png,kenney_pico-8-city/Tilemap/tilemap.png,CC0-1.0
003660.png,kenney_pico-8-city/Tilemap/tilemap.png,CC0-1.0
003661.png,kenney_pico-8-city/Tilemap/tilemap.png,CC0-1.0
003662.png,kenney_pico-8-city/Tilemap/tilemap.png,CC0-1.0
003663.png,kenney_pico-8-city/Tilemap/tilemap.png,CC0-1.0
003664.png,kenney_pico-8-city/Tilemap/tilemap.png,CC0-1.0
003665.png,kenney_pico-8-city/Tilemap/tilemap.png,CC0-1.0
003666.png,kenney_pico-8-city/Tilemap/tilemap.png,CC0-1.0
003667.png,kenney_pico-8-city/Tilemap/tilemap.png,CC0-1.0
003668.png,kenney_pico-8-city/Tilemap/tilemap.png,CC0-1.0
003669.png,kenney_pico-8-city/Tilemap/tilemap.png,CC0-1.0
003670.png,kenney_pico-8-city/Tilemap/tilemap.png,CC0-1.0
003671.png,kenney_pico-8-city/Tilemap/tilemap.png,CC0-1.0
003672.png,kenney_pico-8-city/Tilemap/tilemap.png,CC0-1.0
003673.png,kenney_pico-8-city/Tilemap/tilemap.png,CC0-1.0
003674.png,kenney_pico-8-city/Tilemap/tilemap.png,CC0-1.0
003675.png,kenney_pico-8-city/Tilemap/tilemap.png,CC0-1.0
003676.png,kenney_pico-8-city/Tilemap/tilemap.png,CC0-1.0
003677.png,kenney_pico-8-city/Tilemap/tilemap.png,CC0-1.0
003678.png,kenney_pico-8-city/Tilemap/tilemap.png,CC0-1.0
003679.png,kenney_pico-8-city/Tilemap/tilemap.png,CC0-1.0
003680.png,kenney_pico-8-city/Tilemap/tilemap.png,CC0-1.0
003681.png,kenney_pico-8-city/Tilemap/tilemap.png,CC0-1.0
003682.png,kenney_pico-8-city/Tilemap/tilemap.png,CC0-1.0
003683.png,kenney_pico-8-city/Tilemap/tilemap.png,CC0-1.0
003684.png,kenney_pico-8-city/Tilemap/tilemap.png,CC0-1.0
003685.png,kenney_pico-8-city/Tilemap/tilemap.png,CC0-1.0
003686.png,kenney_pico-8-city/Tilemap/tilemap.png,CC0-1.0
003687.png,kenney_pico-8-city/Tilemap/tilemap.png,CC0-1.0
003688.png,kenney_pico-8-city/Tilemap/tilemap.png,CC0-1.0
003689.png,kenney_pico-8-city/Tilemap/tilemap.png,CC0-1.0
003690.png,kenney_pico-8-city/Tilemap/tilemap.png,CC0-1.0
003691.png,kenney_pico-8-city/Tilemap/tilemap.png,CC0-1.0
003692.png,kenney_pico-8-city/Tilemap/tilemap.png,CC0-1.0
003693.png,kenney_pico-8-city/Tilemap/tilemap.png,CC0-1.0
003694.png,kenney_pico-8-city/Tilemap/tilemap.png,CC0-1.0
003695.png,kenney_pico-8-city/Tilemap/tilemap.png,CC0-1.0
003696.png,kenney_pico-8-city/Tilemap/tilemap.png,CC0-1.0
003697.png,kenney_pico-8-city/Tilemap/tilemap.png,CC0-1.0
003698.png,kenney_pico-8-city/Tilemap/tilemap.png,CC0-1.0
003699.png,kenney_pico-8-city/Tilemap/tilemap.png,CC0-1.0
003700.png,kenney_pico-8-city/Tilemap/tilemap.png,CC0-1.0
003701.png,kenney_pico-8-city/Tilemap/tilemap.png,CC0-1.0
003702.png,kenney_pico-8-city/Tilemap/tilemap.png,CC0-1.0
003703.png,kenney_pico-8-city/Tilemap/tilemap.png,CC0-1.0
003704.png,kenney_pico-8-city/Tilemap/tilemap.png,CC0-1.0
003705.png,kenney_pico-8-city/Tilemap/tilemap.png,CC0-1.0
003706.png,kenney_pico-8-city/Tilemap/tilemap.png,CC0-1.0
003707.png,kenney_pico-8-city/Tilemap/tilemap.png,CC0-1.0
003708.png,kenney_pico-8-city/Tilemap/tilemap.png,CC0-1.0
003709.png,kenney_pico-8-city/Tilemap/tilemap.png,CC0-1.0
003710.png,kenney_pico-8-city/Tilemap/tilemap.png,CC0-1.0
003711.png,kenney_pico-8-city/Tilemap/tilemap.png,CC0-1.0
003712.png,kenney_pico-8-city/Tilemap/tilemap.png,CC0-1.0
003713.png,kenney_pico-8-city/Tilemap/tilemap.png,CC0-1.0
003714.png,kenney_pico-8-platformer/Default/Tilemap/tilemap.png,CC0-1.0
003715.png,kenney_pico-8-platformer/Default/Tilemap/tilemap.png,CC0-1.0
003716.png,kenney_pico-8-platformer/Default/Tilemap/tilemap.png,CC0-1.0
003717.png,kenney_pico-8-platformer/Default/Tilemap/tilemap.png,CC0-1.0
003718.png,kenney_pico-8-platformer/Default/Tilemap/tilemap.png,CC0-1.0
003719.png,kenney_pico-8-platformer/Default/Tilemap/tilemap.png,CC0-1.0
003720.png,kenney_pico-8-platformer/Default/Tilemap/tilemap.png,CC0-1.0
003721.png,kenney_pico-8-platformer/Default/Tilemap/tilemap.png,CC0-1.0
003722.png,kenney_pico-8-platformer/Default/Tilemap/tilemap.png,CC0-1.0
003723.png,kenney_pico-8-platformer/Default/Tilemap/tilemap.png,CC0-1.0
003724.png,kenney_pico-8-platformer/Default/Tilemap/tilemap.png,CC0-1.0
003725.png,kenney_pico-8-platformer/Default/Tilemap/tilemap.png,CC0-1.0
003726.png,kenney_pico-8-platformer/Default/Tilemap/tilemap.png,CC0-1.0
003727.png,kenney_pico-8-platformer/Default/Tilemap/tilemap.png,CC0-1.0
003728.png,kenney_pico-8-platformer/Default/Tilemap/tilemap.png,CC0-1.0
003729.png,kenney_pico-8-platformer/Default/Tilemap/tilemap.png,CC0-1.0
003730.png,kenney_pico-8-platformer/Default/Tilemap/tilemap.png,CC0-1.0
003731.png,kenney_pico-8-platformer/Default/Tilemap/tilemap.png,CC0-1.0
003732.png,kenney_pico-8-platformer/Default/Tilemap/tilemap.png,CC0-1.0
003733.png,kenney_pico-8-platformer/Default/Tilemap/tilemap.png,CC0-1.0
003734.png,kenney_pico-8-platformer/Default/Tilemap/tilemap.png,CC0-1.0
003735.png,kenney_pico-8-platformer/Default/Tilemap/tilemap.png,CC0-1.0
003736.png,kenney_pico-8-platformer/Default/Tilemap/tilemap.png,CC0-1.0
003737.png,kenney_pico-8-platformer/Default/Tilemap/tilemap.png,CC0-1.0
003738.png,kenney_pico-8-platformer/Default/Tilemap/tilemap.png,CC0-1.0
003739.png,kenney_pico-8-platformer/Default/Tilemap/tilemap.png,CC0-1.0
003740.png,kenney_pico-8-platformer/Default/Tilemap/tilemap.png,CC0-1.0
003741.png,kenney_pico-8-platformer/Default/Tilemap/tilemap.png,CC0-1.0
003742.png,kenney_pico-8-platformer/Default/Tilemap/tilemap.png,CC0-1.0
003743.png,kenney_pico-8-platformer/Default/Tilemap/tilemap.png,CC0-1.0
003744.png,kenney_pico-8-platformer/Default/Tilemap/tilemap.png,CC0-1.0
003745.png,kenney_pico-8-platformer/Default/Tilemap/tilemap.png,CC0-1.0
003746.png,kenney_pico-8-platformer/Default/Tilemap/tilemap.png,CC0-1.0
003747.png,kenney_pico-8-platformer/Default/Tilemap/tilemap.png,CC0-1.0
003748.png,kenney_pico-8-platformer/Default/Tilemap/tilemap.png,CC0-1.0
003749.png,kenney_pico-8-platformer/Default/Tilemap/tilemap.png,CC0-1.0
003750.png,kenney_pico-8-platformer/Default/Tilemap/tilemap.png,CC0-1.0
003751.png,kenney_pico-8-platformer/Default/Tilemap/tilemap.png,CC0-1.0
003752.png,kenney_pico-8-platformer/Default/Tilemap/tilemap.png,CC0-1.0
003753.png,kenney_pico-8-platformer/Default/Tilemap/tilemap.png,CC0-1.0
003754.png,kenney_pico-8-platformer/Default/Tilemap/tilemap.png,CC0-1.0
003755.png,kenney_pico-8-platformer/Default/Tilemap/tilemap.png,CC0-1.0
003756.png,kenney_pico-8-platformer/Default/Tilemap/tilemap.png,CC0-1.0
003757.png,kenney_pico-8-platformer/Default/Tilemap/tilemap.png,CC0-1.0
003758.png,kenney_pico-8-platformer/Default/Tilemap/tilemap.png,CC0-1.0
003759.png,kenney_pico-8-platformer/Default/Tilemap/tilemap.png,CC0-1.0
003760.png,kenney_pico-8-platformer/Default/Tilemap/tilemap.png,CC0-1.0
003761.png,kenney_pico-8-platformer/Default/Tilemap/tilemap.png,CC0-1.0
003762.png,kenney_pico-8-platformer/Default/Tilemap/tilemap.png,CC0-1.0
003763.png,kenney_pico-8-platformer/Default/Tilemap/tilemap.png,CC0-1.0
003764.png,kenney_pico-8-platformer/Default/Tilemap/tilemap.png,CC0-1.0
003765.png,kenney_pico-8-platformer/Default/Tilemap/tilemap.png,CC0-1.0
003766.png,kenney_pico-8-platformer/Default/Tilemap/tilemap.png,CC0-1.0
003767.png,kenney_pico-8-platformer/Default/Tilemap/tilemap.png,CC0-1.0
003768.png,kenney_pico-8-platformer/Default/Tilemap/tilemap.png,CC0-1.0
003769.png,kenney_pico-8-platformer/Default/Tilemap/tilemap.png,CC0-1.0
003770.png,kenney_pico-8-platformer/Default/Tilemap/tilemap.png,CC0-1.0
003771.png,kenney_pico-8-platformer/Default/Tilemap/tilemap.png,CC0-1.0
003772.png,kenney_pico-8-platformer/Default/Tilemap/tilemap.png,CC0-1.0
003773.png,kenney_pico-8-platformer/Default/Tilemap/tilemap.png,CC0-1.0
003774.png,kenney_pico-8-platformer/Default/Tilemap/tilemap.png,CC0-1.0
003775.png,kenney_pico-8-platformer/Default/Tilemap/tilemap.png,CC0-1.0
003776.png,kenney_pico-8-platformer/Default/Tilemap/tilemap.png,CC0-1.0
003777.png,kenney_pico-8-platformer/Default/Tilemap/tilemap.png,CC0-1.0
003778.png,kenney_pico-8-platformer/Default/Tilemap/tilemap.png,CC0-1.0
003779.png,kenney_pico-8-platformer/Default/Tilemap/tilemap.png,CC0-1.0
003780.png,kenney_pico-8-platformer/Default/Tilemap/tilemap.png,CC0-1.0
003781.png,kenney_pico-8-platformer/Default/Tilemap/tilemap.png,CC0-1.0
003782.png,kenney_pico-8-platformer/Default/Tilemap/tilemap.png,CC0-1.0
003783.png,kenney_pico-8-platformer/Default/Tilemap/tilemap.png,CC0-1.0
003784.png,kenney_pico-8-platformer/Default/Tilemap/tilemap.png,CC0-1.0
003785.png,kenney_pico-8-platformer/Default/Tilemap/tilemap.png,CC0-1.0
003786.png,kenney_pico-8-platformer/Default/Tilemap/tilemap.png,CC0-1.0
003787.png,kenney_pico-8-platformer/Default/Tilemap/tilemap.png,CC0-1.0
003788.png,kenney_pico-8-platformer/Default/Tilemap/tilemap.png,CC0-1.0
003789.png,kenney_pico-8-platformer/Default/Tilemap/tilemap.png,CC0-1.0
003790.png,kenney_pico-8-platformer/Default/Tilemap/tilemap.png,CC0-1.0
003791.png,kenney_pico-8-platformer/Default/Tilemap/tilemap.png,CC0-1.0
003792.png,kenney_pico-8-platformer/Default/Tilemap/tilemap.png,CC0-1.0
003793.png,kenney_pico-8-platformer/Default/Tilemap/tilemap.png,CC0-1.0
003794.png,kenney_pico-8-platformer/Default/Tilemap/tilemap.png,CC0-1.0
003795.png,kenney_pico-8-platformer/Default/Tilemap/tilemap.png,CC0-1.0
003796.png,kenney_pico-8-platformer/Default/Tilemap/tilemap.png,CC0-1.0
003797.png,kenney_pico-8-platformer/Default/Tilemap/tilemap.png,CC0-1.0
003798.png,kenney_pico-8-platformer/Default/Tilemap/tilemap.png,CC0-1.0
003799.png,kenney_pico-8-platformer/Default/Tilemap/tilemap.png,CC0-1.0
003800.png,kenney_pico-8-platformer/Default/Tilemap/tilemap.png,CC0-1.0
003801.png,kenney_pico-8-platformer/Default/Tilemap/tilemap.png,CC0-1.0
003802.png,kenney_pico-8-platformer/Default/Tilemap/tilemap.png,CC0-1.0
003803.png,kenney_pico-8-platformer/Default/Tilemap/tilemap.png,CC0-1.0
003804.png,kenney_pico-8-platformer/Default/Tilemap/tilemap.png,CC0-1.0
003805.png,kenney_pico-8-platformer/Default/Tilemap/tilemap.png,CC0-1.0
003806.png,kenney_pico-8-platformer/Default/Tilemap/tilemap.png,CC0-1.0
003807.png,kenney_pico-8-platformer/Default/Tilemap/tilemap.png,CC0-1.0
003808.png,kenney_pico-8-platformer/Default/Tilemap/tilemap.png,CC0-1.0
003809.png,kenney_pico-8-platformer/Default/Tilemap/tilemap.png,CC0-1.0
003810.png,kenney_pico-8-platformer/Default/Tilemap/tilemap.png,CC0-1.0
003811.png,kenney_pico-8-platformer/Default/Tilemap/tilemap.png,CC0-1.0
003812.png,kenney_pico-8-platformer/Default/Tilemap/tilemap.png,CC0-1.0
003813.png,kenney_pico-8-platformer/Default/Tilemap/tilemap.png,CC0-1.0
003814.png,kenney_pico-8-platformer/Default/Tilemap/tilemap.png,CC0-1.0
003815.png,kenney_pico-8-platformer/Default/Tilemap/tilemap.png,CC0-1.0
003816.png,kenney_pico-8-platformer/Default/Tilemap/tilemap.png,CC0-1.0
003817.png,kenney_pico-8-platformer/Default/Tilemap/tilemap.png,CC0-1.0
003818.png,kenney_pico-8-platformer/Default/Tilemap/tilemap.png,CC0-1.0
003819.png,kenney_pico-8-platformer/Default/Tilemap/tilemap.png,CC0-1.0
003820.png,kenney_pico-8-platformer/Default/Tilemap/tilemap.png,CC0-1.0
003821.png,kenney_pico-8-platformer/Default/Tilemap/tilemap.png,CC0-1.0
003822.png,kenney_pico-8-platformer/Default/Tilemap/tilemap.png,CC0-1.0
003823.png,kenney_pico-8-platformer/Default/Tilemap/tilemap.png,CC0-1.0
003824.png,kenney_pico-8-platformer/Default/Tilemap/tilemap.png,CC0-1.0
003825.png,kenney_pico-8-platformer/Default/Tilemap/tilemap.png,CC0-1.0
003826.png,kenney_pico-8-platformer/Default/Tilemap/tilemap.png,CC0-1.0
003827.png,kenney_pico-8-platformer/Default/Tilemap/tilemap.png,CC0-1.0
003828.png,kenney_pico-8-platformer/Default/Tilemap/tilemap.png,CC0-1.0
003829.png,kenney_pico-8-platformer/Default/Tilemap/tilemap.png,CC0-1.0
003830.png,kenney_pico-8-platformer/Default/Tilemap/tilemap.png,CC0-1.0
003831.png,kenney_pico-8-platformer/Default/Tilemap/tilemap.png,CC0-1.0
003832.png,kenney_pico-8-platformer/Default/Tilemap/tilemap.png,CC0-1.0
003833.png,kenney_pico-8-platformer/Default/Tilemap/tilemap.png,CC0-1.0
003834.png,kenney_pico-8-platformer/Default/Tilemap/tilemap.png,CC0-1.0
003835.png,kenney_pico-8-platformer/Default/Tilemap/tilemap.png,CC0-1.0
003836.png,kenney_pico-8-platformer/Default/Tilemap/tilemap.png,CC0-1.0
003837.png,kenney_pico-8-platformer/Default/Tilemap/tilemap.png,CC0-1.0
003838.png,kenney_pico-8-platformer/Default/Tilemap/tilemap.png,CC0-1.0
003839.png,kenney_pico-8-platformer/Default/Tilemap/tilemap.png,CC0-1.0
003840.png,kenney_pico-8-platformer/Default/Tilemap/tilemap.png,CC0-1.0
003841.png,kenney_pico-8-platformer/Default/Tilemap/tilemap.png,CC0-1.0
003842.png,kenney_pico-8-platformer/Default/Tilemap/tilemap.png,CC0-1.0
003843.png,kenney_pico-8-platformer/Default/Tilemap/tilemap.png,CC0-1.0
003844.png,kenney_pico-8-platformer/Default/Tilemap/tilemap.png,CC0-1.0
003845.png,kenney_pico-8-platformer/Default/Tilemap/tilemap.png,CC0-1.0
003846.png,kenney_pico-8-platformer/Default/Tilemap/tilemap.png,CC0-1.0
003847.png,kenney_pico-8-platformer/Default/Tilemap/tilemap.png,CC0-1.0
003848.png,kenney_pico-8-platformer/Default/Tilemap/tilemap.png,CC0-1.0
003849.png,kenney_pico-8-platformer/Default/Tilemap/tilemap.png,CC0-1.0
003850.png,kenney_pico-8-platformer/Default/Tilemap/tilemap.png,CC0-1.0
003851.png,kenney_pico-8-platformer/Default/Tilemap/tilemap.png,CC0-1.0
003852.png,kenney_pico-8-platformer/Default/Tilemap/tilemap.png,CC0-1.0
003853.png,kenney_pico-8-platformer/Default/Tilemap/tilemap.png,CC0-1.0
003854.png,kenney_pico-8-platformer/Default/Tilemap/tilemap.png,CC0-1.0
003855.png,kenney_pico-8-platformer/Default/Tilemap/tilemap.png,CC0-1.0
003856.png,kenney_pico-8-platformer/Default/Tilemap/tilemap.png,CC0-1.0
003857.png,kenney_pico-8-platformer/Default/Tilemap/tilemap.png,CC0-1.0
003858.png,kenney_pico-8-platformer/Default/Tilemap/tilemap.png,CC0-1.0
003859.png,kenney_pico-8-platformer/Default/Tilemap/tilemap.png,CC0-1.0
003860.png,kenney_pico-8-platformer/Default/Tilemap/tilemap.png,CC0-1.0
003861.png,kenney_pico-8-platformer/Transparent/Tilemap/tilemap.png,CC0-1.0
003862.png,kenney_pico-8-platformer/Transparent/Tilemap/tilemap.png,CC0-1.0
003863.png,kenney_pico-8-platformer/Transparent/Tilemap/tilemap.png,CC0-1.0
003864.png,kenney_pico-8-platformer/Transparent/Tilemap/tilemap.png,CC0-1.0
003865.png,kenney_pico-8-platformer/Transparent/Tilemap/tilemap.png,CC0-1.0
003866.png,kenney_pico-8-platformer/Transparent/Tilemap/tilemap.png,CC0-1.0
003867.png,kenney_pico-8-platformer/Transparent/Tilemap/tilemap.png,CC0-1.0
003868.png,kenney_pico-8-platformer/Transparent/Tilemap/tilemap.png,CC0-1.0
003869.png,kenney_pico-8-platformer/Transparent/Tilemap/tilemap.png,CC0-1.0
003870.png,kenney_pico-8-platformer/Transparent/Tilemap/tilemap.png,CC0-1.0
003871.png,kenney_pico-8-platformer/Transparent/Tilemap/tilemap.png,CC0-1.0
003872.png,kenney_pico-8-platformer/Transparent/Tilemap/tilemap.png,CC0-1.0
003873.png,kenney_pico-8-platformer/Transparent/Tilemap/tilemap.png,CC0-1.0
003874.png,kenney_pico-8-platformer/Transparent/Tilemap/tilemap.png,CC0-1.0
003875.png,kenney_pico-8-platformer/Transparent/Tilemap/tilemap.png,CC0-1.0
003876.png,kenney_pico-8-platformer/Transparent/Tilemap/tilemap.png,CC0-1.0
003877.png,kenney_pico-8-platformer/Transparent/Tilemap/tilemap.png,CC0-1.0
003878.png,kenney_pico-8-platformer/Transparent/Tilemap/tilemap.png,CC0-1.0
003879.png,kenney_pico-8-platformer/Transparent/Tilemap/tilemap.png,CC0-1.0
003880.png,kenney_pico-8-platformer/Transparent/Tilemap/tilemap.png,CC0-1.0
003881.png,kenney_pico-8-platformer/Transparent/Tilemap/tilemap.png,CC0-1.0
003882.png,kenney_pico-8-platformer/Transparent/Tilemap/tilemap.png,CC0-1.0
003883.png,kenney_pico-8-platformer/Transparent/Tilemap/tilemap.png,CC0-1.0
003884.png,kenney_pico-8-platformer/Transparent/Tilemap/tilemap.png,CC0-1.0
003885.png,kenney_pico-8-platformer/Transparent/Tilemap/tilemap.png,CC0-1.0
003886.png,kenney_pico-8-platformer/Transparent/Tilemap/tilemap.png,CC0-1.0
003887.png,kenney_pico-8-platformer/Transparent/Tilemap/tilemap.png,CC0-1.0
003888.png,kenney_pico-8-platformer/Transparent/Tilemap/tilemap.png,CC0-1.0
003889.png,kenney_pico-8-platformer/Transparent/Tilemap/tilemap.png,CC0-1.0
003890.png,kenney_pico-8-platformer/Transparent/Tilemap/tilemap.png,CC0-1.0
003891.png,kenney_pico-8-platformer/Transparent/Tilemap/tilemap.png,CC0-1.0
003892.png,kenney_pico-8-platformer/Transparent/Tilemap/tilemap.png,CC0-1.0
003893.png,kenney_pico-8-platformer/Transparent/Tilemap/tilemap.png,CC0-1.0
003894.png,kenney_pico-8-platformer/Transparent/Tilemap/tilemap.png,CC0-1.0
003895.png,kenney_pico-8-platformer/Transparent/Tilemap/tilemap.png,CC0-1.0
003896.png,kenney_pico-8-platformer/Transparent/Tilemap/tilemap.png,CC0-1.0
003897.png,kenney_pico-8-platformer/Transparent/Tilemap/tilemap.png,CC0-1.0
003898.png,kenney_pico-8-platformer/Transparent/Tilemap/tilemap.png,CC0-1.0
003899.png,kenney_pico-8-platformer/Transparent/Tilemap/tilemap.png,CC0-1.0
003900.png,kenney_pico-8-platformer/Transparent/Tilemap/tilemap.png,CC0-1.0
003901.png,kenney_pico-8-platformer/Transparent/Tilemap/tilemap_packed.png,CC0-1.0
003902.png,kenney_pico-8-platformer/Transparent/Tilemap/tilemap_packed.png,CC0-1.0
003903.png,kenney_pixel-platformer-food-expansion/Tilemap/tilemap.png,CC0-1.0
003904.png,kenney_pixel-platformer-food-expansion/Tilemap/tilemap.png,CC0-1.0
003905.png,kenney_pixel-platformer-food-expansion/Tilemap/tilemap.png,CC0-1.0
003906.png,kenney_pixel-platformer-food-expansion/Tilemap/tilemap.png,CC0-1.0
003907.png,kenney_pixel-platformer-food-expansion/Tilemap/tilemap.png,CC0-1.0
003908.png,kenney_pixel-platformer-food-expansion/Tilemap/tilemap.png,CC0-1.0
003909.png,kenney_pixel-platformer-food-expansion/Tilemap/tilemap.png,CC0-1.0
003910.png,kenney_pixel-platformer-food-expansion/Tilemap/tilemap.png,CC0-1.0
003911.png,kenney_pixel-platformer-food-expansion/Tilemap/tilemap.png,CC0-1.0
003912.png,kenney_pixel-platformer-food-expansion/Tilemap/tilemap.png,CC0-1.0
003913.png,kenney_pixel-platformer-food-expansion/Tilemap/tilemap.png,CC0-1.0
003914.png,kenney_pixel-platformer-food-expansion/Tilemap/tilemap.png,CC0-1.0
003915.png,kenney_pixel-platformer-food-expansion/Tilemap/tilemap.png,CC0-1.0
003916.png,kenney_pixel-platformer-food-expansion/Tilemap/tilemap.png,CC0-1.0
003917.png,kenney_pixel-platformer-food-expansion/Tilemap/tilemap.png,CC0-1.0
003918.png,kenney_pixel-platformer-food-expansion/Tilemap/tilemap.png,CC0-1.0
003919.png,kenney_pixel-platformer-food-expansion/Tilemap/tilemap.png,CC0-1.0
003920.png,kenney_pixel-platformer-food-expansion/Tilemap/tilemap.png,CC0-1.0
003921.png,kenney_pixel-platformer-food-expansion/Tilemap/tilemap.png,CC0-1.0
003922.png,kenney_pixel-platformer-food-expansion/Tilemap/tilemap.png,CC0-1.0
003923.png,kenney_pixel-platformer-food-expansion/Tilemap/tilemap.png,CC0-1.0
003924.png,kenney_pixel-platformer-food-expansion/Tilemap/tilemap.png,CC0-1.0
003925.png,kenney_pixel-platformer-food-expansion/Tilemap/tilemap.png,CC0-1.0
003926.png,kenney_pixel-platformer-food-expansion/Tilemap/tilemap.png,CC0-1.0
003927.png,kenney_pixel-platformer-food-expansion/Tilemap/tilemap.png,CC0-1.0
003928.png,kenney_pixel-platformer-food-expansion/Tilemap/tilemap.png,CC0-1.0
003929.png,kenney_pixel-platformer-food-expansion/Tilemap/tilemap.png,CC0-1.0
003930.png,kenney_pixel-platformer-food-expansion/Tilemap/tilemap.png,CC0-1.0
003931.png,kenney_pixel-platformer-food-expansion/Tilemap/tilemap.png,CC0-1.0
003932.png,kenney_pixel-platformer-food-expansion/Tilemap/tilemap.png,CC0-1.0
003933.png,kenney_pixel-platformer-food-expansion/Tilemap/tilemap.png,CC0-1.0
003934.png,kenney_pixel-platformer-food-expansion/Tilemap/tilemap.png,CC0-1.0
003935.png,kenney_pixel-platformer-food-expansion/Tilemap/tilemap.png,CC0-1.0
003936.png,kenney_pixel-platformer-food-expansion/Tilemap/tilemap.png,CC0-1.0
003937.png,kenney_pixel-platformer-food-expansion/Tilemap/tilemap.png,CC0-1.0
003938.png,kenney_pixel-platformer-food-expansion/Tilemap/tilemap.png,CC0-1.0
003939.png,kenney_pixel-platformer-food-expansion/Tilemap/tilemap.png,CC0-1.0
003940.png,kenney_pixel-platformer-food-expansion/Tilemap/tilemap.png,CC0-1.0
003941.png,kenney_pixel-platformer-food-expansion/Tilemap/tilemap.png,CC0-1.0
003942.png,kenney_pixel-platformer-food-expansion/Tilemap/tilemap.png,CC0-1.0
003943.png,kenney_pixel-platformer-food-expansion/Tilemap/tilemap.png,CC0-1.0
003944.png,kenney_pixel-platformer-food-expansion/Tilemap/tilemap.png,CC0-1.0
003945.png,kenney_pixel-platformer-food-expansion/Tilemap/tilemap.png,CC0-1.0
003946.png,kenney_pixel-platformer-food-expansion/Tilemap/tilemap.png,CC0-1.0
003947.png,kenney_pixel-platformer-food-expansion/Tilemap/tilemap.png,CC0-1.0
003948.png,kenney_pixel-platformer-food-expansion/Tilemap/tilemap.png,CC0-1.0
003949.png,kenney_pixel-platformer-food-expansion/Tilemap/tilemap.png,CC0-1.0
003950.png,kenney_pixel-platformer-food-expansion/Tilemap/tilemap.png,CC0-1.0
003951.png,kenney_pixel-platformer-food-expansion/Tilemap/tilemap.png,CC0-1.0
003952.png,kenney_pixel-platformer-food-expansion/Tilemap/tilemap.png,CC0-1.0
003953.png,kenney_pixel-platformer-food-expansion/Tilemap/tilemap.png,CC0-1.0
003954.png,kenney_pixel-platformer-food-expansion/Tilemap/tilemap.png,CC0-1.0
003955.png,kenney_pixel-platformer-food-expansion/Tilemap/tilemap.png,CC0-1.0
003956.png,kenney_pixel-platformer-food-expansion/Tilemap/tilemap.png,CC0-1.0
003957.png,kenney_pixel-platformer-food-expansion/Tilemap/tilemap.png,CC0-1.0
003958.png,kenney_pixel-platformer-food-expansion/Tilemap/tilemap.png,CC0-1.0
003959.png,kenney_pixel-platformer-food-expansion/Tilemap/tilemap.png,CC0-1.0
003960.png,kenney_pixel-platformer-food-expansion/Tilemap/tilemap.png,CC0-1.0
003961.png,kenney_pixel-platformer-food-expansion/Tilemap/tilemap.png,CC0-1.0
003962.png,kenney_pixel-platformer-food-expansion/Tilemap/tilemap.png,CC0-1.0
003963.png,kenney_pixel-platformer-food-expansion/Tilemap/tilemap.png,CC0-1.0
003964.png,kenney_pixel-platformer-food-expansion/Tilemap/tilemap.png,CC0-1.0
003965.png,kenney_pixel-platformer-food-expansion/Tilemap/tilemap.png,CC0-1.0
003966.png,kenney_pixel-platformer-food-expansion/Tilemap/tilemap.png,CC0-1.0
003967.png,kenney_pixel-platformer-food-expansion/Tilemap/tilemap.png,CC0-1.0
003968.png,kenney_pixel-platformer-food-expansion/Tilemap/tilemap.png,CC0-1.0
003969.png,kenney_pixel-platformer-food-expansion/Tilemap/tilemap.png,CC0-1.0
003970.png,kenney_pixel-platformer-food-expansion/Tilemap/tilemap.png,CC0-1.0
003971.png,kenney_pixel-platformer-food-expansion/Tilemap/tilemap.png,CC0-1.0
003972.png,kenney_pixel-platformer-food-expansion/Tilemap/tilemap.png,CC0-1.0
003973.png,kenney_pixel-platformer-food-expansion/Tilemap/tilemap.png,CC0-1.0
003974.png,kenney_pixel-platformer-food-expansion/Tilemap/tilemap.png,CC0-1.0
003975.png,kenney_pixel-platformer-food-expansion/Tilemap/tilemap.png,CC0-1.0
003976.png,kenney_pixel-platformer-food-expansion/Tilemap/tilemap.png,CC0-1.0
003977.png,kenney_pixel-platformer-food-expansion/Tilemap/tilemap.png,CC0-1.0
003978.png,kenney_pixel-platformer-food-expansion/Tilemap/tilemap.png,CC0-1.0
003979.png,kenney_pixel-platformer-food-expansion/Tilemap/tilemap.png,CC0-1.0
003980.png,kenney_pixel-platformer-food-expansion/Tilemap/tilemap.png,CC0-1.0
003981.png,kenney_pixel-platformer-food-expansion/Tilemap/tilemap.png,CC0-1.0
003982.png,kenney_pixel-platformer-food-expansion/Tilemap/tilemap.png,CC0-1.0
003983.png,kenney_pixel-platformer-food-expansion/Tilemap/tilemap.png,CC0-1.0
003984.png,kenney_pixel-platformer-food-expansion/Tilemap/tilemap.png,CC0-1.0
003985.png,kenney_pixel-platformer-food-expansion/Tilemap/tilemap.png,CC0-1.0
003986.png,kenney_pixel-platformer-food-expansion/Tilemap/tilemap.png,CC0-1.0
003987.png,kenney_pixel-platformer-food-expansion/Tilemap/tilemap.png,CC0-1.0
003988.png,kenney_pixel-platformer-food-expansion/Tilemap/tilemap.png,CC0-1.0
003989.png,kenney_pixel-platformer-food-expansion/Tilemap/tilemap.png,CC0-1.0
003990.png,kenney_pixel-platformer-food-expansion/Tilemap/tilemap.png,CC0-1.0
003991.png,kenney_pixel-platformer-food-expansion/Tilemap/tilemap.png,CC0-1.0
003992.png,kenney_pixel-platformer-food-expansion/Tilemap/tilemap.png,CC0-1.0
003993.png,kenney_pixel-platformer-food-expansion/Tilemap/tilemap.png,CC0-1.0
003994.png,kenney_pixel-platformer-food-expansion/Tilemap/tilemap.png,CC0-1.0
003995.png,kenney_pixel-platformer-food-expansion/Tilemap/tilemap.png,CC0-1.0
003996.png,kenney_pixel-platformer-food-expansion/Tilemap/tilemap.png,CC0-1.0
003997.png,kenney_pixel-platformer-food-expansion/Tilemap/tilemap.png,CC0-1.0
003998.png,kenney_pixel-platformer-food-expansion/Tilemap/tilemap.png,CC0-1.0
003999.png,kenney_pixel-platformer-food-expansion/Tilemap/tilemap.png,CC0-1.0
004000.png,kenney_pixel-platformer-food-expansion/Tilemap/tilemap.png,CC0-1.0
004001.png,kenney_pixel-platformer-food-expansion/Tilemap/tilemap.png,CC0-1.0
004002.png,kenney_pixel-platformer-food-expansion/Tilemap/tilemap.png,CC0-1.0
004003.png,kenney_pixel-platformer-food-expansion/Tilemap/tilemap.png,CC0-1.0
004004.png,kenney_pixel-platformer-food-expansion/Tilemap/tilemap.png,CC0-1.0
004005.png,kenney_pixel-platformer-food-expansion/Tilemap/tilemap.png,CC0-1.0
004006.png,kenney_pixel-platformer-food-expansion/Tilemap/tilemap.png,CC0-1.0
004007.png,kenney_pixel-platformer-food-expansion/Tilemap/tilemap.png,CC0-1.0
004008.png,kenney_pixel-platformer-food-expansion/Tilemap/tilemap.png,CC0-1.0
004009.png,kenney_pixel-platformer-food-expansion/Tilemap/tilemap.png,CC0-1.0
004010.png,kenney_pixel-platformer-food-expansion/Tilemap/tilemap.png,CC0-1.0
004011.png,kenney_pixel-platformer-food-expansion/Tilemap/tilemap.png,CC0-1.0
004012.png,kenney_pixel-platformer-food-expansion/Tilemap/tilemap.png,CC0-1.0
004013.png,kenney_pixel-platformer-food-expansion/Tilemap/tilemap_packed.png,CC0-1.0
004014.png,kenney_pixel-platformer/Tilemap/tilemap-characters.png,CC0-1.0
004015.png,kenney_pixel-platformer/Tilemap/tilemap-characters.png,CC0-1.0
004016.png,kenney_pixel-platformer/Tilemap/tilemap-characters.png,CC0-1.0
004017.png,kenney_pixel-platformer/Tilemap/tilemap-characters.png,CC0-1.0
004018.png,kenney_pixel-platformer/Tilemap/tilemap-characters.png,CC0-1.0
004019.png,kenney_pixel-platformer/Tilemap/tilemap-characters.png,CC0-1.0
004020.png,kenney_pixel-platformer/Tilemap/tilemap-characters.png,CC0-1.0
004021.png,kenney_pixel-platformer/Tilemap/tilemap-characters.png,CC0-1.0
004022.png,kenney_pixel-platformer/Tilemap/tilemap-characters.png,CC0-1.0
004023.png,kenney_pixel-platformer/Tilemap/tilemap-characters.png,CC0-1.0
004024.png,kenney_pixel-platformer/Tilemap/tilemap-characters.png,CC0-1.0
004025.png,kenney_pixel-platformer/Tilemap/tilemap-characters.png,CC0-1.0
004026.png,kenney_pixel-platformer/Tilemap/tilemap-characters.png,CC0-1.0
004027.png,kenney_pixel-platformer/Tilemap/tilemap-characters.png,CC0-1.0
004028.png,kenney_pixel-platformer/Tilemap/tilemap-characters.png,CC0-1.0
004029.png,kenney_pixel-platformer/Tilemap/tilemap-characters.png,CC0-1.0
004030.png,kenney_pixel-platformer/Tilemap/tilemap-characters.png,CC0-1.0
004031.png,kenney_pixel-platformer/Tilemap/tilemap-characters.png,CC0-1.0
004032.png,kenney_pixel-platformer/Tilemap/tilemap-characters.png,CC0-1.0
004033.png,kenney_pixel-platformer/Tilemap/tilemap-characters.png,CC0-1.0
004034.png,kenney_pixel-platformer/Tilemap/tilemap-characters.png,CC0-1.0
004035.png,kenney_pixel-platformer/Tilemap/tilemap-characters.png,CC0-1.0
004036.png,kenney_pixel-platformer/Tilemap/tilemap-characters.png,CC0-1.0
004037.png,kenney_pixel-platformer/Tilemap/tilemap-characters.png,CC0-1.0
004038.png,kenney_pixel-platformer/Tilemap/tilemap-characters.png,CC0-1.0
004039.png,kenney_pixel-platformer/Tilemap/tilemap-characters.png,CC0-1.0
004040.png,kenney_pixel-platformer/Tilemap/tilemap-characters.png,CC0-1.0
004041.png,kenney_pixel-platformer/Tilemap/tilemap.png,CC0-1.0
004042.png,kenney_pixel-platformer/Tilemap/tilemap.png,CC0-1.0
004043.png,kenney_pixel-platformer/Tilemap/tilemap.png,CC0-1.0
004044.png,kenney_pixel-platformer/Tilemap/tilemap.png,CC0-1.0
004045.png,kenney_pixel-platformer/Tilemap/tilemap.png,CC0-1.0
004046.png,kenney_pixel-platformer/Tilemap/tilemap.png,CC0-1.0
004047.png,kenney_pixel-platformer/Tilemap/tilemap.png,CC0-1.0
004048.png,kenney_pixel-platformer/Tilemap/tilemap.png,CC0-1.0
004049.png,kenney_pixel-platformer/Tilemap/tilemap.png,CC0-1.0
004050.png,kenney_pixel-platformer/Tilemap/tilemap.png,CC0-1.0
004051.png,kenney_pixel-platformer/Tilemap/tilemap.png,CC0-1.0
004052.png,kenney_pixel-platformer/Tilemap/tilemap.png,CC0-1.0
004053.png,kenney_pixel-platformer/Tilemap/tilemap.png,CC0-1.0
004054.png,kenney_pixel-platformer/Tilemap/tilemap.png,CC0-1.0
004055.png,kenney_pixel-platformer/Tilemap/tilemap.png,CC0-1.0
004056.png,kenney_pixel-platformer/Tilemap/tilemap.png,CC0-1.0
004057.png,kenney_pixel-platformer/Tilemap/tilemap.png,CC0-1.0
004058.png,kenney_pixel-platformer/Tilemap/tilemap.png,CC0-1.0
004059.png,kenney_pixel-platformer/Tilemap/tilemap.png,CC0-1.0
004060.png,kenney_pixel-platformer/Tilemap/tilemap.png,CC0-1.0
004061.png,kenney_pixel-platformer/Tilemap/tilemap.png,CC0-1.0
004062.png,kenney_pixel-platformer/Tilemap/tilemap.png,CC0-1.0
004063.png,kenney_pixel-platformer/Tilemap/tilemap.png,CC0-1.0
004064.png,kenney_pixel-platformer/Tilemap/tilemap.png,CC0-1.0
004065.png,kenney_pixel-platformer/Tilemap/tilemap.png,CC0-1.0
004066.png,kenney_pixel-platformer/Tilemap/tilemap.png,CC0-1.0
004067.png,kenney_pixel-platformer/Tilemap/tilemap.png,CC0-1.0
004068.png,kenney_pixel-platformer/Tilemap/tilemap.png,CC0-1.0
004069.png,kenney_pixel-platformer/Tilemap/tilemap.png,CC0-1.0
004070.png,kenney_pixel-platformer/Tilemap/tilemap.png,CC0-1.0
004071.png,kenney_pixel-platformer/Tilemap/tilemap.png,CC0-1.0
004072.png,kenney_pixel-platformer/Tilemap/tilemap.png,CC0-1.0
004073.png,kenney_pixel-platformer/Tilemap/tilemap.png,CC0-1.0
004074.png,kenney_pixel-platformer/Tilemap/tilemap.png,CC0-1.0
004075.png,kenney_pixel-platformer/Tilemap/tilemap.png,CC0-1.0
004076.png,kenney_pixel-platformer/Tilemap/tilemap.png,CC0-1.0
004077.png,kenney_pixel-platformer/Tilemap/tilemap.png,CC0-1.0
004078.png,kenney_pixel-platformer/Tilemap/tilemap.png,CC0-1.0
004079.png,kenney_pixel-platformer/Tilemap/tilemap.png,CC0-1.0
004080.png,kenney_pixel-platformer/Tilemap/tilemap.png,CC0-1.0
004081.png,kenney_pixel-platformer/Tilemap/tilemap.png,CC0-1.0
004082.png,kenney_pixel-platformer/Tilemap/tilemap.png,CC0-1.0
004083.png,kenney_pixel-platformer/Tilemap/tilemap.png,CC0-1.0
004084.png,kenney_pixel-platformer/Tilemap/tilemap.png,CC0-1.0
004085.png,kenney_pixel-platformer/Tilemap/tilemap.png,CC0-1.0
004086.png,kenney_pixel-platformer/Tilemap/tilemap.png,CC0-1.0
004087.png,kenney_pixel-platformer/Tilemap/tilemap.png,CC0-1.0
004088.png,kenney_pixel-platformer/Tilemap/tilemap.png,CC0-1.0
004089.png,kenney_pixel-platformer/Tilemap/tilemap.png,CC0-1.0
004090.png,kenney_pixel-platformer/Tilemap/tilemap.png,CC0-1.0
004091.png,kenney_pixel-platformer/Tilemap/tilemap.png,CC0-1.0
004092.png,kenney_pixel-platformer/Tilemap/tilemap.png,CC0-1.0
004093.png,kenney_pixel-platformer/Tilemap/tilemap.png,CC0-1.0
004094.png,kenney_pixel-platformer/Tilemap/tilemap.png,CC0-1.0
004095.png,kenney_pixel-platformer/Tilemap/tilemap.png,CC0-1.0
004096.png,kenney_pixel-platformer/Tilemap/tilemap.png,CC0-1.0
004097.png,kenney_pixel-platformer/Tilemap/tilemap.png,CC0-1.0
004098.png,kenney_pixel-platformer/Tilemap/tilemap.png,CC0-1.0
004099.png,kenney_pixel-platformer/Tilemap/tilemap.png,CC0-1.0
004100.png,kenney_pixel-platformer/Tilemap/tilemap.png,CC0-1.0
004101.png,kenney_pixel-platformer/Tilemap/tilemap.png,CC0-1.0
004102.png,kenney_pixel-platformer/Tilemap/tilemap.png,CC0-1.0
004103.png,kenney_pixel-platformer/Tilemap/tilemap.png,CC0-1.0
004104.png,kenney_pixel-platformer/Tilemap/tilemap.png,CC0-1.0
004105.png,kenney_pixel-platformer/Tilemap/tilemap.png,CC0-1.0
004106.png,kenney_pixel-platformer/Tilemap/tilemap.png,CC0-1.0
004107.png,kenney_pixel-platformer/Tilemap/tilemap.png,CC0-1.0
004108.png,kenney_pixel-platformer/Tilemap/tilemap.png,CC0-1.0
004109.png,kenney_pixel-platformer/Tilemap/tilemap.png,CC0-1.0
004110.png,kenney_pixel-platformer/Tilemap/tilemap.png,CC0-1.0
004111.png,kenney_pixel-platformer/Tilemap/tilemap.png,CC0-1.0
004112.png,kenney_pixel-platformer/Tilemap/tilemap.png,CC0-1.0
004113.png,kenney_pixel-platformer/Tilemap/tilemap.png,CC0-1.0
004114.png,kenney_pixel-platformer/Tilemap/tilemap.png,CC0-1.0
004115.png,kenney_pixel-platformer/Tilemap/tilemap.png,CC0-1.0
004116.png,kenney_pixel-platformer/Tilemap/tilemap.png,CC0-1.0
004117.png,kenney_pixel-platformer/Tilemap/tilemap.png,CC0-1.0
004118.png,kenney_pixel-platformer/Tilemap/tilemap.png,CC0-1.0
004119.png,kenney_pixel-platformer/Tilemap/tilemap.png,CC0-1.0
004120.png,kenney_pixel-platformer/Tilemap/tilemap.png,CC0-1.0
004121.png,kenney_pixel-platformer/Tilemap/tilemap.png,CC0-1.0
004122.png,kenney_pixel-platformer/Tilemap/tilemap.png,CC0-1.0
004123.png,kenney_pixel-platformer/Tilemap/tilemap.png,CC0-1.0
004124.png,kenney_pixel-platformer/Tilemap/tilemap.png,CC0-1.0
004125.png,kenney_pixel-platformer/Tilemap/tilemap.png,CC0-1.0
004126.png,kenney_pixel-platformer/Tilemap/tilemap.png,CC0-1.0
004127.png,kenney_pixel-platformer/Tilemap/tilemap.png,CC0-1.0
004128.png,kenney_pixel-platformer/Tilemap/tilemap.png,CC0-1.0
004129.png,kenney_pixel-platformer/Tilemap/tilemap.png,CC0-1.0
004130.png,kenney_pixel-platformer/Tilemap/tilemap.png,CC0-1.0
004131.png,kenney_pixel-platformer/Tilemap/tilemap.png,CC0-1.0
004132.png,kenney_pixel-platformer/Tilemap/tilemap.png,CC0-1.0
004133.png,kenney_pixel-platformer/Tilemap/tilemap.png,CC0-1.0
004134.png,kenney_pixel-platformer/Tilemap/tilemap.png,CC0-1.0
004135.png,kenney_pixel-platformer/Tilemap/tilemap.png,CC0-1.0
004136.png,kenney_pixel-platformer/Tilemap/tilemap.png,CC0-1.0
004137.png,kenney_pixel-platformer/Tilemap/tilemap.png,CC0-1.0
004138.png,kenney_pixel-platformer/Tilemap/tilemap.png,CC0-1.0
004139.png,kenney_pixel-platformer/Tilemap/tilemap.png,CC0-1.0
004140.png,kenney_pixel-platformer/Tilemap/tilemap.png,CC0-1.0
004141.png,kenney_pixel-platformer/Tilemap/tilemap.png,CC0-1.0
004142.png,kenney_pixel-platformer/Tilemap/tilemap.png,CC0-1.0
004143.png,kenney_pixel-platformer/Tilemap/tilemap.png,CC0-1.0
004144.png,kenney_pixel-platformer/Tilemap/tilemap.png,CC0-1.0
004145.png,kenney_pixel-platformer/Tilemap/tilemap.png,CC0-1.0
004146.png,kenney_pixel-platformer/Tilemap/tilemap.png,CC0-1.0
004147.png,kenney_pixel-platformer/Tilemap/tilemap.png,CC0-1.0
004148.png,kenney_pixel-platformer/Tilemap/tilemap.png,CC0-1.0
004149.png,kenney_pixel-platformer/Tilemap/tilemap.png,CC0-1.0
004150.png,kenney_pixel-platformer/Tilemap/tilemap.png,CC0-1.0
004151.png,kenney_pixel-platformer/Tilemap/tilemap.png,CC0-1.0
004152.png,kenney_pixel-platformer/Tilemap/tilemap.png,CC0-1.0
004153.png,kenney_pixel-platformer/Tilemap/tilemap.png,CC0-1.0
004154.png,kenney_pixel-platformer/Tilemap/tilemap.png,CC0-1.0
004155.png,kenney_pixel-platformer/Tilemap/tilemap.png,CC0-1.0
004156.png,kenney_pixel-platformer/Tilemap/tilemap.png,CC0-1.0
004157.png,kenney_pixel-platformer/Tilemap/tilemap.png,CC0-1.0
004158.png,kenney_pixel-platformer/Tilemap/tilemap.png,CC0-1.0
004159.png,kenney_pixel-platformer/Tilemap/tilemap.png,CC0-1.0
004160.png,kenney_pixel-platformer/Tilemap/tilemap.png,CC0-1.0
004161.png,kenney_pixel-platformer/Tilemap/tilemap.png,CC0-1.0
004162.png,kenney_pixel-platformer/Tilemap/tilemap.png,CC0-1.0
004163.png,kenney_pixel-platformer/Tilemap/tilemap.png,CC0-1.0
004164.png,kenney_pixel-platformer/Tilemap/tilemap.png,CC0-1.0
004165.png,kenney_pixel-platformer/Tilemap/tilemap.png,CC0-1.0
004166.png,kenney_pixel-platformer/Tilemap/tilemap.png,CC0-1.0
004167.png,kenney_pixel-platformer/Tilemap/tilemap.png,CC0-1.0
004168.png,kenney_pixel-platformer/Tilemap/tilemap.png,CC0-1.0
004169.png,kenney_pixel-platformer/Tilemap/tilemap.png,CC0-1.0
004170.png,kenney_pixel-platformer/Tilemap/tilemap.png,CC0-1.0
004171.png,kenney_pixel-platformer/Tilemap/tilemap.png,CC0-1.0
004172.png,kenney_pixel-platformer/Tilemap/tilemap.png,CC0-1.0
004173.png,kenney_pixel-platformer/Tilemap/tilemap.png,CC0-1.0
004174.png,kenney_pixel-platformer/Tilemap/tilemap.png,CC0-1.0
004175.png,kenney_pixel-platformer/Tilemap/tilemap.png,CC0-1.0
004176.png,kenney_pixel-platformer/Tilemap/tilemap.png,CC0-1.0
004177.png,kenney_pixel-platformer/Tilemap/tilemap.png,CC0-1.0
004178.png,kenney_pixel-platformer/Tilemap/tilemap.png,CC0-1.0
004179.png,kenney_pixel-platformer/Tilemap/tilemap.png,CC0-1.0
004180.png,kenney_pixel-platformer/Tilemap/tilemap.png,CC0-1.0
004181.png,kenney_pixel-platformer/Tilemap/tilemap.png,CC0-1.0
004182.png,kenney_pixel-platformer/Tilemap/tilemap.png,CC0-1.0
004183.png,kenney_pixel-platformer/Tilemap/tilemap.png,CC0-1.0
004184.png,kenney_pixel-platformer/Tilemap/tilemap.png,CC0-1.0
004185.png,kenney_pixel-platformer/Tilemap/tilemap.png,CC0-1.0
004186.png,kenney_pixel-platformer/Tilemap/tilemap.png,CC0-1.0
004187.png,kenney_pixel-platformer/Tilemap/tilemap.png,CC0-1.0
004188.png,kenney_pixel-platformer/Tilemap/tilemap.png,CC0-1.0
004189.png,kenney_pixel-platformer/Tilemap/tilemap.png,CC0-1.0
004190.png,kenney_pixel-platformer/Tilemap/tilemap.png,CC0-1.0
004191.png,kenney_pixel-platformer/Tilemap/tilemap.png,CC0-1.0
004192.png,kenney_pixel-platformer/Tilemap/tilemap.png,CC0-1.0
004193.png,kenney_pixel-platformer/Tilemap/tilemap.png,CC0-1.0
004194.png,kenney_pixel-platformer/Tilemap/tilemap.png,CC0-1.0
004195.png,kenney_pixel-platformer/Tilemap/tilemap.png,CC0-1.0
004196.png,kenney_pixel-platformer/Tilemap/tilemap.png,CC0-1.0
004197.png,kenney_pixel-platformer/Tilemap/tilemap.png,CC0-1.0
004198.png,kenney_pixel-platformer/Tilemap/tilemap.png,CC0-1.0
004199.png,kenney_pixel-platformer/Tilemap/tilemap.png,CC0-1.0
004200.png,kenney_pixel-platformer/Tilemap/tilemap.png,CC0-1.0
004201.png,kenney_pixel-platformer/Tilemap/tilemap.png,CC0-1.0
004202.png,kenney_pixel-platformer/Tilemap/tilemap.png,CC0-1.0
004203.png,kenney_pixel-platformer/Tilemap/tilemap.png,CC0-1.0
004204.png,kenney_pixel-platformer/Tilemap/tilemap.png,CC0-1.0
004205.png,kenney_pixel-platformer/Tilemap/tilemap.png,CC0-1.0
004206.png,kenney_pixel-platformer/Tilemap/tilemap.png,CC0-1.0
004207.png,kenney_pixel-platformer/Tilemap/tilemap.png,CC0-1.0
004208.png,kenney_pixel-platformer/Tilemap/tilemap.png,CC0-1.0
004209.png,kenney_pixel-platformer/Tilemap/tilemap.png,CC0-1.0
004210.png,kenney_pixel-platformer/Tilemap/tilemap.png,CC0-1.0
004211.png,kenney_pixel-platformer/Tilemap/tilemap.png,CC0-1.0
004212.png,kenney_pixel-platformer/Tilemap/tilemap.png,CC0-1.0
004213.png,kenney_pixel-platformer/Tilemap/tilemap_packed.png,CC0-1.0
004214.png,kenney_pixel-platformer/Tilemap/tilemap_packed.png,CC0-1.0
004215.png,kenney_pixel-platformer/Tilemap/tilemap_packed.png,CC0-1.0
004216.png,kenney_pixel-platformer/Tilemap/tilemap_packed.png,CC0-1.0
004217.png,kenney_pixel-platformer/Tilemap/tilemap_packed.png,CC0-1.0
004218.png,kenney_pixel-platformer/Tilemap/tilemap_packed.png,CC0-1.0
004219.png,kenney_roguelike-caves-dungeons/Spritesheet/roguelikeDungeon_transparent.png,CC0-1.0
004220.png,kenney_roguelike-caves-dungeons/Spritesheet/roguelikeDungeon_transparent.png,CC0-1.0
004221.png,kenney_roguelike-caves-dungeons/Spritesheet/roguelikeDungeon_transparent.png,CC0-1.0
004222.png,kenney_roguelike-caves-dungeons/Spritesheet/roguelikeDungeon_transparent.png,CC0-1.0
004223.png,kenney_roguelike-caves-dungeons/Spritesheet/roguelikeDungeon_transparent.png,CC0-1.0
004224.png,kenney_roguelike-caves-dungeons/Spritesheet/roguelikeDungeon_transparent.png,CC0-1.0
004225.png,kenney_roguelike-caves-dungeons/Spritesheet/roguelikeDungeon_transparent.png,CC0-1.0
004226.png,kenney_roguelike-caves-dungeons/Spritesheet/roguelikeDungeon_transparent.png,CC0-1.0
004227.png,kenney_roguelike-caves-dungeons/Spritesheet/roguelikeDungeon_transparent.png,CC0-1.0
004228.png,kenney_roguelike-caves-dungeons/Spritesheet/roguelikeDungeon_transparent.png,CC0-1.0
004229.png,kenney_roguelike-caves-dungeons/Spritesheet/roguelikeDungeon_transparent.png,CC0-1.0
004230.png,kenney_roguelike-caves-dungeons/Spritesheet/roguelikeDungeon_transparent.png,CC0-1.0
004231.png,kenney_roguelike-caves-dungeons/Spritesheet/roguelikeDungeon_transparent.png,CC0-1.0
004232.png,kenney_roguelike-caves-dungeons/Spritesheet/roguelikeDungeon_transparent.png,CC0-1.0
004233.png,kenney_roguelike-caves-dungeons/Spritesheet/roguelikeDungeon_transparent.png,CC0-1.0
004234.png,kenney_roguelike-caves-dungeons/Spritesheet/roguelikeDungeon_transparent.png,CC0-1.0
004235.png,kenney_roguelike-caves-dungeons/Spritesheet/roguelikeDungeon_transparent.png,CC0-1.0
004236.png,kenney_roguelike-caves-dungeons/Spritesheet/roguelikeDungeon_transparent.png,CC0-1.0
004237.png,kenney_roguelike-caves-dungeons/Spritesheet/roguelikeDungeon_transparent.png,CC0-1.0
004238.png,kenney_roguelike-caves-dungeons/Spritesheet/roguelikeDungeon_transparent.png,CC0-1.0
004239.png,kenney_roguelike-caves-dungeons/Spritesheet/roguelikeDungeon_transparent.png,CC0-1.0
004240.png,kenney_roguelike-caves-dungeons/Spritesheet/roguelikeDungeon_transparent.png,CC0-1.0
004241.png,kenney_roguelike-caves-dungeons/Spritesheet/roguelikeDungeon_transparent.png,CC0-1.0
004242.png,kenney_roguelike-caves-dungeons/Spritesheet/roguelikeDungeon_transparent.png,CC0-1.0
004243.png,kenney_roguelike-caves-dungeons/Spritesheet/roguelikeDungeon_transparent.png,CC0-1.0
004244.png,kenney_roguelike-caves-dungeons/Spritesheet/roguelikeDungeon_transparent.png,CC0-1.0
004245.png,kenney_roguelike-caves-dungeons/Spritesheet/roguelikeDungeon_transparent.png,CC0-1.0
004246.png,kenney_roguelike-caves-dungeons/Spritesheet/roguelikeDungeon_transparent.png,CC0-1.0
004247.png,kenney_roguelike-caves-dungeons/Spritesheet/roguelikeDungeon_transparent.png,CC0-1.0
004248.png,kenney_roguelike-caves-dungeons/Spritesheet/roguelikeDungeon_transparent.png,CC0-1.0
004249.png,kenney_roguelike-caves-dungeons/Spritesheet/roguelikeDungeon_transparent.png,CC0-1.0
004250.png,kenney_roguelike-caves-dungeons/Spritesheet/roguelikeDungeon_transparent.png,CC0-1.0
004251.png,kenney_roguelike-caves-dungeons/Spritesheet/roguelikeDungeon_transparent.png,CC0-1.0
004252.png,kenney_roguelike-caves-dungeons/Spritesheet/roguelikeDungeon_transparent.png,CC0-1.0
004253.png,kenney_roguelike-caves-dungeons/Spritesheet/roguelikeDungeon_transparent.png,CC0-1.0
004254.png,kenney_roguelike-caves-dungeons/Spritesheet/roguelikeDungeon_transparent.png,CC0-1.0
004255.png,kenney_roguelike-caves-dungeons/Spritesheet/roguelikeDungeon_transparent.png,CC0-1.0
004256.png,kenney_roguelike-caves-dungeons/Spritesheet/roguelikeDungeon_transparent.png,CC0-1.0
004257.png,kenney_roguelike-caves-dungeons/Spritesheet/roguelikeDungeon_transparent.png,CC0-1.0
004258.png,kenney_roguelike-caves-dungeons/Spritesheet/roguelikeDungeon_transparent.png,CC0-1.0
004259.png,kenney_roguelike-caves-dungeons/Spritesheet/roguelikeDungeon_transparent.png,CC0-1.0
004260.png,kenney_roguelike-caves-dungeons/Spritesheet/roguelikeDungeon_transparent.png,CC0-1.0
004261.png,kenney_roguelike-caves-dungeons/Spritesheet/roguelikeDungeon_transparent.png,CC0-1.0
004262.png,kenney_roguelike-caves-dungeons/Spritesheet/roguelikeDungeon_transparent.png,CC0-1.0
004263.png,kenney_roguelike-caves-dungeons/Spritesheet/roguelikeDungeon_transparent.png,CC0-1.0
004264.png,kenney_roguelike-caves-dungeons/Spritesheet/roguelikeDungeon_transparent.png,CC0-1.0
004265.png,kenney_roguelike-caves-dungeons/Spritesheet/roguelikeDungeon_transparent.png,CC0-1.0
004266.png,kenney_roguelike-caves-dungeons/Spritesheet/roguelikeDungeon_transparent.png,CC0-1.0
004267.png,kenney_roguelike-caves-dungeons/Spritesheet/roguelikeDungeon_transparent.png,CC0-1.0
004268.png,kenney_roguelike-caves-dungeons/Spritesheet/roguelikeDungeon_transparent.png,CC0-1.0
004269.png,kenney_roguelike-caves-dungeons/Spritesheet/roguelikeDungeon_transparent.png,CC0-1.0
004270.png,kenney_roguelike-caves-dungeons/Spritesheet/roguelikeDungeon_transparent.png,CC0-1.0
004271.png,kenney_roguelike-caves-dungeons/Spritesheet/roguelikeDungeon_transparent.png,CC0-1.0
004272.png,kenney_roguelike-caves-dungeons/Spritesheet/roguelikeDungeon_transparent.png,CC0-1.0
004273.png,kenney_roguelike-caves-dungeons/Spritesheet/roguelikeDungeon_transparent.png,CC0-1.0
004274.png,kenney_roguelike-caves-dungeons/Spritesheet/roguelikeDungeon_transparent.png,CC0-1.0
004275.png,kenney_roguelike-caves-dungeons/Spritesheet/roguelikeDungeon_transparent.png,CC0-1.0
004276.png,kenney_roguelike-caves-dungeons/Spritesheet/roguelikeDungeon_transparent.png,CC0-1.0
004277.png,kenney_roguelike-caves-dungeons/Spritesheet/roguelikeDungeon_transparent.png,CC0-1.0
004278.png,kenney_roguelike-caves-dungeons/Spritesheet/roguelikeDungeon_transparent.png,CC0-1.0
004279.png,kenney_roguelike-caves-dungeons/Spritesheet/roguelikeDungeon_transparent.png,CC0-1.0
004280.png,kenney_roguelike-caves-dungeons/Spritesheet/roguelikeDungeon_transparent.png,CC0-1.0
004281.png,kenney_roguelike-caves-dungeons/Spritesheet/roguelikeDungeon_transparent.png,CC0-1.0
004282.png,kenney_roguelike-caves-dungeons/Spritesheet/roguelikeDungeon_transparent.png,CC0-1.0
004283.png,kenney_roguelike-caves-dungeons/Spritesheet/roguelikeDungeon_transparent.png,CC0-1.0
004284.png,kenney_roguelike-caves-dungeons/Spritesheet/roguelikeDungeon_transparent.png,CC0-1.0
004285.png,kenney_roguelike-caves-dungeons/Spritesheet/roguelikeDungeon_transparent.png,CC0-1.0
004286.png,kenney_roguelike-caves-dungeons/Spritesheet/roguelikeDungeon_transparent.png,CC0-1.0
004287.png,kenney_roguelike-caves-dungeons/Spritesheet/roguelikeDungeon_transparent.png,CC0-1.0
004288.png,kenney_roguelike-caves-dungeons/Spritesheet/roguelikeDungeon_transparent.png,CC0-1.0
004289.png,kenney_roguelike-caves-dungeons/Spritesheet/roguelikeDungeon_transparent.png,CC0-1.0
004290.png,kenney_roguelike-caves-dungeons/Spritesheet/roguelikeDungeon_transparent.png,CC0-1.0
004291.png,kenney_roguelike-caves-dungeons/Spritesheet/roguelikeDungeon_transparent.png,CC0-1.0
004292.png,kenney_roguelike-caves-dungeons/Spritesheet/roguelikeDungeon_transparent.png,CC0-1.0
004293.png,kenney_roguelike-caves-dungeons/Spritesheet/roguelikeDungeon_transparent.png,CC0-1.0
004294.png,kenney_roguelike-caves-dungeons/Spritesheet/roguelikeDungeon_transparent.png,CC0-1.0
004295.png,kenney_roguelike-caves-dungeons/Spritesheet/roguelikeDungeon_transparent.png,CC0-1.0
004296.png,kenney_roguelike-caves-dungeons/Spritesheet/roguelikeDungeon_transparent.png,CC0-1.0
004297.png,kenney_roguelike-caves-dungeons/Spritesheet/roguelikeDungeon_transparent.png,CC0-1.0
004298.png,kenney_roguelike-caves-dungeons/Spritesheet/roguelikeDungeon_transparent.png,CC0-1.0
004299.png,kenney_roguelike-caves-dungeons/Spritesheet/roguelikeDungeon_transparent.png,CC0-1.0
004300.png,kenney_roguelike-caves-dungeons/Spritesheet/roguelikeDungeon_transparent.png,CC0-1.0
004301.png,kenney_roguelike-caves-dungeons/Spritesheet/roguelikeDungeon_transparent.png,CC0-1.0
004302.png,kenney_roguelike-caves-dungeons/Spritesheet/roguelikeDungeon_transparent.png,CC0-1.0
004303.png,kenney_roguelike-caves-dungeons/Spritesheet/roguelikeDungeon_transparent.png,CC0-1.0
004304.png,kenney_roguelike-caves-dungeons/Spritesheet/roguelikeDungeon_transparent.png,CC0-1.0
004305.png,kenney_roguelike-caves-dungeons/Spritesheet/roguelikeDungeon_transparent.png,CC0-1.0
004306.png,kenney_roguelike-caves-dungeons/Spritesheet/roguelikeDungeon_transparent.png,CC0-1.0
004307.png,kenney_roguelike-caves-dungeons/Spritesheet/roguelikeDungeon_transparent.png,CC0-1.0
004308.png,kenney_roguelike-caves-dungeons/Spritesheet/roguelikeDungeon_transparent.png,CC0-1.0
004309.png,kenney_roguelike-caves-dungeons/Spritesheet/roguelikeDungeon_transparent.png,CC0-1.0
004310.png,kenney_roguelike-caves-dungeons/Spritesheet/roguelikeDungeon_transparent.png,CC0-1.0
004311.png,kenney_roguelike-caves-dungeons/Spritesheet/roguelikeDungeon_transparent.png,CC0-1.0
004312.png,kenney_roguelike-caves-dungeons/Spritesheet/roguelikeDungeon_transparent.png,CC0-1.0
004313.png,kenney_roguelike-caves-dungeons/Spritesheet/roguelikeDungeon_transparent.png,CC0-1.0
004314.png,kenney_roguelike-caves-dungeons/Spritesheet/roguelikeDungeon_transparent.png,CC0-1.0
004315.png,kenney_roguelike-caves-dungeons/Spritesheet/roguelikeDungeon_transparent.png,CC0-1.0
004316.png,kenney_roguelike-caves-dungeons/Spritesheet/roguelikeDungeon_transparent.png,CC0-1.0
004317.png,kenney_roguelike-caves-dungeons/Spritesheet/roguelikeDungeon_transparent.png,CC0-1.0
004318.png,kenney_roguelike-caves-dungeons/Spritesheet/roguelikeDungeon_transparent.png,CC0-1.0
004319.png,kenney_roguelike-caves-dungeons/Spritesheet/roguelikeDungeon_transparent.png,CC0-1.0
004320.png,kenney_roguelike-caves-dungeons/Spritesheet/roguelikeDungeon_transparent.png,CC0-1.0
004321.png,kenney_roguelike-caves-dungeons/Spritesheet/roguelikeDungeon_transparent.png,CC0-1.0
004322.png,kenney_roguelike-caves-dungeons/Spritesheet/roguelikeDungeon_transparent.png,CC0-1.0
004323.png,kenney_roguelike-caves-dungeons/Spritesheet/roguelikeDungeon_transparent.png,CC0-1.0
004324.png,kenney_roguelike-caves-dungeons/Spritesheet/roguelikeDungeon_transparent.png,CC0-1.0
004325.png,kenney_roguelike-caves-dungeons/Spritesheet/roguelikeDungeon_transparent.png,CC0-1.0
004326.png,kenney_roguelike-caves-dungeons/Spritesheet/roguelikeDungeon_transparent.png,CC0-1.0
004327.png,kenney_roguelike-caves-dungeons/Spritesheet/roguelikeDungeon_transparent.png,CC0-1.0
004328.png,kenney_roguelike-caves-dungeons/Spritesheet/roguelikeDungeon_transparent.png,CC0-1.0
004329.png,kenney_roguelike-caves-dungeons/Spritesheet/roguelikeDungeon_transparent.png,CC0-1.0
004330.png,kenney_roguelike-caves-dungeons/Spritesheet/roguelikeDungeon_transparent.png,CC0-1.0
004331.png,kenney_roguelike-caves-dungeons/Spritesheet/roguelikeDungeon_transparent.png,CC0-1.0
004332.png,kenney_roguelike-caves-dungeons/Spritesheet/roguelikeDungeon_transparent.png,CC0-1.0
004333.png,kenney_roguelike-caves-dungeons/Spritesheet/roguelikeDungeon_transparent.png,CC0-1.0
004334.png,kenney_roguelike-caves-dungeons/Spritesheet/roguelikeDungeon_transparent.png,CC0-1.0
004335.png,kenney_roguelike-caves-dungeons/Spritesheet/roguelikeDungeon_transparent.png,CC0-1.0
004336.png,kenney_roguelike-caves-dungeons/Spritesheet/roguelikeDungeon_transparent.png,CC0-1.0
004337.png,kenney_roguelike-caves-dungeons/Spritesheet/roguelikeDungeon_transparent.png,CC0-1.0
004338.png,kenney_roguelike-caves-dungeons/Spritesheet/roguelikeDungeon_transparent.png,CC0-1.0
004339.png,kenney_roguelike-caves-dungeons/Spritesheet/roguelikeDungeon_transparent.png,CC0-1.0
004340.png,kenney_roguelike-caves-dungeons/Spritesheet/roguelikeDungeon_transparent.png,CC0-1.0
004341.png,kenney_roguelike-caves-dungeons/Spritesheet/roguelikeDungeon_transparent.png,CC0-1.0
004342.png,kenney_roguelike-caves-dungeons/Spritesheet/roguelikeDungeon_transparent.png,CC0-1.0
004343.png,kenney_roguelike-caves-dungeons/Spritesheet/roguelikeDungeon_transparent.png,CC0-1.0
004344.png,kenney_roguelike-caves-dungeons/Spritesheet/roguelikeDungeon_transparent.png,CC0-1.0
004345.png,kenney_roguelike-caves-dungeons/Spritesheet/roguelikeDungeon_transparent.png,CC0-1.0
004346.png,kenney_roguelike-caves-dungeons/Spritesheet/roguelikeDungeon_transparent.png,CC0-1.0
004347.png,kenney_roguelike-caves-dungeons/Spritesheet/roguelikeDungeon_transparent.png,CC0-1.0
004348.png,kenney_roguelike-caves-dungeons/Spritesheet/roguelikeDungeon_transparent.png,CC0-1.0
004349.png,kenney_roguelike-caves-dungeons/Spritesheet/roguelikeDungeon_transparent.png,CC0-1.0
004350.png,kenney_roguelike-caves-dungeons/Spritesheet/roguelikeDungeon_transparent.png,CC0-1.0
004351.png,kenney_roguelike-caves-dungeons/Spritesheet/roguelikeDungeon_transparent.png,CC0-1.0
004352.png,kenney_roguelike-caves-dungeons/Spritesheet/roguelikeDungeon_transparent.png,CC0-1.0
004353.png,kenney_roguelike-caves-dungeons/Spritesheet/roguelikeDungeon_transparent.png,CC0-1.0
004354.png,kenney_roguelike-caves-dungeons/Spritesheet/roguelikeDungeon_transparent.png,CC0-1.0
004355.png,kenney_roguelike-caves-dungeons/Spritesheet/roguelikeDungeon_transparent.png,CC0-1.0
004356.png,kenney_roguelike-caves-dungeons/Spritesheet/roguelikeDungeon_transparent.png,CC0-1.0
004357.png,kenney_roguelike-caves-dungeons/Spritesheet/roguelikeDungeon_transparent.png,CC0-1.0
004358.png,kenney_roguelike-caves-dungeons/Spritesheet/roguelikeDungeon_transparent.png,CC0-1.0
004359.png,kenney_roguelike-caves-dungeons/Spritesheet/roguelikeDungeon_transparent.png,CC0-1.0
004360.png,kenney_roguelike-caves-dungeons/Spritesheet/roguelikeDungeon_transparent.png,CC0-1.0
004361.png,kenney_roguelike-caves-dungeons/Spritesheet/roguelikeDungeon_transparent.png,CC0-1.0
004362.png,kenney_roguelike-caves-dungeons/Spritesheet/roguelikeDungeon_transparent.png,CC0-1.0
004363.png,kenney_roguelike-caves-dungeons/Spritesheet/roguelikeDungeon_transparent.png,CC0-1.0
004364.png,kenney_roguelike-caves-dungeons/Spritesheet/roguelikeDungeon_transparent.png,CC0-1.0
004365.png,kenney_roguelike-caves-dungeons/Spritesheet/roguelikeDungeon_transparent.png,CC0-1.0
004366.png,kenney_roguelike-caves-dungeons/Spritesheet/roguelikeDungeon_transparent.png,CC0-1.0
004367.png,kenney_roguelike-caves-dungeons/Spritesheet/roguelikeDungeon_transparent.png,CC0-1.0
004368.png,kenney_roguelike-caves-dungeons/Spritesheet/roguelikeDungeon_transparent.png,CC0-1.0
004369.png,kenney_roguelike-caves-dungeons/Spritesheet/roguelikeDungeon_transparent.png,CC0-1.0
004370.png,kenney_roguelike-caves-dungeons/Spritesheet/roguelikeDungeon_transparent.png,CC0-1.0
004371.png,kenney_roguelike-caves-dungeons/Spritesheet/roguelikeDungeon_transparent.png,CC0-1.0
004372.png,kenney_roguelike-caves-dungeons/Spritesheet/roguelikeDungeon_transparent.png,CC0-1.0
004373.png,kenney_roguelike-caves-dungeons/Spritesheet/roguelikeDungeon_transparent.png,CC0-1.0
004374.png,kenney_roguelike-caves-dungeons/Spritesheet/roguelikeDungeon_transparent.png,CC0-1.0
004375.png,kenney_roguelike-caves-dungeons/Spritesheet/roguelikeDungeon_transparent.png,CC0-1.0
004376.png,kenney_roguelike-caves-dungeons/Spritesheet/roguelikeDungeon_transparent.png,CC0-1.0
004377.png,kenney_roguelike-caves-dungeons/Spritesheet/roguelikeDungeon_transparent.png,CC0-1.0
004378.png,kenney_roguelike-caves-dungeons/Spritesheet/roguelikeDungeon_transparent.png,CC0-1.0
004379.png,kenney_roguelike-caves-dungeons/Spritesheet/roguelikeDungeon_transparent.png,CC0-1.0
004380.png,kenney_roguelike-caves-dungeons/Spritesheet/roguelikeDungeon_transparent.png,CC0-1.0
004381.png,kenney_roguelike-caves-dungeons/Spritesheet/roguelikeDungeon_transparent.png,CC0-1.0
004382.png,kenney_roguelike-caves-dungeons/Spritesheet/roguelikeDungeon_transparent.png,CC0-1.0
004383.png,kenney_roguelike-caves-dungeons/Spritesheet/roguelikeDungeon_transparent.png,CC0-1.0
004384.png,kenney_roguelike-caves-dungeons/Spritesheet/roguelikeDungeon_transparent.png,CC0-1.0
004385.png,kenney_roguelike-caves-dungeons/Spritesheet/roguelikeDungeon_transparent.png,CC0-1.0
004386.png,kenney_roguelike-caves-dungeons/Spritesheet/roguelikeDungeon_transparent.png,CC0-1.0
004387.png,kenney_roguelike-caves-dungeons/Spritesheet/roguelikeDungeon_transparent.png,CC0-1.0
004388.png,kenney_roguelike-caves-dungeons/Spritesheet/roguelikeDungeon_transparent.png,CC0-1.0
004389.png,kenney_roguelike-caves-dungeons/Spritesheet/roguelikeDungeon_transparent.png,CC0-1.0
004390.png,kenney_roguelike-caves-dungeons/Spritesheet/roguelikeDungeon_transparent.png,CC0-1.0
004391.png,kenney_roguelike-caves-dungeons/Spritesheet/roguelikeDungeon_transparent.png,CC0-1.0
004392.png,kenney_roguelike-caves-dungeons/Spritesheet/roguelikeDungeon_transparent.png,CC0-1.0
004393.png,kenney_roguelike-caves-dungeons/Spritesheet/roguelikeDungeon_transparent.png,CC0-1.0
004394.png,kenney_roguelike-caves-dungeons/Spritesheet/roguelikeDungeon_transparent.png,CC0-1.0
004395.png,kenney_roguelike-caves-dungeons/Spritesheet/roguelikeDungeon_transparent.png,CC0-1.0
004396.png,kenney_roguelike-caves-dungeons/Spritesheet/roguelikeDungeon_transparent.png,CC0-1.0
004397.png,kenney_roguelike-caves-dungeons/Spritesheet/roguelikeDungeon_transparent.png,CC0-1.0
004398.png,kenney_roguelike-caves-dungeons/Spritesheet/roguelikeDungeon_transparent.png,CC0-1.0
004399.png,kenney_roguelike-caves-dungeons/Spritesheet/roguelikeDungeon_transparent.png,CC0-1.0
004400.png,kenney_roguelike-caves-dungeons/Spritesheet/roguelikeDungeon_transparent.png,CC0-1.0
004401.png,kenney_roguelike-caves-dungeons/Spritesheet/roguelikeDungeon_transparent.png,CC0-1.0
004402.png,kenney_roguelike-caves-dungeons/Spritesheet/roguelikeDungeon_transparent.png,CC0-1.0
004403.png,kenney_roguelike-caves-dungeons/Spritesheet/roguelikeDungeon_transparent.png,CC0-1.0
004404.png,kenney_roguelike-caves-dungeons/Spritesheet/roguelikeDungeon_transparent.png,CC0-1.0
004405.png,kenney_roguelike-caves-dungeons/Spritesheet/roguelikeDungeon_transparent.png,CC0-1.0
004406.png,kenney_roguelike-caves-dungeons/Spritesheet/roguelikeDungeon_transparent.png,CC0-1.0
004407.png,kenney_roguelike-caves-dungeons/Spritesheet/roguelikeDungeon_transparent.png,CC0-1.0
004408.png,kenney_roguelike-caves-dungeons/Spritesheet/roguelikeDungeon_transparent.png,CC0-1.0
004409.png,kenney_roguelike-caves-dungeons/Spritesheet/roguelikeDungeon_transparent.png,CC0-1.0
004410.png,kenney_roguelike-caves-dungeons/Spritesheet/roguelikeDungeon_transparent.png,CC0-1.0
004411.png,kenney_roguelike-caves-dungeons/Spritesheet/roguelikeDungeon_transparent.png,CC0-1.0
004412.png,kenney_roguelike-caves-dungeons/Spritesheet/roguelikeDungeon_transparent.png,CC0-1.0
004413.png,kenney_roguelike-caves-dungeons/Spritesheet/roguelikeDungeon_transparent.png,CC0-1.0
004414.png,kenney_roguelike-caves-dungeons/Spritesheet/roguelikeDungeon_transparent.png,CC0-1.0
004415.png,kenney_roguelike-caves-dungeons/Spritesheet/roguelikeDungeon_transparent.png,CC0-1.0
004416.png,kenney_roguelike-caves-dungeons/Spritesheet/roguelikeDungeon_transparent.png,CC0-1.0
004417.png,kenney_roguelike-caves-dungeons/Spritesheet/roguelikeDungeon_transparent.png,CC0-1.0
004418.png,kenney_roguelike-caves-dungeons/Spritesheet/roguelikeDungeon_transparent.png,CC0-1.0
004419.png,kenney_roguelike-caves-dungeons/Spritesheet/roguelikeDungeon_transparent.png,CC0-1.0
004420.png,kenney_roguelike-caves-dungeons/Spritesheet/roguelikeDungeon_transparent.png,CC0-1.0
004421.png,kenney_roguelike-caves-dungeons/Spritesheet/roguelikeDungeon_transparent.png,CC0-1.0
004422.png,kenney_roguelike-caves-dungeons/Spritesheet/roguelikeDungeon_transparent.png,CC0-1.0
004423.png,kenney_roguelike-caves-dungeons/Spritesheet/roguelikeDungeon_transparent.png,CC0-1.0
004424.png,kenney_roguelike-caves-dungeons/Spritesheet/roguelikeDungeon_transparent.png,CC0-1.0
004425.png,kenney_roguelike-caves-dungeons/Spritesheet/roguelikeDungeon_transparent.png,CC0-1.0
004426.png,kenney_roguelike-caves-dungeons/Spritesheet/roguelikeDungeon_transparent.png,CC0-1.0
004427.png,kenney_roguelike-caves-dungeons/Spritesheet/roguelikeDungeon_transparent.png,CC0-1.0
004428.png,kenney_roguelike-caves-dungeons/Spritesheet/roguelikeDungeon_transparent.png,CC0-1.0
004429.png,kenney_roguelike-caves-dungeons/Spritesheet/roguelikeDungeon_transparent.png,CC0-1.0
004430.png,kenney_roguelike-caves-dungeons/Spritesheet/roguelikeDungeon_transparent.png,CC0-1.0
004431.png,kenney_roguelike-caves-dungeons/Spritesheet/roguelikeDungeon_transparent.png,CC0-1.0
004432.png,kenney_roguelike-caves-dungeons/Spritesheet/roguelikeDungeon_transparent.png,CC0-1.0
004433.png,kenney_roguelike-caves-dungeons/Spritesheet/roguelikeDungeon_transparent.png,CC0-1.0
004434.png,kenney_roguelike-caves-dungeons/Spritesheet/roguelikeDungeon_transparent.png,CC0-1.0
004435.png,kenney_roguelike-caves-dungeons/Spritesheet/roguelikeDungeon_transparent.png,CC0-1.0
004436.png,kenney_roguelike-caves-dungeons/Spritesheet/roguelikeDungeon_transparent.png,CC0-1.0
004437.png,kenney_roguelike-caves-dungeons/Spritesheet/roguelikeDungeon_transparent.png,CC0-1.0
004438.png,kenney_roguelike-caves-dungeons/Spritesheet/roguelikeDungeon_transparent.png,CC0-1.0
004439.png,kenney_roguelike-caves-dungeons/Spritesheet/roguelikeDungeon_transparent.png,CC0-1.0
004440.png,kenney_roguelike-caves-dungeons/Spritesheet/roguelikeDungeon_transparent.png,CC0-1.0
004441.png,kenney_roguelike-caves-dungeons/Spritesheet/roguelikeDungeon_transparent.png,CC0-1.0
004442.png,kenney_roguelike-caves-dungeons/Spritesheet/roguelikeDungeon_transparent.png,CC0-1.0
004443.png,kenney_roguelike-caves-dungeons/Spritesheet/roguelikeDungeon_transparent.png,CC0-1.0
004444.png,kenney_roguelike-caves-dungeons/Spritesheet/roguelikeDungeon_transparent.png,CC0-1.0
004445.png,kenney_roguelike-caves-dungeons/Spritesheet/roguelikeDungeon_transparent.png,CC0-1.0
004446.png,kenney_roguelike-caves-dungeons/Spritesheet/roguelikeDungeon_transparent.png,CC0-1.0
004447.png,kenney_roguelike-caves-dungeons/Spritesheet/roguelikeDungeon_transparent.png,CC0-1.0
004448.png,kenney_roguelike-caves-dungeons/Spritesheet/roguelikeDungeon_transparent.png,CC0-1.0
004449.png,kenney_roguelike-caves-dungeons/Spritesheet/roguelikeDungeon_transparent.png,CC0-1.0
004450.png,kenney_roguelike-caves-dungeons/Spritesheet/roguelikeDungeon_transparent.png,CC0-1.0
004451.png,kenney_roguelike-caves-dungeons/Spritesheet/roguelikeDungeon_transparent.png,CC0-1.0
004452.png,kenney_roguelike-caves-dungeons/Spritesheet/roguelikeDungeon_transparent.png,CC0-1.0
004453.png,kenney_roguelike-caves-dungeons/Spritesheet/roguelikeDungeon_transparent.png,CC0-1.0
004454.png,kenney_roguelike-caves-dungeons/Spritesheet/roguelikeDungeon_transparent.png,CC0-1.0
004455.png,kenney_roguelike-caves-dungeons/Spritesheet/roguelikeDungeon_transparent.png,CC0-1.0
004456.png,kenney_roguelike-caves-dungeons/Spritesheet/roguelikeDungeon_transparent.png,CC0-1.0
004457.png,kenney_roguelike-caves-dungeons/Spritesheet/roguelikeDungeon_transparent.png,CC0-1.0
004458.png,kenney_roguelike-caves-dungeons/Spritesheet/roguelikeDungeon_transparent.png,CC0-1.0
004459.png,kenney_roguelike-caves-dungeons/Spritesheet/roguelikeDungeon_transparent.png,CC0-1.0
004460.png,kenney_roguelike-caves-dungeons/Spritesheet/roguelikeDungeon_transparent.png,CC0-1.0
004461.png,kenney_roguelike-caves-dungeons/Spritesheet/roguelikeDungeon_transparent.png,CC0-1.0
004462.png,kenney_roguelike-caves-dungeons/Spritesheet/roguelikeDungeon_transparent.png,CC0-1.0
004463.png,kenney_roguelike-caves-dungeons/Spritesheet/roguelikeDungeon_transparent.png,CC0-1.0
004464.png,kenney_roguelike-caves-dungeons/Spritesheet/roguelikeDungeon_transparent.png,CC0-1.0
004465.png,kenney_roguelike-caves-dungeons/Spritesheet/roguelikeDungeon_transparent.png,CC0-1.0
004466.png,kenney_roguelike-caves-dungeons/Spritesheet/roguelikeDungeon_transparent.png,CC0-1.0
004467.png,kenney_roguelike-caves-dungeons/Spritesheet/roguelikeDungeon_transparent.png,CC0-1.0
004468.png,kenney_roguelike-caves-dungeons/Spritesheet/roguelikeDungeon_transparent.png,CC0-1.0
004469.png,kenney_roguelike-caves-dungeons/Spritesheet/roguelikeDungeon_transparent.png,CC0-1.0
004470.png,kenney_roguelike-caves-dungeons/Spritesheet/roguelikeDungeon_transparent.png,CC0-1.0
004471.png,kenney_roguelike-caves-dungeons/Spritesheet/roguelikeDungeon_transparent.png,CC0-1.0
004472.png,kenney_roguelike-caves-dungeons/Spritesheet/roguelikeDungeon_transparent.png,CC0-1.0
004473.png,kenney_roguelike-caves-dungeons/Spritesheet/roguelikeDungeon_transparent.png,CC0-1.0
004474.png,kenney_roguelike-caves-dungeons/Spritesheet/roguelikeDungeon_transparent.png,CC0-1.0
004475.png,kenney_roguelike-caves-dungeons/Spritesheet/roguelikeDungeon_transparent.png,CC0-1.0
004476.png,kenney_roguelike-caves-dungeons/Spritesheet/roguelikeDungeon_transparent.png,CC0-1.0
004477.png,kenney_roguelike-caves-dungeons/Spritesheet/roguelikeDungeon_transparent.png,CC0-1.0
004478.png,kenney_roguelike-caves-dungeons/Spritesheet/roguelikeDungeon_transparent.png,CC0-1.0
004479.png,kenney_roguelike-caves-dungeons/Spritesheet/roguelikeDungeon_transparent.png,CC0-1.0
004480.png,kenney_roguelike-caves-dungeons/Spritesheet/roguelikeDungeon_transparent.png,CC0-1.0
004481.png,kenney_roguelike-caves-dungeons/Spritesheet/roguelikeDungeon_transparent.png,CC0-1.0
004482.png,kenney_roguelike-caves-dungeons/Spritesheet/roguelikeDungeon_transparent.png,CC0-1.0
004483.png,kenney_roguelike-caves-dungeons/Spritesheet/roguelikeDungeon_transparent.png,CC0-1.0
004484.png,kenney_roguelike-caves-dungeons/Spritesheet/roguelikeDungeon_transparent.png,CC0-1.0
004485.png,kenney_roguelike-caves-dungeons/Spritesheet/roguelikeDungeon_transparent.png,CC0-1.0
004486.png,kenney_roguelike-caves-dungeons/Spritesheet/roguelikeDungeon_transparent.png,CC0-1.0
004487.png,kenney_roguelike-caves-dungeons/Spritesheet/roguelikeDungeon_transparent.png,CC0-1.0
004488.png,kenney_roguelike-caves-dungeons/Spritesheet/roguelikeDungeon_transparent.png,CC0-1.0
004489.png,kenney_roguelike-caves-dungeons/Spritesheet/roguelikeDungeon_transparent.png,CC0-1.0
004490.png,kenney_roguelike-caves-dungeons/Spritesheet/roguelikeDungeon_transparent.png,CC0-1.0
004491.png,kenney_roguelike-caves-dungeons/Spritesheet/roguelikeDungeon_transparent.png,CC0-1.0
004492.png,kenney_roguelike-caves-dungeons/Spritesheet/roguelikeDungeon_transparent.png,CC0-1.0
004493.png,kenney_roguelike-caves-dungeons/Spritesheet/roguelikeDungeon_transparent.png,CC0-1.0
004494.png,kenney_roguelike-caves-dungeons/Spritesheet/roguelikeDungeon_transparent.png,CC0-1.0
004495.png,kenney_roguelike-caves-dungeons/Spritesheet/roguelikeDungeon_transparent.png,CC0-1.0
004496.png,kenney_roguelike-caves-dungeons/Spritesheet/roguelikeDungeon_transparent.png,CC0-1.0
004497.png,kenney_roguelike-caves-dungeons/Spritesheet/roguelikeDungeon_transparent.png,CC0-1.0
004498.png,kenney_roguelike-caves-dungeons/Spritesheet/roguelikeDungeon_transparent.png,CC0-1.0
004499.png,kenney_roguelike-caves-dungeons/Spritesheet/roguelikeDungeon_transparent.png,CC0-1.0
004500.png,kenney_roguelike-caves-dungeons/Spritesheet/roguelikeDungeon_transparent.png,CC0-1.0
004501.png,kenney_roguelike-caves-dungeons/Spritesheet/roguelikeDungeon_transparent.png,CC0-1.0
004502.png,kenney_roguelike-caves-dungeons/Spritesheet/roguelikeDungeon_transparent.png,CC0-1.0
004503.png,kenney_roguelike-caves-dungeons/Spritesheet/roguelikeDungeon_transparent.png,CC0-1.0
004504.png,kenney_roguelike-caves-dungeons/Spritesheet/roguelikeDungeon_transparent.png,CC0-1.0
004505.png,kenney_roguelike-caves-dungeons/Spritesheet/roguelikeDungeon_transparent.png,CC0-1.0
004506.png,kenney_roguelike-caves-dungeons/Spritesheet/roguelikeDungeon_transparent.png,CC0-1.0
004507.png,kenney_roguelike-caves-dungeons/Spritesheet/roguelikeDungeon_transparent.png,CC0-1.0
004508.png,kenney_roguelike-caves-dungeons/Spritesheet/roguelikeDungeon_transparent.png,CC0-1.0
004509.png,kenney_roguelike-caves-dungeons/Spritesheet/roguelikeDungeon_transparent.png,CC0-1.0
004510.png,kenney_roguelike-caves-dungeons/Spritesheet/roguelikeDungeon_transparent.png,CC0-1.0
004511.png,kenney_roguelike-caves-dungeons/Spritesheet/roguelikeDungeon_transparent.png,CC0-1.0
004512.png,kenney_roguelike-caves-dungeons/Spritesheet/roguelikeDungeon_transparent.png,CC0-1.0
004513.png,kenney_roguelike-caves-dungeons/Spritesheet/roguelikeDungeon_transparent.png,CC0-1.0
004514.png,kenney_roguelike-caves-dungeons/Spritesheet/roguelikeDungeon_transparent.png,CC0-1.0
004515.png,kenney_roguelike-caves-dungeons/Spritesheet/roguelikeDungeon_transparent.png,CC0-1.0
004516.png,kenney_roguelike-caves-dungeons/Spritesheet/roguelikeDungeon_transparent.png,CC0-1.0
004517.png,kenney_roguelike-caves-dungeons/Spritesheet/roguelikeDungeon_transparent.png,CC0-1.0
004518.png,kenney_roguelike-caves-dungeons/Spritesheet/roguelikeDungeon_transparent.png,CC0-1.0
004519.png,kenney_roguelike-caves-dungeons/Spritesheet/roguelikeDungeon_transparent.png,CC0-1.0
004520.png,kenney_roguelike-caves-dungeons/Spritesheet/roguelikeDungeon_transparent.png,CC0-1.0
004521.png,kenney_roguelike-caves-dungeons/Spritesheet/roguelikeDungeon_transparent.png,CC0-1.0
004522.png,kenney_roguelike-caves-dungeons/Spritesheet/roguelikeDungeon_transparent.png,CC0-1.0
004523.png,kenney_roguelike-caves-dungeons/Spritesheet/roguelikeDungeon_transparent.png,CC0-1.0
004524.png,kenney_roguelike-caves-dungeons/Spritesheet/roguelikeDungeon_transparent.png,CC0-1.0
004525.png,kenney_roguelike-caves-dungeons/Spritesheet/roguelikeDungeon_transparent.png,CC0-1.0
004526.png,kenney_roguelike-caves-dungeons/Spritesheet/roguelikeDungeon_transparent.png,CC0-1.0
004527.png,kenney_roguelike-caves-dungeons/Spritesheet/roguelikeDungeon_transparent.png,CC0-1.0
004528.png,kenney_roguelike-caves-dungeons/Spritesheet/roguelikeDungeon_transparent.png,CC0-1.0
004529.png,kenney_roguelike-caves-dungeons/Spritesheet/roguelikeDungeon_transparent.png,CC0-1.0
004530.png,kenney_roguelike-caves-dungeons/Spritesheet/roguelikeDungeon_transparent.png,CC0-1.0
004531.png,kenney_roguelike-caves-dungeons/Spritesheet/roguelikeDungeon_transparent.png,CC0-1.0
004532.png,kenney_roguelike-caves-dungeons/Spritesheet/roguelikeDungeon_transparent.png,CC0-1.0
004533.png,kenney_roguelike-caves-dungeons/Spritesheet/roguelikeDungeon_transparent.png,CC0-1.0
004534.png,kenney_roguelike-caves-dungeons/Spritesheet/roguelikeDungeon_transparent.png,CC0-1.0
004535.png,kenney_roguelike-caves-dungeons/Spritesheet/roguelikeDungeon_transparent.png,CC0-1.0
004536.png,kenney_roguelike-caves-dungeons/Spritesheet/roguelikeDungeon_transparent.png,CC0-1.0
004537.png,kenney_roguelike-caves-dungeons/Spritesheet/roguelikeDungeon_transparent.png,CC0-1.0
004538.png,kenney_roguelike-caves-dungeons/Spritesheet/roguelikeDungeon_transparent.png,CC0-1.0
004539.png,kenney_roguelike-caves-dungeons/Spritesheet/roguelikeDungeon_transparent.png,CC0-1.0
004540.png,kenney_roguelike-caves-dungeons/Spritesheet/roguelikeDungeon_transparent.png,CC0-1.0
004541.png,kenney_roguelike-caves-dungeons/Spritesheet/roguelikeDungeon_transparent.png,CC0-1.0
004542.png,kenney_roguelike-caves-dungeons/Spritesheet/roguelikeDungeon_transparent.png,CC0-1.0
004543.png,kenney_roguelike-caves-dungeons/Spritesheet/roguelikeDungeon_transparent.png,CC0-1.0
004544.png,kenney_roguelike-caves-dungeons/Spritesheet/roguelikeDungeon_transparent.png,CC0-1.0
004545.png,kenney_roguelike-caves-dungeons/Spritesheet/roguelikeDungeon_transparent.png,CC0-1.0
004546.png,kenney_roguelike-caves-dungeons/Spritesheet/roguelikeDungeon_transparent.png,CC0-1.0
004547.png,kenney_roguelike-caves-dungeons/Spritesheet/roguelikeDungeon_transparent.png,CC0-1.0
004548.png,kenney_roguelike-caves-dungeons/Spritesheet/roguelikeDungeon_transparent.png,CC0-1.0
004549.png,kenney_roguelike-caves-dungeons/Spritesheet/roguelikeDungeon_transparent.png,CC0-1.0
004550.png,kenney_roguelike-caves-dungeons/Spritesheet/roguelikeDungeon_transparent.png,CC0-1.0
004551.png,kenney_roguelike-caves-dungeons/Spritesheet/roguelikeDungeon_transparent.png,CC0-1.0
004552.png,kenney_roguelike-caves-dungeons/Spritesheet/roguelikeDungeon_transparent.png,CC0-1.0
004553.png,kenney_roguelike-caves-dungeons/Spritesheet/roguelikeDungeon_transparent.png,CC0-1.0
004554.png,kenney_roguelike-caves-dungeons/Spritesheet/roguelikeDungeon_transparent.png,CC0-1.0
004555.png,kenney_roguelike-caves-dungeons/Spritesheet/roguelikeDungeon_transparent.png,CC0-1.0
004556.png,kenney_roguelike-caves-dungeons/Spritesheet/roguelikeDungeon_transparent.png,CC0-1.0
004557.png,kenney_roguelike-caves-dungeons/Spritesheet/roguelikeDungeon_transparent.png,CC0-1.0
004558.png,kenney_roguelike-caves-dungeons/Spritesheet/roguelikeDungeon_transparent.png,CC0-1.0
004559.png,kenney_roguelike-caves-dungeons/Spritesheet/roguelikeDungeon_transparent.png,CC0-1.0
004560.png,kenney_roguelike-caves-dungeons/Spritesheet/roguelikeDungeon_transparent.png,CC0-1.0
004561.png,kenney_roguelike-caves-dungeons/Spritesheet/roguelikeDungeon_transparent.png,CC0-1.0
004562.png,kenney_roguelike-caves-dungeons/Spritesheet/roguelikeDungeon_transparent.png,CC0-1.0
004563.png,kenney_roguelike-caves-dungeons/Spritesheet/roguelikeDungeon_transparent.png,CC0-1.0
004564.png,kenney_roguelike-caves-dungeons/Spritesheet/roguelikeDungeon_transparent.png,CC0-1.0
004565.png,kenney_roguelike-caves-dungeons/Spritesheet/roguelikeDungeon_transparent.png,CC0-1.0
004566.png,kenney_roguelike-caves-dungeons/Spritesheet/roguelikeDungeon_transparent.png,CC0-1.0
004567.png,kenney_roguelike-caves-dungeons/Spritesheet/roguelikeDungeon_transparent.png,CC0-1.0
004568.png,kenney_roguelike-caves-dungeons/Spritesheet/roguelikeDungeon_transparent.png,CC0-1.0
004569.png,kenney_roguelike-caves-dungeons/Spritesheet/roguelikeDungeon_transparent.png,CC0-1.0
004570.png,kenney_roguelike-caves-dungeons/Spritesheet/roguelikeDungeon_transparent.png,CC0-1.0
004571.png,kenney_roguelike-caves-dungeons/Spritesheet/roguelikeDungeon_transparent.png,CC0-1.0
004572.png,kenney_roguelike-caves-dungeons/Spritesheet/roguelikeDungeon_transparent.png,CC0-1.0
004573.png,kenney_roguelike-caves-dungeons/Spritesheet/roguelikeDungeon_transparent.png,CC0-1.0
004574.png,kenney_roguelike-caves-dungeons/Spritesheet/roguelikeDungeon_transparent.png,CC0-1.0
004575.png,kenney_roguelike-caves-dungeons/Spritesheet/roguelikeDungeon_transparent.png,CC0-1.0
004576.png,kenney_roguelike-caves-dungeons/Spritesheet/roguelikeDungeon_transparent.png,CC0-1.0
004577.png,kenney_roguelike-caves-dungeons/Spritesheet/roguelikeDungeon_transparent.png,CC0-1.0
004578.png,kenney_roguelike-caves-dungeons/Spritesheet/roguelikeDungeon_transparent.png,CC0-1.0
004579.png,kenney_roguelike-caves-dungeons/Spritesheet/roguelikeDungeon_transparent.png,CC0-1.0
004580.png,kenney_roguelike-caves-dungeons/Spritesheet/roguelikeDungeon_transparent.png,CC0-1.0
004581.png,kenney_roguelike-caves-dungeons/Spritesheet/roguelikeDungeon_transparent.png,CC0-1.0
004582.png,kenney_roguelike-caves-dungeons/Spritesheet/roguelikeDungeon_transparent.png,CC0-1.0
004583.png,kenney_roguelike-caves-dungeons/Spritesheet/roguelikeDungeon_transparent.png,CC0-1.0
004584.png,kenney_roguelike-caves-dungeons/Spritesheet/roguelikeDungeon_transparent.png,CC0-1.0
004585.png,kenney_roguelike-caves-dungeons/Spritesheet/roguelikeDungeon_transparent.png,CC0-1.0
004586.png,kenney_roguelike-caves-dungeons/Spritesheet/roguelikeDungeon_transparent.png,CC0-1.0
004587.png,kenney_roguelike-caves-dungeons/Spritesheet/roguelikeDungeon_transparent.png,CC0-1.0
004588.png,kenney_roguelike-caves-dungeons/Spritesheet/roguelikeDungeon_transparent.png,CC0-1.0
004589.png,kenney_roguelike-caves-dungeons/Spritesheet/roguelikeDungeon_transparent.png,CC0-1.0
004590.png,kenney_roguelike-caves-dungeons/Spritesheet/roguelikeDungeon_transparent.png,CC0-1.0
004591.png,kenney_roguelike-caves-dungeons/Spritesheet/roguelikeDungeon_transparent.png,CC0-1.0
004592.png,kenney_roguelike-caves-dungeons/Spritesheet/roguelikeDungeon_transparent.png,CC0-1.0
004593.png,kenney_roguelike-caves-dungeons/Spritesheet/roguelikeDungeon_transparent.png,CC0-1.0
004594.png,kenney_roguelike-caves-dungeons/Spritesheet/roguelikeDungeon_transparent.png,CC0-1.0
004595.png,kenney_roguelike-caves-dungeons/Spritesheet/roguelikeDungeon_transparent.png,CC0-1.0
004596.png,kenney_roguelike-caves-dungeons/Spritesheet/roguelikeDungeon_transparent.png,CC0-1.0
004597.png,kenney_roguelike-caves-dungeons/Spritesheet/roguelikeDungeon_transparent.png,CC0-1.0
004598.png,kenney_roguelike-caves-dungeons/Spritesheet/roguelikeDungeon_transparent.png,CC0-1.0
004599.png,kenney_roguelike-caves-dungeons/Spritesheet/roguelikeDungeon_transparent.png,CC0-1.0
004600.png,kenney_roguelike-caves-dungeons/Spritesheet/roguelikeDungeon_transparent.png,CC0-1.0
004601.png,kenney_roguelike-caves-dungeons/Spritesheet/roguelikeDungeon_transparent.png,CC0-1.0
004602.png,kenney_roguelike-caves-dungeons/Spritesheet/roguelikeDungeon_transparent.png,CC0-1.0
004603.png,kenney_roguelike-caves-dungeons/Spritesheet/roguelikeDungeon_transparent.png,CC0-1.0
004604.png,kenney_roguelike-caves-dungeons/Spritesheet/roguelikeDungeon_transparent.png,CC0-1.0
004605.png,kenney_roguelike-caves-dungeons/Spritesheet/roguelikeDungeon_transparent.png,CC0-1.0
004606.png,kenney_roguelike-caves-dungeons/Spritesheet/roguelikeDungeon_transparent.png,CC0-1.0
004607.png,kenney_roguelike-caves-dungeons/Spritesheet/roguelikeDungeon_transparent.png,CC0-1.0
004608.png,kenney_roguelike-caves-dungeons/Spritesheet/roguelikeDungeon_transparent.png,CC0-1.0
004609.png,kenney_roguelike-caves-dungeons/Spritesheet/roguelikeDungeon_transparent.png,CC0-1.0
004610.png,kenney_roguelike-caves-dungeons/Spritesheet/roguelikeDungeon_transparent.png,CC0-1.0
004611.png,kenney_roguelike-caves-dungeons/Spritesheet/roguelikeDungeon_transparent.png,CC0-1.0
004612.png,kenney_roguelike-caves-dungeons/Spritesheet/roguelikeDungeon_transparent.png,CC0-1.0
004613.png,kenney_roguelike-caves-dungeons/Spritesheet/roguelikeDungeon_transparent.png,CC0-1.0
004614.png,kenney_roguelike-caves-dungeons/Spritesheet/roguelikeDungeon_transparent.png,CC0-1.0
004615.png,kenney_roguelike-caves-dungeons/Spritesheet/roguelikeDungeon_transparent.png,CC0-1.0
004616.png,kenney_roguelike-caves-dungeons/Spritesheet/roguelikeDungeon_transparent.png,CC0-1.0
004617.png,kenney_roguelike-caves-dungeons/Spritesheet/roguelikeDungeon_transparent.png,CC0-1.0
004618.png,kenney_roguelike-caves-dungeons/Spritesheet/roguelikeDungeon_transparent.png,CC0-1.0
004619.png,kenney_roguelike-caves-dungeons/Spritesheet/roguelikeDungeon_transparent.png,CC0-1.0
004620.png,kenney_roguelike-caves-dungeons/Spritesheet/roguelikeDungeon_transparent.png,CC0-1.0
004621.png,kenney_roguelike-caves-dungeons/Spritesheet/roguelikeDungeon_transparent.png,CC0-1.0
004622.png,kenney_roguelike-caves-dungeons/Spritesheet/roguelikeDungeon_transparent.png,CC0-1.0
004623.png,kenney_roguelike-caves-dungeons/Spritesheet/roguelikeDungeon_transparent.png,CC0-1.0
004624.png,kenney_roguelike-caves-dungeons/Spritesheet/roguelikeDungeon_transparent.png,CC0-1.0
004625.png,kenney_roguelike-caves-dungeons/Spritesheet/roguelikeDungeon_transparent.png,CC0-1.0
004626.png,kenney_roguelike-caves-dungeons/Spritesheet/roguelikeDungeon_transparent.png,CC0-1.0
004627.png,kenney_roguelike-caves-dungeons/Spritesheet/roguelikeDungeon_transparent.png,CC0-1.0
004628.png,kenney_roguelike-caves-dungeons/Spritesheet/roguelikeDungeon_transparent.png,CC0-1.0
004629.png,kenney_roguelike-caves-dungeons/Spritesheet/roguelikeDungeon_transparent.png,CC0-1.0
004630.png,kenney_roguelike-caves-dungeons/Spritesheet/roguelikeDungeon_transparent.png,CC0-1.0
004631.png,kenney_roguelike-caves-dungeons/Spritesheet/roguelikeDungeon_transparent.png,CC0-1.0
004632.png,kenney_roguelike-caves-dungeons/Spritesheet/roguelikeDungeon_transparent.png,CC0-1.0
004633.png,kenney_roguelike-caves-dungeons/Spritesheet/roguelikeDungeon_transparent.png,CC0-1.0
004634.png,kenney_roguelike-caves-dungeons/Spritesheet/roguelikeDungeon_transparent.png,CC0-1.0
004635.png,kenney_roguelike-caves-dungeons/Spritesheet/roguelikeDungeon_transparent.png,CC0-1.0
004636.png,kenney_roguelike-caves-dungeons/Spritesheet/roguelikeDungeon_transparent.png,CC0-1.0
004637.png,kenney_roguelike-caves-dungeons/Spritesheet/roguelikeDungeon_transparent.png,CC0-1.0
004638.png,kenney_roguelike-caves-dungeons/Spritesheet/roguelikeDungeon_transparent.png,CC0-1.0
004639.png,kenney_roguelike-caves-dungeons/Spritesheet/roguelikeDungeon_transparent.png,CC0-1.0
004640.png,kenney_roguelike-caves-dungeons/Spritesheet/roguelikeDungeon_transparent.png,CC0-1.0
004641.png,kenney_roguelike-characters/Spritesheet/roguelikeChar_transparent.png,CC0-1.0
004642.png,kenney_roguelike-characters/Spritesheet/roguelikeChar_transparent.png,CC0-1.0
004643.png,kenney_roguelike-characters/Spritesheet/roguelikeChar_transparent.png,CC0-1.0
004644.png,kenney_roguelike-characters/Spritesheet/roguelikeChar_transparent.png,CC0-1.0
004645.png,kenney_roguelike-characters/Spritesheet/roguelikeChar_transparent.png,CC0-1.0
004646.png,kenney_roguelike-characters/Spritesheet/roguelikeChar_transparent.png,CC0-1.0
004647.png,kenney_roguelike-characters/Spritesheet/roguelikeChar_transparent.png,CC0-1.0
004648.png,kenney_roguelike-characters/Spritesheet/roguelikeChar_transparent.png,CC0-1.0
004649.png,kenney_roguelike-characters/Spritesheet/roguelikeChar_transparent.png,CC0-1.0
004650.png,kenney_roguelike-characters/Spritesheet/roguelikeChar_transparent.png,CC0-1.0
004651.png,kenney_roguelike-characters/Spritesheet/roguelikeChar_transparent.png,CC0-1.0
004652.png,kenney_roguelike-characters/Spritesheet/roguelikeChar_transparent.png,CC0-1.0
004653.png,kenney_roguelike-characters/Spritesheet/roguelikeChar_transparent.png,CC0-1.0
004654.png,kenney_roguelike-characters/Spritesheet/roguelikeChar_transparent.png,CC0-1.0
004655.png,kenney_roguelike-characters/Spritesheet/roguelikeChar_transparent.png,CC0-1.0
004656.png,kenney_roguelike-characters/Spritesheet/roguelikeChar_transparent.png,CC0-1.0
004657.png,kenney_roguelike-characters/Spritesheet/roguelikeChar_transparent.png,CC0-1.0
004658.png,kenney_roguelike-characters/Spritesheet/roguelikeChar_transparent.png,CC0-1.0
004659.png,kenney_roguelike-characters/Spritesheet/roguelikeChar_transparent.png,CC0-1.0
004660.png,kenney_roguelike-characters/Spritesheet/roguelikeChar_transparent.png,CC0-1.0
004661.png,kenney_roguelike-characters/Spritesheet/roguelikeChar_transparent.png,CC0-1.0
004662.png,kenney_roguelike-characters/Spritesheet/roguelikeChar_transparent.png,CC0-1.0
004663.png,kenney_roguelike-characters/Spritesheet/roguelikeChar_transparent.png,CC0-1.0
004664.png,kenney_roguelike-characters/Spritesheet/roguelikeChar_transparent.png,CC0-1.0
004665.png,kenney_roguelike-characters/Spritesheet/roguelikeChar_transparent.png,CC0-1.0
004666.png,kenney_roguelike-characters/Spritesheet/roguelikeChar_transparent.png,CC0-1.0
004667.png,kenney_roguelike-characters/Spritesheet/roguelikeChar_transparent.png,CC0-1.0
004668.png,kenney_roguelike-characters/Spritesheet/roguelikeChar_transparent.png,CC0-1.0
004669.png,kenney_roguelike-characters/Spritesheet/roguelikeChar_transparent.png,CC0-1.0
004670.png,kenney_roguelike-characters/Spritesheet/roguelikeChar_transparent.png,CC0-1.0
004671.png,kenney_roguelike-characters/Spritesheet/roguelikeChar_transparent.png,CC0-1.0
004672.png,kenney_roguelike-characters/Spritesheet/roguelikeChar_transparent.png,CC0-1.0
004673.png,kenney_roguelike-characters/Spritesheet/roguelikeChar_transparent.png,CC0-1.0
004674.png,kenney_roguelike-characters/Spritesheet/roguelikeChar_transparent.png,CC0-1.0
004675.png,kenney_roguelike-characters/Spritesheet/roguelikeChar_transparent.png,CC0-1.0
004676.png,kenney_roguelike-characters/Spritesheet/roguelikeChar_transparent.png,CC0-1.0
004677.png,kenney_roguelike-characters/Spritesheet/roguelikeChar_transparent.png,CC0-1.0
004678.png,kenney_roguelike-characters/Spritesheet/roguelikeChar_transparent.png,CC0-1.0
004679.png,kenney_roguelike-characters/Spritesheet/roguelikeChar_transparent.png,CC0-1.0
004680.png,kenney_roguelike-characters/Spritesheet/roguelikeChar_transparent.png,CC0-1.0
004681.png,kenney_roguelike-characters/Spritesheet/roguelikeChar_transparent.png,CC0-1.0
004682.png,kenney_roguelike-characters/Spritesheet/roguelikeChar_transparent.png,CC0-1.0
004683.png,kenney_roguelike-characters/Spritesheet/roguelikeChar_transparent.png,CC0-1.0
004684.png,kenney_roguelike-characters/Spritesheet/roguelikeChar_transparent.png,CC0-1.0
004685.png,kenney_roguelike-characters/Spritesheet/roguelikeChar_transparent.png,CC0-1.0
004686.png,kenney_roguelike-characters/Spritesheet/roguelikeChar_transparent.png,CC0-1.0
004687.png,kenney_roguelike-characters/Spritesheet/roguelikeChar_transparent.png,CC0-1.0
004688.png,kenney_roguelike-characters/Spritesheet/roguelikeChar_transparent.png,CC0-1.0
004689.png,kenney_roguelike-characters/Spritesheet/roguelikeChar_transparent.png,CC0-1.0
004690.png,kenney_roguelike-characters/Spritesheet/roguelikeChar_transparent.png,CC0-1.0
004691.png,kenney_roguelike-characters/Spritesheet/roguelikeChar_transparent.png,CC0-1.0
004692.png,kenney_roguelike-characters/Spritesheet/roguelikeChar_transparent.png,CC0-1.0
004693.png,kenney_roguelike-characters/Spritesheet/roguelikeChar_transparent.png,CC0-1.0
004694.png,kenney_roguelike-characters/Spritesheet/roguelikeChar_transparent.png,CC0-1.0
004695.png,kenney_roguelike-characters/Spritesheet/roguelikeChar_transparent.png,CC0-1.0
004696.png,kenney_roguelike-characters/Spritesheet/roguelikeChar_transparent.png,CC0-1.0
004697.png,kenney_roguelike-characters/Spritesheet/roguelikeChar_transparent.png,CC0-1.0
004698.png,kenney_roguelike-characters/Spritesheet/roguelikeChar_transparent.png,CC0-1.0
004699.png,kenney_roguelike-characters/Spritesheet/roguelikeChar_transparent.png,CC0-1.0
004700.png,kenney_roguelike-characters/Spritesheet/roguelikeChar_transparent.png,CC0-1.0
004701.png,kenney_roguelike-characters/Spritesheet/roguelikeChar_transparent.png,CC0-1.0
004702.png,kenney_roguelike-characters/Spritesheet/roguelikeChar_transparent.png,CC0-1.0
004703.png,kenney_roguelike-characters/Spritesheet/roguelikeChar_transparent.png,CC0-1.0
004704.png,kenney_roguelike-characters/Spritesheet/roguelikeChar_transparent.png,CC0-1.0
004705.png,kenney_roguelike-characters/Spritesheet/roguelikeChar_transparent.png,CC0-1.0
004706.png,kenney_roguelike-characters/Spritesheet/roguelikeChar_transparent.png,CC0-1.0
004707.png,kenney_roguelike-characters/Spritesheet/roguelikeChar_transparent.png,CC0-1.0
004708.png,kenney_roguelike-characters/Spritesheet/roguelikeChar_transparent.png,CC0-1.0
004709.png,kenney_roguelike-characters/Spritesheet/roguelikeChar_transparent.png,CC0-1.0
004710.png,kenney_roguelike-characters/Spritesheet/roguelikeChar_transparent.png,CC0-1.0
004711.png,kenney_roguelike-characters/Spritesheet/roguelikeChar_transparent.png,CC0-1.0
004712.png,kenney_roguelike-characters/Spritesheet/roguelikeChar_transparent.png,CC0-1.0
004713.png,kenney_roguelike-characters/Spritesheet/roguelikeChar_transparent.png,CC0-1.0
004714.png,kenney_roguelike-characters/Spritesheet/roguelikeChar_transparent.png,CC0-1.0
004715.png,kenney_roguelike-characters/Spritesheet/roguelikeChar_transparent.png,CC0-1.0
004716.png,kenney_roguelike-characters/Spritesheet/roguelikeChar_transparent.png,CC0-1.0
004717.png,kenney_roguelike-characters/Spritesheet/roguelikeChar_transparent.png,CC0-1.0
004718.png,kenney_roguelike-characters/Spritesheet/roguelikeChar_transparent.png,CC0-1.0
004719.png,kenney_roguelike-characters/Spritesheet/roguelikeChar_transparent.png,CC0-1.0
004720.png,kenney_roguelike-characters/Spritesheet/roguelikeChar_transparent.png,CC0-1.0
004721.png,kenney_roguelike-characters/Spritesheet/roguelikeChar_transparent.png,CC0-1.0
004722.png,kenney_roguelike-characters/Spritesheet/roguelikeChar_transparent.png,CC0-1.0
004723.png,kenney_roguelike-characters/Spritesheet/roguelikeChar_transparent.png,CC0-1.0
004724.png,kenney_roguelike-characters/Spritesheet/roguelikeChar_transparent.png,CC0-1.0
004725.png,kenney_roguelike-characters/Spritesheet/roguelikeChar_transparent.png,CC0-1.0
004726.png,kenney_roguelike-characters/Spritesheet/roguelikeChar_transparent.png,CC0-1.0
004727.png,kenney_roguelike-characters/Spritesheet/roguelikeChar_transparent.png,CC0-1.0
004728.png,kenney_roguelike-characters/Spritesheet/roguelikeChar_transparent.png,CC0-1.0
004729.png,kenney_roguelike-characters/Spritesheet/roguelikeChar_transparent.png,CC0-1.0
004730.png,kenney_roguelike-characters/Spritesheet/roguelikeChar_transparent.png,CC0-1.0
004731.png,kenney_roguelike-characters/Spritesheet/roguelikeChar_transparent.png,CC0-1.0
004732.png,kenney_roguelike-characters/Spritesheet/roguelikeChar_transparent.png,CC0-1.0
004733.png,kenney_roguelike-characters/Spritesheet/roguelikeChar_transparent.png,CC0-1.0
004734.png,kenney_roguelike-characters/Spritesheet/roguelikeChar_transparent.png,CC0-1.0
004735.png,kenney_roguelike-characters/Spritesheet/roguelikeChar_transparent.png,CC0-1.0
004736.png,kenney_roguelike-characters/Spritesheet/roguelikeChar_transparent.png,CC0-1.0
004737.png,kenney_roguelike-characters/Spritesheet/roguelikeChar_transparent.png,CC0-1.0
004738.png,kenney_roguelike-characters/Spritesheet/roguelikeChar_transparent.png,CC0-1.0
004739.png,kenney_roguelike-characters/Spritesheet/roguelikeChar_transparent.png,CC0-1.0
004740.png,kenney_roguelike-characters/Spritesheet/roguelikeChar_transparent.png,CC0-1.0
004741.png,kenney_roguelike-characters/Spritesheet/roguelikeChar_transparent.png,CC0-1.0
004742.png,kenney_roguelike-characters/Spritesheet/roguelikeChar_transparent.png,CC0-1.0
004743.png,kenney_roguelike-characters/Spritesheet/roguelikeChar_transparent.png,CC0-1.0
004744.png,kenney_roguelike-characters/Spritesheet/roguelikeChar_transparent.png,CC0-1.0
004745.png,kenney_roguelike-characters/Spritesheet/roguelikeChar_transparent.png,CC0-1.0
004746.png,kenney_roguelike-characters/Spritesheet/roguelikeChar_transparent.png,CC0-1.0
004747.png,kenney_roguelike-characters/Spritesheet/roguelikeChar_transparent.png,CC0-1.0
004748.png,kenney_roguelike-characters/Spritesheet/roguelikeChar_transparent.png,CC0-1.0
004749.png,kenney_roguelike-characters/Spritesheet/roguelikeChar_transparent.png,CC0-1.0
004750.png,kenney_roguelike-characters/Spritesheet/roguelikeChar_transparent.png,CC0-1.0
004751.png,kenney_roguelike-characters/Spritesheet/roguelikeChar_transparent.png,CC0-1.0
004752.png,kenney_roguelike-characters/Spritesheet/roguelikeChar_transparent.png,CC0-1.0
004753.png,kenney_roguelike-characters/Spritesheet/roguelikeChar_transparent.png,CC0-1.0
004754.png,kenney_roguelike-characters/Spritesheet/roguelikeChar_transparent.png,CC0-1.0
004755.png,kenney_roguelike-characters/Spritesheet/roguelikeChar_transparent.png,CC0-1.0
004756.png,kenney_roguelike-characters/Spritesheet/roguelikeChar_transparent.png,CC0-1.0
004757.png,kenney_roguelike-characters/Spritesheet/roguelikeChar_transparent.png,CC0-1.0
004758.png,kenney_roguelike-characters/Spritesheet/roguelikeChar_transparent.png,CC0-1.0
004759.png,kenney_roguelike-characters/Spritesheet/roguelikeChar_transparent.png,CC0-1.0
004760.png,kenney_roguelike-characters/Spritesheet/roguelikeChar_transparent.png,CC0-1.0
004761.png,kenney_roguelike-characters/Spritesheet/roguelikeChar_transparent.png,CC0-1.0
004762.png,kenney_roguelike-characters/Spritesheet/roguelikeChar_transparent.png,CC0-1.0
004763.png,kenney_roguelike-characters/Spritesheet/roguelikeChar_transparent.png,CC0-1.0
004764.png,kenney_roguelike-characters/Spritesheet/roguelikeChar_transparent.png,CC0-1.0
004765.png,kenney_roguelike-characters/Spritesheet/roguelikeChar_transparent.png,CC0-1.0
004766.png,kenney_roguelike-characters/Spritesheet/roguelikeChar_transparent.png,CC0-1.0
004767.png,kenney_roguelike-characters/Spritesheet/roguelikeChar_transparent.png,CC0-1.0
004768.png,kenney_roguelike-characters/Spritesheet/roguelikeChar_transparent.png,CC0-1.0
004769.png,kenney_roguelike-characters/Spritesheet/roguelikeChar_transparent.png,CC0-1.0
004770.png,kenney_roguelike-characters/Spritesheet/roguelikeChar_transparent.png,CC0-1.0
004771.png,kenney_roguelike-characters/Spritesheet/roguelikeChar_transparent.png,CC0-1.0
004772.png,kenney_roguelike-characters/Spritesheet/roguelikeChar_transparent.png,CC0-1.0
004773.png,kenney_roguelike-characters/Spritesheet/roguelikeChar_transparent.png,CC0-1.0
004774.png,kenney_roguelike-characters/Spritesheet/roguelikeChar_transparent.png,CC0-1.0
004775.png,kenney_roguelike-characters/Spritesheet/roguelikeChar_transparent.png,CC0-1.0
004776.png,kenney_roguelike-characters/Spritesheet/roguelikeChar_transparent.png,CC0-1.0
004777.png,kenney_roguelike-characters/Spritesheet/roguelikeChar_transparent.png,CC0-1.0
004778.png,kenney_roguelike-characters/Spritesheet/roguelikeChar_transparent.png,CC0-1.0
004779.png,kenney_roguelike-characters/Spritesheet/roguelikeChar_transparent.png,CC0-1.0
004780.png,kenney_roguelike-characters/Spritesheet/roguelikeChar_transparent.png,CC0-1.0
004781.png,kenney_roguelike-characters/Spritesheet/roguelikeChar_transparent.png,CC0-1.0
004782.png,kenney_roguelike-characters/Spritesheet/roguelikeChar_transparent.png,CC0-1.0
004783.png,kenney_roguelike-characters/Spritesheet/roguelikeChar_transparent.png,CC0-1.0
004784.png,kenney_roguelike-characters/Spritesheet/roguelikeChar_transparent.png,CC0-1.0
004785.png,kenney_roguelike-characters/Spritesheet/roguelikeChar_transparent.png,CC0-1.0
004786.png,kenney_roguelike-characters/Spritesheet/roguelikeChar_transparent.png,CC0-1.0
004787.png,kenney_roguelike-characters/Spritesheet/roguelikeChar_transparent.png,CC0-1.0
004788.png,kenney_roguelike-characters/Spritesheet/roguelikeChar_transparent.png,CC0-1.0
004789.png,kenney_roguelike-characters/Spritesheet/roguelikeChar_transparent.png,CC0-1.0
004790.png,kenney_roguelike-characters/Spritesheet/roguelikeChar_transparent.png,CC0-1.0
004791.png,kenney_roguelike-characters/Spritesheet/roguelikeChar_transparent.png,CC0-1.0
004792.png,kenney_roguelike-characters/Spritesheet/roguelikeChar_transparent.png,CC0-1.0
004793.png,kenney_roguelike-characters/Spritesheet/roguelikeChar_transparent.png,CC0-1.0
004794.png,kenney_roguelike-characters/Spritesheet/roguelikeChar_transparent.png,CC0-1.0
004795.png,kenney_roguelike-characters/Spritesheet/roguelikeChar_transparent.png,CC0-1.0
004796.png,kenney_roguelike-characters/Spritesheet/roguelikeChar_transparent.png,CC0-1.0
004797.png,kenney_roguelike-characters/Spritesheet/roguelikeChar_transparent.png,CC0-1.0
004798.png,kenney_roguelike-characters/Spritesheet/roguelikeChar_transparent.png,CC0-1.0
004799.png,kenney_roguelike-characters/Spritesheet/roguelikeChar_transparent.png,CC0-1.0
004800.png,kenney_roguelike-characters/Spritesheet/roguelikeChar_transparent.png,CC0-1.0
004801.png,kenney_roguelike-characters/Spritesheet/roguelikeChar_transparent.png,CC0-1.0
004802.png,kenney_roguelike-characters/Spritesheet/roguelikeChar_transparent.png,CC0-1.0
004803.png,kenney_roguelike-indoors/Tilesheets/roguelikeIndoor_transparent.png,CC0-1.0
004804.png,kenney_roguelike-indoors/Tilesheets/roguelikeIndoor_transparent.png,CC0-1.0
004805.png,kenney_roguelike-indoors/Tilesheets/roguelikeIndoor_transparent.png,CC0-1.0
004806.png,kenney_roguelike-indoors/Tilesheets/roguelikeIndoor_transparent.png,CC0-1.0
004807.png,kenney_roguelike-indoors/Tilesheets/roguelikeIndoor_transparent.png,CC0-1.0
004808.png,kenney_roguelike-indoors/Tilesheets/roguelikeIndoor_transparent.png,CC0-1.0
004809.png,kenney_roguelike-indoors/Tilesheets/roguelikeIndoor_transparent.png,CC0-1.0
004810.png,kenney_roguelike-indoors/Tilesheets/roguelikeIndoor_transparent.png,CC0-1.0
004811.png,kenney_roguelike-indoors/Tilesheets/roguelikeIndoor_transparent.png,CC0-1.0
004812.png,kenney_roguelike-indoors/Tilesheets/roguelikeIndoor_transparent.png,CC0-1.0
004813.png,kenney_roguelike-indoors/Tilesheets/roguelikeIndoor_transparent.png,CC0-1.0
004814.png,kenney_roguelike-indoors/Tilesheets/roguelikeIndoor_transparent.png,CC0-1.0
004815.png,kenney_roguelike-indoors/Tilesheets/roguelikeIndoor_transparent.png,CC0-1.0
004816.png,kenney_roguelike-indoors/Tilesheets/roguelikeIndoor_transparent.png,CC0-1.0
004817.png,kenney_roguelike-indoors/Tilesheets/roguelikeIndoor_transparent.png,CC0-1.0
004818.png,kenney_roguelike-indoors/Tilesheets/roguelikeIndoor_transparent.png,CC0-1.0
004819.png,kenney_roguelike-indoors/Tilesheets/roguelikeIndoor_transparent.png,CC0-1.0
004820.png,kenney_roguelike-indoors/Tilesheets/roguelikeIndoor_transparent.png,CC0-1.0
004821.png,kenney_roguelike-indoors/Tilesheets/roguelikeIndoor_transparent.png,CC0-1.0
004822.png,kenney_roguelike-indoors/Tilesheets/roguelikeIndoor_transparent.png,CC0-1.0
004823.png,kenney_roguelike-indoors/Tilesheets/roguelikeIndoor_transparent.png,CC0-1.0
004824.png,kenney_roguelike-indoors/Tilesheets/roguelikeIndoor_transparent.png,CC0-1.0
004825.png,kenney_roguelike-indoors/Tilesheets/roguelikeIndoor_transparent.png,CC0-1.0
004826.png,kenney_roguelike-indoors/Tilesheets/roguelikeIndoor_transparent.png,CC0-1.0
004827.png,kenney_roguelike-indoors/Tilesheets/roguelikeIndoor_transparent.png,CC0-1.0
004828.png,kenney_roguelike-indoors/Tilesheets/roguelikeIndoor_transparent.png,CC0-1.0
004829.png,kenney_roguelike-indoors/Tilesheets/roguelikeIndoor_transparent.png,CC0-1.0
004830.png,kenney_roguelike-indoors/Tilesheets/roguelikeIndoor_transparent.png,CC0-1.0
004831.png,kenney_roguelike-indoors/Tilesheets/roguelikeIndoor_transparent.png,CC0-1.0
004832.png,kenney_roguelike-indoors/Tilesheets/roguelikeIndoor_transparent.png,CC0-1.0
004833.png,kenney_roguelike-indoors/Tilesheets/roguelikeIndoor_transparent.png,CC0-1.0
004834.png,kenney_roguelike-indoors/Tilesheets/roguelikeIndoor_transparent.png,CC0-1.0
004835.png,kenney_roguelike-indoors/Tilesheets/roguelikeIndoor_transparent.png,CC0-1.0
004836.png,kenney_roguelike-indoors/Tilesheets/roguelikeIndoor_transparent.png,CC0-1.0
004837.png,kenney_roguelike-indoors/Tilesheets/roguelikeIndoor_transparent.png,CC0-1.0
004838.png,kenney_roguelike-indoors/Tilesheets/roguelikeIndoor_transparent.png,CC0-1.0
004839.png,kenney_roguelike-indoors/Tilesheets/roguelikeIndoor_transparent.png,CC0-1.0
004840.png,kenney_roguelike-indoors/Tilesheets/roguelikeIndoor_transparent.png,CC0-1.0
004841.png,kenney_roguelike-indoors/Tilesheets/roguelikeIndoor_transparent.png,CC0-1.0
004842.png,kenney_roguelike-indoors/Tilesheets/roguelikeIndoor_transparent.png,CC0-1.0
004843.png,kenney_roguelike-indoors/Tilesheets/roguelikeIndoor_transparent.png,CC0-1.0
004844.png,kenney_roguelike-indoors/Tilesheets/roguelikeIndoor_transparent.png,CC0-1.0
004845.png,kenney_roguelike-indoors/Tilesheets/roguelikeIndoor_transparent.png,CC0-1.0
004846.png,kenney_roguelike-indoors/Tilesheets/roguelikeIndoor_transparent.png,CC0-1.0
004847.png,kenney_roguelike-indoors/Tilesheets/roguelikeIndoor_transparent.png,CC0-1.0
004848.png,kenney_roguelike-indoors/Tilesheets/roguelikeIndoor_transparent.png,CC0-1.0
004849.png,kenney_roguelike-indoors/Tilesheets/roguelikeIndoor_transparent.png,CC0-1.0
004850.png,kenney_roguelike-indoors/Tilesheets/roguelikeIndoor_transparent.png,CC0-1.0
004851.png,kenney_roguelike-indoors/Tilesheets/roguelikeIndoor_transparent.png,CC0-1.0
004852.png,kenney_roguelike-indoors/Tilesheets/roguelikeIndoor_transparent.png,CC0-1.0
004853.png,kenney_roguelike-indoors/Tilesheets/roguelikeIndoor_transparent.png,CC0-1.0
004854.png,kenney_roguelike-indoors/Tilesheets/roguelikeIndoor_transparent.png,CC0-1.0
004855.png,kenney_roguelike-indoors/Tilesheets/roguelikeIndoor_transparent.png,CC0-1.0
004856.png,kenney_roguelike-indoors/Tilesheets/roguelikeIndoor_transparent.png,CC0-1.0
004857.png,kenney_roguelike-indoors/Tilesheets/roguelikeIndoor_transparent.png,CC0-1.0
004858.png,kenney_roguelike-indoors/Tilesheets/roguelikeIndoor_transparent.png,CC0-1.0
004859.png,kenney_roguelike-indoors/Tilesheets/roguelikeIndoor_transparent.png,CC0-1.0
004860.png,kenney_roguelike-indoors/Tilesheets/roguelikeIndoor_transparent.png,CC0-1.0
004861.png,kenney_roguelike-indoors/Tilesheets/roguelikeIndoor_transparent.png,CC0-1.0
004862.png,kenney_roguelike-indoors/Tilesheets/roguelikeIndoor_transparent.png,CC0-1.0
004863.png,kenney_roguelike-indoors/Tilesheets/roguelikeIndoor_transparent.png,CC0-1.0
004864.png,kenney_roguelike-indoors/Tilesheets/roguelikeIndoor_transparent.png,CC0-1.0
004865.png,kenney_roguelike-indoors/Tilesheets/roguelikeIndoor_transparent.png,CC0-1.0
004866.png,kenney_roguelike-indoors/Tilesheets/roguelikeIndoor_transparent.png,CC0-1.0
004867.png,kenney_roguelike-indoors/Tilesheets/roguelikeIndoor_transparent.png,CC0-1.0
004868.png,kenney_roguelike-indoors/Tilesheets/roguelikeIndoor_transparent.png,CC0-1.0
004869.png,kenney_roguelike-indoors/Tilesheets/roguelikeIndoor_transparent.png,CC0-1.0
004870.png,kenney_roguelike-indoors/Tilesheets/roguelikeIndoor_transparent.png,CC0-1.0
004871.png,kenney_roguelike-indoors/Tilesheets/roguelikeIndoor_transparent.png,CC0-1.0
004872.png,kenney_roguelike-indoors/Tilesheets/roguelikeIndoor_transparent.png,CC0-1.0
004873.png,kenney_roguelike-indoors/Tilesheets/roguelikeIndoor_transparent.png,CC0-1.0
004874.png,kenney_roguelike-indoors/Tilesheets/roguelikeIndoor_transparent.png,CC0-1.0
004875.png,kenney_roguelike-indoors/Tilesheets/roguelikeIndoor_transparent.png,CC0-1.0
004876.png,kenney_roguelike-indoors/Tilesheets/roguelikeIndoor_transparent.png,CC0-1.0
004877.png,kenney_roguelike-indoors/Tilesheets/roguelikeIndoor_transparent.png,CC0-1.0
004878.png,kenney_roguelike-indoors/Tilesheets/roguelikeIndoor_transparent.png,CC0-1.0
004879.png,kenney_roguelike-indoors/Tilesheets/roguelikeIndoor_transparent.png,CC0-1.0
004880.png,kenney_roguelike-indoors/Tilesheets/roguelikeIndoor_transparent.png,CC0-1.0
004881.png,kenney_roguelike-indoors/Tilesheets/roguelikeIndoor_transparent.png,CC0-1.0
004882.png,kenney_roguelike-indoors/Tilesheets/roguelikeIndoor_transparent.png,CC0-1.0
004883.png,kenney_roguelike-indoors/Tilesheets/roguelikeIndoor_transparent.png,CC0-1.0
004884.png,kenney_roguelike-indoors/Tilesheets/roguelikeIndoor_transparent.png,CC0-1.0
004885.png,kenney_roguelike-indoors/Tilesheets/roguelikeIndoor_transparent.png,CC0-1.0
004886.png,kenney_roguelike-indoors/Tilesheets/roguelikeIndoor_transparent.png,CC0-1.0
004887.png,kenney_roguelike-indoors/Tilesheets/roguelikeIndoor_transparent.png,CC0-1.0
004888.png,kenney_roguelike-indoors/Tilesheets/roguelikeIndoor_transparent.png,CC0-1.0
004889.png,kenney_roguelike-indoors/Tilesheets/roguelikeIndoor_transparent.png,CC0-1.0
004890.png,kenney_roguelike-indoors/Tilesheets/roguelikeIndoor_transparent.png,CC0-1.0
004891.png,kenney_roguelike-indoors/Tilesheets/roguelikeIndoor_transparent.png,CC0-1.0
004892.png,kenney_roguelike-indoors/Tilesheets/roguelikeIndoor_transparent.png,CC0-1.0
004893.png,kenney_roguelike-indoors/Tilesheets/roguelikeIndoor_transparent.png,CC0-1.0
004894.png,kenney_roguelike-indoors/Tilesheets/roguelikeIndoor_transparent.png,CC0-1.0
004895.png,kenney_roguelike-indoors/Tilesheets/roguelikeIndoor_transparent.png,CC0-1.0
004896.png,kenney_roguelike-indoors/Tilesheets/roguelikeIndoor_transparent.png,CC0-1.0
004897.png,kenney_roguelike-indoors/Tilesheets/roguelikeIndoor_transparent.png,CC0-1.0
004898.png,kenney_roguelike-indoors/Tilesheets/roguelikeIndoor_transparent.png,CC0-1.0
004899.png,kenney_roguelike-indoors/Tilesheets/roguelikeIndoor_transparent.png,CC0-1.0
004900.png,kenney_roguelike-indoors/Tilesheets/roguelikeIndoor_transparent.png,CC0-1.0
004901.png,kenney_roguelike-indoors/Tilesheets/roguelikeIndoor_transparent.png,CC0-1.0
004902.png,kenney_roguelike-indoors/Tilesheets/roguelikeIndoor_transparent.png,CC0-1.0
004903.png,kenney_roguelike-indoors/Tilesheets/roguelikeIndoor_transparent.png,CC0-1.0
004904.png,kenney_roguelike-indoors/Tilesheets/roguelikeIndoor_transparent.png,CC0-1.0
004905.png,kenney_roguelike-indoors/Tilesheets/roguelikeIndoor_transparent.png,CC0-1.0
004906.png,kenney_roguelike-indoors/Tilesheets/roguelikeIndoor_transparent.png,CC0-1.0
004907.png,kenney_roguelike-indoors/Tilesheets/roguelikeIndoor_transparent.png,CC0-1.0
004908.png,kenney_roguelike-indoors/Tilesheets/roguelikeIndoor_transparent.png,CC0-1.0
004909.png,kenney_roguelike-indoors/Tilesheets/roguelikeIndoor_transparent.png,CC0-1.0
004910.png,kenney_roguelike-indoors/Tilesheets/roguelikeIndoor_transparent.png,CC0-1.0
004911.png,kenney_roguelike-indoors/Tilesheets/roguelikeIndoor_transparent.png,CC0-1.0
004912.png,kenney_roguelike-indoors/Tilesheets/roguelikeIndoor_transparent.png,CC0-1.0
004913.png,kenney_roguelike-indoors/Tilesheets/roguelikeIndoor_transparent.png,CC0-1.0
004914.png,kenney_roguelike-indoors/Tilesheets/roguelikeIndoor_transparent.png,CC0-1.0
004915.png,kenney_roguelike-indoors/Tilesheets/roguelikeIndoor_transparent.png,CC0-1.0
004916.png,kenney_roguelike-indoors/Tilesheets/roguelikeIndoor_transparent.png,CC0-1.0
004917.png,kenney_roguelike-indoors/Tilesheets/roguelikeIndoor_transparent.png,CC0-1.0
004918.png,kenney_roguelike-indoors/Tilesheets/roguelikeIndoor_transparent.png,CC0-1.0
004919.png,kenney_roguelike-indoors/Tilesheets/roguelikeIndoor_transparent.png,CC0-1.0
004920.png,kenney_roguelike-indoors/Tilesheets/roguelikeIndoor_transparent.png,CC0-1.0
004921.png,kenney_roguelike-indoors/Tilesheets/roguelikeIndoor_transparent.png,CC0-1.0
004922.png,kenney_roguelike-indoors/Tilesheets/roguelikeIndoor_transparent.png,CC0-1.0
004923.png,kenney_roguelike-indoors/Tilesheets/roguelikeIndoor_transparent.png,CC0-1.0
004924.png,kenney_roguelike-indoors/Tilesheets/roguelikeIndoor_transparent.png,CC0-1.0
004925.png,kenney_roguelike-indoors/Tilesheets/roguelikeIndoor_transparent.png,CC0-1.0
004926.png,kenney_roguelike-indoors/Tilesheets/roguelikeIndoor_transparent.png,CC0-1.0
004927.png,kenney_roguelike-indoors/Tilesheets/roguelikeIndoor_transparent.png,CC0-1.0
004928.png,kenney_roguelike-indoors/Tilesheets/roguelikeIndoor_transparent.png,CC0-1.0
004929.png,kenney_roguelike-indoors/Tilesheets/roguelikeIndoor_transparent.png,CC0-1.0
004930.png,kenney_roguelike-indoors/Tilesheets/roguelikeIndoor_transparent.png,CC0-1.0
004931.png,kenney_roguelike-indoors/Tilesheets/roguelikeIndoor_transparent.png,CC0-1.0
004932.png,kenney_roguelike-indoors/Tilesheets/roguelikeIndoor_transparent.png,CC0-1.0
004933.png,kenney_roguelike-indoors/Tilesheets/roguelikeIndoor_transparent.png,CC0-1.0
004934.png,kenney_roguelike-indoors/Tilesheets/roguelikeIndoor_transparent.png,CC0-1.0
004935.png,kenney_roguelike-indoors/Tilesheets/roguelikeIndoor_transparent.png,CC0-1.0
004936.png,kenney_roguelike-indoors/Tilesheets/roguelikeIndoor_transparent.png,CC0-1.0
004937.png,kenney_roguelike-indoors/Tilesheets/roguelikeIndoor_transparent.png,CC0-1.0
004938.png,kenney_roguelike-indoors/Tilesheets/roguelikeIndoor_transparent.png,CC0-1.0
004939.png,kenney_roguelike-indoors/Tilesheets/roguelikeIndoor_transparent.png,CC0-1.0
004940.png,kenney_roguelike-indoors/Tilesheets/roguelikeIndoor_transparent.png,CC0-1.0
004941.png,kenney_roguelike-indoors/Tilesheets/roguelikeIndoor_transparent.png,CC0-1.0
004942.png,kenney_roguelike-indoors/Tilesheets/roguelikeIndoor_transparent.png,CC0-1.0
004943.png,kenney_roguelike-indoors/Tilesheets/roguelikeIndoor_transparent.png,CC0-1.0
004944.png,kenney_roguelike-indoors/Tilesheets/roguelikeIndoor_transparent.png,CC0-1.0
004945.png,kenney_roguelike-indoors/Tilesheets/roguelikeIndoor_transparent.png,CC0-1.0
004946.png,kenney_roguelike-indoors/Tilesheets/roguelikeIndoor_transparent.png,CC0-1.0
004947.png,kenney_roguelike-indoors/Tilesheets/roguelikeIndoor_transparent.png,CC0-1.0
004948.png,kenney_roguelike-indoors/Tilesheets/roguelikeIndoor_transparent.png,CC0-1.0
004949.png,kenney_roguelike-indoors/Tilesheets/roguelikeIndoor_transparent.png,CC0-1.0
004950.png,kenney_roguelike-indoors/Tilesheets/roguelikeIndoor_transparent.png,CC0-1.0
004951.png,kenney_roguelike-indoors/Tilesheets/roguelikeIndoor_transparent.png,CC0-1.0
004952.png,kenney_roguelike-indoors/Tilesheets/roguelikeIndoor_transparent.png,CC0-1.0
004953.png,kenney_roguelike-indoors/Tilesheets/roguelikeIndoor_transparent.png,CC0-1.0
004954.png,kenney_roguelike-indoors/Tilesheets/roguelikeIndoor_transparent.png,CC0-1.0
004955.png,kenney_roguelike-indoors/Tilesheets/roguelikeIndoor_transparent.png,CC0-1.0
004956.png,kenney_roguelike-indoors/Tilesheets/roguelikeIndoor_transparent.png,CC0-1.0
004957.png,kenney_roguelike-indoors/Tilesheets/roguelikeIndoor_transparent.png,CC0-1.0
004958.png,kenney_roguelike-indoors/Tilesheets/roguelikeIndoor_transparent.png,CC0-1.0
004959.png,kenney_roguelike-indoors/Tilesheets/roguelikeIndoor_transparent.png,CC0-1.0
004960.png,kenney_roguelike-indoors/Tilesheets/roguelikeIndoor_transparent.png,CC0-1.0
004961.png,kenney_roguelike-indoors/Tilesheets/roguelikeIndoor_transparent.png,CC0-1.0
004962.png,kenney_roguelike-indoors/Tilesheets/roguelikeIndoor_transparent.png,CC0-1.0
004963.png,kenney_roguelike-indoors/Tilesheets/roguelikeIndoor_transparent.png,CC0-1.0
004964.png,kenney_roguelike-indoors/Tilesheets/roguelikeIndoor_transparent.png,CC0-1.0
004965.png,kenney_roguelike-indoors/Tilesheets/roguelikeIndoor_transparent.png,CC0-1.0
004966.png,kenney_roguelike-indoors/Tilesheets/roguelikeIndoor_transparent.png,CC0-1.0
004967.png,kenney_roguelike-indoors/Tilesheets/roguelikeIndoor_transparent.png,CC0-1.0
004968.png,kenney_roguelike-indoors/Tilesheets/roguelikeIndoor_transparent.png,CC0-1.0
004969.png,kenney_roguelike-indoors/Tilesheets/roguelikeIndoor_transparent.png,CC0-1.0
004970.png,kenney_roguelike-indoors/Tilesheets/roguelikeIndoor_transparent.png,CC0-1.0
004971.png,kenney_roguelike-indoors/Tilesheets/roguelikeIndoor_transparent.png,CC0-1.0
004972.png,kenney_roguelike-indoors/Tilesheets/roguelikeIndoor_transparent.png,CC0-1.0
004973.png,kenney_roguelike-indoors/Tilesheets/roguelikeIndoor_transparent.png,CC0-1.0
004974.png,kenney_roguelike-indoors/Tilesheets/roguelikeIndoor_transparent.png,CC0-1.0
004975.png,kenney_roguelike-indoors/Tilesheets/roguelikeIndoor_transparent.png,CC0-1.0
004976.png,kenney_roguelike-indoors/Tilesheets/roguelikeIndoor_transparent.png,CC0-1.0
004977.png,kenney_roguelike-indoors/Tilesheets/roguelikeIndoor_transparent.png,CC0-1.0
004978.png,kenney_roguelike-indoors/Tilesheets/roguelikeIndoor_transparent.png,CC0-1.0
004979.png,kenney_roguelike-indoors/Tilesheets/roguelikeIndoor_transparent.png,CC0-1.0
004980.png,kenney_roguelike-indoors/Tilesheets/roguelikeIndoor_transparent.png,CC0-1.0
004981.png,kenney_roguelike-indoors/Tilesheets/roguelikeIndoor_transparent.png,CC0-1.0
004982.png,kenney_roguelike-indoors/Tilesheets/roguelikeIndoor_transparent.png,CC0-1.0
004983.png,kenney_roguelike-indoors/Tilesheets/roguelikeIndoor_transparent.png,CC0-1.0
004984.png,kenney_roguelike-indoors/Tilesheets/roguelikeIndoor_transparent.png,CC0-1.0
004985.png,kenney_roguelike-indoors/Tilesheets/roguelikeIndoor_transparent.png,CC0-1.0
004986.png,kenney_roguelike-indoors/Tilesheets/roguelikeIndoor_transparent.png,CC0-1.0
004987.png,kenney_roguelike-indoors/Tilesheets/roguelikeIndoor_transparent.png,CC0-1.0
004988.png,kenney_roguelike-indoors/Tilesheets/roguelikeIndoor_transparent.png,CC0-1.0
004989.png,kenney_roguelike-indoors/Tilesheets/roguelikeIndoor_transparent.png,CC0-1.0
004990.png,kenney_roguelike-indoors/Tilesheets/roguelikeIndoor_transparent.png,CC0-1.0
004991.png,kenney_roguelike-indoors/Tilesheets/roguelikeIndoor_transparent.png,CC0-1.0
004992.png,kenney_roguelike-indoors/Tilesheets/roguelikeIndoor_transparent.png,CC0-1.0
004993.png,kenney_roguelike-indoors/Tilesheets/roguelikeIndoor_transparent.png,CC0-1.0
004994.png,kenney_roguelike-indoors/Tilesheets/roguelikeIndoor_transparent.png,CC0-1.0
004995.png,kenney_roguelike-indoors/Tilesheets/roguelikeIndoor_transparent.png,CC0-1.0
004996.png,kenney_roguelike-indoors/Tilesheets/roguelikeIndoor_transparent.png,CC0-1.0
004997.png,kenney_roguelike-indoors/Tilesheets/roguelikeIndoor_transparent.png,CC0-1.0
004998.png,kenney_roguelike-indoors/Tilesheets/roguelikeIndoor_transparent.png,CC0-1.0
004999.png,kenney_roguelike-indoors/Tilesheets/roguelikeIndoor_transparent.png,CC0-1.0
005000.png,kenney_roguelike-indoors/Tilesheets/roguelikeIndoor_transparent.png,CC0-1.0
005001.png,kenney_roguelike-indoors/Tilesheets/roguelikeIndoor_transparent.png,CC0-1.0
005002.png,kenney_roguelike-indoors/Tilesheets/roguelikeIndoor_transparent.png,CC0-1.0
005003.png,kenney_roguelike-indoors/Tilesheets/roguelikeIndoor_transparent.png,CC0-1.0
005004.png,kenney_roguelike-indoors/Tilesheets/roguelikeIndoor_transparent.png,CC0-1.0
005005.png,kenney_roguelike-indoors/Tilesheets/roguelikeIndoor_transparent.png,CC0-1.0
005006.png,kenney_roguelike-indoors/Tilesheets/roguelikeIndoor_transparent.png,CC0-1.0
005007.png,kenney_roguelike-indoors/Tilesheets/roguelikeIndoor_transparent.png,CC0-1.0
005008.png,kenney_roguelike-indoors/Tilesheets/roguelikeIndoor_transparent.png,CC0-1.0
005009.png,kenney_roguelike-indoors/Tilesheets/roguelikeIndoor_transparent.png,CC0-1.0
005010.png,kenney_roguelike-indoors/Tilesheets/roguelikeIndoor_transparent.png,CC0-1.0
005011.png,kenney_roguelike-indoors/Tilesheets/roguelikeIndoor_transparent.png,CC0-1.0
005012.png,kenney_roguelike-indoors/Tilesheets/roguelikeIndoor_transparent.png,CC0-1.0
005013.png,kenney_roguelike-indoors/Tilesheets/roguelikeIndoor_transparent.png,CC0-1.0
005014.png,kenney_roguelike-indoors/Tilesheets/roguelikeIndoor_transparent.png,CC0-1.0
005015.png,kenney_roguelike-indoors/Tilesheets/roguelikeIndoor_transparent.png,CC0-1.0
005016.png,kenney_roguelike-indoors/Tilesheets/roguelikeIndoor_transparent.png,CC0-1.0
005017.png,kenney_roguelike-indoors/Tilesheets/roguelikeIndoor_transparent.png,CC0-1.0
005018.png,kenney_roguelike-indoors/Tilesheets/roguelikeIndoor_transparent.png,CC0-1.0
005019.png,kenney_roguelike-indoors/Tilesheets/roguelikeIndoor_transparent.png,CC0-1.0
005020.png,kenney_roguelike-indoors/Tilesheets/roguelikeIndoor_transparent.png,CC0-1.0
005021.png,kenney_roguelike-indoors/Tilesheets/roguelikeIndoor_transparent.png,CC0-1.0
005022.png,kenney_roguelike-indoors/Tilesheets/roguelikeIndoor_transparent.png,CC0-1.0
005023.png,kenney_roguelike-indoors/Tilesheets/roguelikeIndoor_transparent.png,CC0-1.0
005024.png,kenney_roguelike-indoors/Tilesheets/roguelikeIndoor_transparent.png,CC0-1.0
005025.png,kenney_roguelike-indoors/Tilesheets/roguelikeIndoor_transparent.png,CC0-1.0
005026.png,kenney_roguelike-indoors/Tilesheets/roguelikeIndoor_transparent.png,CC0-1.0
005027.png,kenney_roguelike-indoors/Tilesheets/roguelikeIndoor_transparent.png,CC0-1.0
005028.png,kenney_roguelike-indoors/Tilesheets/roguelikeIndoor_transparent.png,CC0-1.0
005029.png,kenney_roguelike-indoors/Tilesheets/roguelikeIndoor_transparent.png,CC0-1.0
005030.png,kenney_roguelike-indoors/Tilesheets/roguelikeIndoor_transparent.png,CC0-1.0
005031.png,kenney_roguelike-indoors/Tilesheets/roguelikeIndoor_transparent.png,CC0-1.0
005032.png,kenney_roguelike-indoors/Tilesheets/roguelikeIndoor_transparent.png,CC0-1.0
005033.png,kenney_roguelike-indoors/Tilesheets/roguelikeIndoor_transparent.png,CC0-1.0
005034.png,kenney_roguelike-indoors/Tilesheets/roguelikeIndoor_transparent.png,CC0-1.0
005035.png,kenney_roguelike-indoors/Tilesheets/roguelikeIndoor_transparent.png,CC0-1.0
005036.png,kenney_roguelike-indoors/Tilesheets/roguelikeIndoor_transparent.png,CC0-1.0
005037.png,kenney_roguelike-indoors/Tilesheets/roguelikeIndoor_transparent.png,CC0-1.0
005038.png,kenney_roguelike-indoors/Tilesheets/roguelikeIndoor_transparent.png,CC0-1.0
005039.png,kenney_roguelike-indoors/Tilesheets/roguelikeIndoor_transparent.png,CC0-1.0
005040.png,kenney_roguelike-indoors/Tilesheets/roguelikeIndoor_transparent.png,CC0-1.0
005041.png,kenney_roguelike-indoors/Tilesheets/roguelikeIndoor_transparent.png,CC0-1.0
005042.png,kenney_roguelike-indoors/Tilesheets/roguelikeIndoor_transparent.png,CC0-1.0
005043.png,kenney_roguelike-indoors/Tilesheets/roguelikeIndoor_transparent.png,CC0-1.0
005044.png,kenney_roguelike-indoors/Tilesheets/roguelikeIndoor_transparent.png,CC0-1.0
005045.png,kenney_roguelike-indoors/Tilesheets/roguelikeIndoor_transparent.png,CC0-1.0
005046.png,kenney_roguelike-indoors/Tilesheets/roguelikeIndoor_transparent.png,CC0-1.0
005047.png,kenney_roguelike-indoors/Tilesheets/roguelikeIndoor_transparent.png,CC0-1.0
005048.png,kenney_roguelike-indoors/Tilesheets/roguelikeIndoor_transparent.png,CC0-1.0
005049.png,kenney_roguelike-indoors/Tilesheets/roguelikeIndoor_transparent.png,CC0-1.0
005050.png,kenney_roguelike-indoors/Tilesheets/roguelikeIndoor_transparent.png,CC0-1.0
005051.png,kenney_roguelike-indoors/Tilesheets/roguelikeIndoor_transparent.png,CC0-1.0
005052.png,kenney_roguelike-indoors/Tilesheets/roguelikeIndoor_transparent.png,CC0-1.0
005053.png,kenney_roguelike-indoors/Tilesheets/roguelikeIndoor_transparent.png,CC0-1.0
005054.png,kenney_roguelike-indoors/Tilesheets/roguelikeIndoor_transparent.png,CC0-1.0
005055.png,kenney_roguelike-indoors/Tilesheets/roguelikeIndoor_transparent.png,CC0-1.0
005056.png,kenney_roguelike-indoors/Tilesheets/roguelikeIndoor_transparent.png,CC0-1.0
005057.png,kenney_roguelike-indoors/Tilesheets/roguelikeIndoor_transparent.png,CC0-1.0
005058.png,kenney_roguelike-indoors/Tilesheets/roguelikeIndoor_transparent.png,CC0-1.0
005059.png,kenney_roguelike-indoors/Tilesheets/roguelikeIndoor_transparent.png,CC0-1.0
005060.png,kenney_roguelike-indoors/Tilesheets/roguelikeIndoor_transparent.png,CC0-1.0
005061.png,kenney_roguelike-indoors/Tilesheets/roguelikeIndoor_transparent.png,CC0-1.0
005062.png,kenney_roguelike-indoors/Tilesheets/roguelikeIndoor_transparent.png,CC0-1.0
005063.png,kenney_roguelike-indoors/Tilesheets/roguelikeIndoor_transparent.png,CC0-1.0
005064.png,kenney_roguelike-indoors/Tilesheets/roguelikeIndoor_transparent.png,CC0-1.0
005065.png,kenney_roguelike-indoors/Tilesheets/roguelikeIndoor_transparent.png,CC0-1.0
005066.png,kenney_roguelike-indoors/Tilesheets/roguelikeIndoor_transparent.png,CC0-1.0
005067.png,kenney_roguelike-indoors/Tilesheets/roguelikeIndoor_transparent.png,CC0-1.0
005068.png,kenney_roguelike-indoors/Tilesheets/roguelikeIndoor_transparent.png,CC0-1.0
005069.png,kenney_roguelike-indoors/Tilesheets/roguelikeIndoor_transparent.png,CC0-1.0
005070.png,kenney_roguelike-indoors/Tilesheets/roguelikeIndoor_transparent.png,CC0-1.0
005071.png,kenney_roguelike-indoors/Tilesheets/roguelikeIndoor_transparent.png,CC0-1.0
005072.png,kenney_roguelike-indoors/Tilesheets/roguelikeIndoor_transparent.png,CC0-1.0
005073.png,kenney_roguelike-indoors/Tilesheets/roguelikeIndoor_transparent.png,CC0-1.0
005074.png,kenney_roguelike-indoors/Tilesheets/roguelikeIndoor_transparent.png,CC0-1.0
005075.png,kenney_roguelike-indoors/Tilesheets/roguelikeIndoor_transparent.png,CC0-1.0
005076.png,kenney_roguelike-indoors/Tilesheets/roguelikeIndoor_transparent.png,CC0-1.0
005077.png,kenney_roguelike-indoors/Tilesheets/roguelikeIndoor_transparent.png,CC0-1.0
005078.png,kenney_roguelike-indoors/Tilesheets/roguelikeIndoor_transparent.png,CC0-1.0
005079.png,kenney_roguelike-indoors/Tilesheets/roguelikeIndoor_transparent.png,CC0-1.0
005080.png,kenney_roguelike-indoors/Tilesheets/roguelikeIndoor_transparent.png,CC0-1.0
005081.png,kenney_roguelike-indoors/Tilesheets/roguelikeIndoor_transparent.png,CC0-1.0
005082.png,kenney_roguelike-indoors/Tilesheets/roguelikeIndoor_transparent.png,CC0-1.0
005083.png,kenney_roguelike-indoors/Tilesheets/roguelikeIndoor_transparent.png,CC0-1.0
005084.png,kenney_roguelike-indoors/Tilesheets/roguelikeIndoor_transparent.png,CC0-1.0
005085.png,kenney_roguelike-indoors/Tilesheets/roguelikeIndoor_transparent.png,CC0-1.0
005086.png,kenney_roguelike-indoors/Tilesheets/roguelikeIndoor_transparent.png,CC0-1.0
005087.png,kenney_roguelike-indoors/Tilesheets/roguelikeIndoor_transparent.png,CC0-1.0
005088.png,kenney_roguelike-indoors/Tilesheets/roguelikeIndoor_transparent.png,CC0-1.0
005089.png,kenney_roguelike-indoors/Tilesheets/roguelikeIndoor_transparent.png,CC0-1.0
005090.png,kenney_roguelike-indoors/Tilesheets/roguelikeIndoor_transparent.png,CC0-1.0
005091.png,kenney_roguelike-indoors/Tilesheets/roguelikeIndoor_transparent.png,CC0-1.0
005092.png,kenney_roguelike-indoors/Tilesheets/roguelikeIndoor_transparent.png,CC0-1.0
005093.png,kenney_roguelike-indoors/Tilesheets/roguelikeIndoor_transparent.png,CC0-1.0
005094.png,kenney_roguelike-indoors/Tilesheets/roguelikeIndoor_transparent.png,CC0-1.0
005095.png,kenney_roguelike-indoors/Tilesheets/roguelikeIndoor_transparent.png,CC0-1.0
005096.png,kenney_roguelike-indoors/Tilesheets/roguelikeIndoor_transparent.png,CC0-1.0
005097.png,kenney_roguelike-indoors/Tilesheets/roguelikeIndoor_transparent.png,CC0-1.0
005098.png,kenney_roguelike-indoors/Tilesheets/roguelikeIndoor_transparent.png,CC0-1.0
005099.png,kenney_roguelike-indoors/Tilesheets/roguelikeIndoor_transparent.png,CC0-1.0
005100.png,kenney_roguelike-indoors/Tilesheets/roguelikeIndoor_transparent.png,CC0-1.0
005101.png,kenney_roguelike-indoors/Tilesheets/roguelikeIndoor_transparent.png,CC0-1.0
005102.png,kenney_roguelike-indoors/Tilesheets/roguelikeIndoor_transparent.png,CC0-1.0
005103.png,kenney_roguelike-indoors/Tilesheets/roguelikeIndoor_transparent.png,CC0-1.0
005104.png,kenney_roguelike-indoors/Tilesheets/roguelikeIndoor_transparent.png,CC0-1.0
005105.png,kenney_roguelike-indoors/Tilesheets/roguelikeIndoor_transparent.png,CC0-1.0
005106.png,kenney_roguelike-indoors/Tilesheets/roguelikeIndoor_transparent.png,CC0-1.0
005107.png,kenney_roguelike-indoors/Tilesheets/roguelikeIndoor_transparent.png,CC0-1.0
005108.png,kenney_roguelike-indoors/Tilesheets/roguelikeIndoor_transparent.png,CC0-1.0
005109.png,kenney_roguelike-indoors/Tilesheets/roguelikeIndoor_transparent.png,CC0-1.0
005110.png,kenney_roguelike-indoors/Tilesheets/roguelikeIndoor_transparent.png,CC0-1.0
005111.png,kenney_roguelike-indoors/Tilesheets/roguelikeIndoor_transparent.png,CC0-1.0
005112.png,kenney_roguelike-indoors/Tilesheets/roguelikeIndoor_transparent.png,CC0-1.0
005113.png,kenney_roguelike-indoors/Tilesheets/roguelikeIndoor_transparent.png,CC0-1.0
005114.png,kenney_roguelike-indoors/Tilesheets/roguelikeIndoor_transparent.png,CC0-1.0
005115.png,kenney_roguelike-indoors/Tilesheets/roguelikeIndoor_transparent.png,CC0-1.0
005116.png,kenney_roguelike-indoors/Tilesheets/roguelikeIndoor_transparent.png,CC0-1.0
005117.png,kenney_roguelike-indoors/Tilesheets/roguelikeIndoor_transparent.png,CC0-1.0
005118.png,kenney_roguelike-indoors/Tilesheets/roguelikeIndoor_transparent.png,CC0-1.0
005119.png,kenney_roguelike-indoors/Tilesheets/roguelikeIndoor_transparent.png,CC0-1.0
005120.png,kenney_roguelike-indoors/Tilesheets/roguelikeIndoor_transparent.png,CC0-1.0
005121.png,kenney_roguelike-indoors/Tilesheets/roguelikeIndoor_transparent.png,CC0-1.0
005122.png,kenney_roguelike-indoors/Tilesheets/roguelikeIndoor_transparent.png,CC0-1.0
005123.png,kenney_roguelike-indoors/Tilesheets/roguelikeIndoor_transparent.png,CC0-1.0
005124.png,kenney_roguelike-indoors/Tilesheets/roguelikeIndoor_transparent.png,CC0-1.0
005125.png,kenney_roguelike-indoors/Tilesheets/roguelikeIndoor_transparent.png,CC0-1.0
005126.png,kenney_roguelike-indoors/Tilesheets/roguelikeIndoor_transparent.png,CC0-1.0
005127.png,kenney_roguelike-indoors/Tilesheets/roguelikeIndoor_transparent.png,CC0-1.0
005128.png,kenney_roguelike-indoors/Tilesheets/roguelikeIndoor_transparent.png,CC0-1.0
005129.png,kenney_roguelike-indoors/Tilesheets/roguelikeIndoor_transparent.png,CC0-1.0
005130.png,kenney_roguelike-indoors/Tilesheets/roguelikeIndoor_transparent.png,CC0-1.0
005131.png,kenney_roguelike-indoors/Tilesheets/roguelikeIndoor_transparent.png,CC0-1.0
005132.png,kenney_roguelike-indoors/Tilesheets/roguelikeIndoor_transparent.png,CC0-1.0
005133.png,kenney_roguelike-indoors/Tilesheets/roguelikeIndoor_transparent.png,CC0-1.0
005134.png,kenney_roguelike-indoors/Tilesheets/roguelikeIndoor_transparent.png,CC0-1.0
005135.png,kenney_roguelike-indoors/Tilesheets/roguelikeIndoor_transparent.png,CC0-1.0
005136.png,kenney_roguelike-indoors/Tilesheets/roguelikeIndoor_transparent.png,CC0-1.0
005137.png,kenney_roguelike-indoors/Tilesheets/roguelikeIndoor_transparent.png,CC0-1.0
005138.png,kenney_roguelike-indoors/Tilesheets/roguelikeIndoor_transparent.png,CC0-1.0
005139.png,kenney_roguelike-indoors/Tilesheets/roguelikeIndoor_transparent.png,CC0-1.0
005140.png,kenney_roguelike-indoors/Tilesheets/roguelikeIndoor_transparent.png,CC0-1.0
005141.png,kenney_roguelike-indoors/Tilesheets/roguelikeIndoor_transparent.png,CC0-1.0
005142.png,kenney_roguelike-indoors/Tilesheets/roguelikeIndoor_transparent.png,CC0-1.0
005143.png,kenney_roguelike-indoors/Tilesheets/roguelikeIndoor_transparent.png,CC0-1.0
005144.png,kenney_roguelike-indoors/Tilesheets/roguelikeIndoor_transparent.png,CC0-1.0
005145.png,kenney_roguelike-indoors/Tilesheets/roguelikeIndoor_transparent.png,CC0-1.0
005146.png,kenney_roguelike-indoors/Tilesheets/roguelikeIndoor_transparent.png,CC0-1.0
005147.png,kenney_roguelike-indoors/Tilesheets/roguelikeIndoor_transparent.png,CC0-1.0
005148.png,kenney_roguelike-indoors/Tilesheets/roguelikeIndoor_transparent.png,CC0-1.0
005149.png,kenney_roguelike-indoors/Tilesheets/roguelikeIndoor_transparent.png,CC0-1.0
005150.png,kenney_roguelike-indoors/Tilesheets/roguelikeIndoor_transparent.png,CC0-1.0
005151.png,kenney_roguelike-indoors/Tilesheets/roguelikeIndoor_transparent.png,CC0-1.0
005152.png,kenney_roguelike-indoors/Tilesheets/roguelikeIndoor_transparent.png,CC0-1.0
005153.png,kenney_roguelike-indoors/Tilesheets/roguelikeIndoor_transparent.png,CC0-1.0
005154.png,kenney_roguelike-indoors/Tilesheets/roguelikeIndoor_transparent.png,CC0-1.0
005155.png,kenney_roguelike-indoors/Tilesheets/roguelikeIndoor_transparent.png,CC0-1.0
005156.png,kenney_roguelike-indoors/Tilesheets/roguelikeIndoor_transparent.png,CC0-1.0
005157.png,kenney_roguelike-indoors/Tilesheets/roguelikeIndoor_transparent.png,CC0-1.0
005158.png,kenney_roguelike-indoors/Tilesheets/roguelikeIndoor_transparent.png,CC0-1.0
005159.png,kenney_roguelike-indoors/Tilesheets/roguelikeIndoor_transparent.png,CC0-1.0
005160.png,kenney_roguelike-indoors/Tilesheets/roguelikeIndoor_transparent.png,CC0-1.0
005161.png,kenney_roguelike-indoors/Tilesheets/roguelikeIndoor_transparent.png,CC0-1.0
005162.png,kenney_roguelike-indoors/Tilesheets/roguelikeIndoor_transparent.png,CC0-1.0
005163.png,kenney_roguelike-indoors/Tilesheets/roguelikeIndoor_transparent.png,CC0-1.0
005164.png,kenney_roguelike-indoors/Tilesheets/roguelikeIndoor_transparent.png,CC0-1.0
005165.png,kenney_roguelike-indoors/Tilesheets/roguelikeIndoor_transparent.png,CC0-1.0
005166.png,kenney_roguelike-indoors/Tilesheets/roguelikeIndoor_transparent.png,CC0-1.0
005167.png,kenney_roguelike-indoors/Tilesheets/roguelikeIndoor_transparent.png,CC0-1.0
005168.png,kenney_roguelike-indoors/Tilesheets/roguelikeIndoor_transparent.png,CC0-1.0
005169.png,kenney_roguelike-indoors/Tilesheets/roguelikeIndoor_transparent.png,CC0-1.0
005170.png,kenney_roguelike-indoors/Tilesheets/roguelikeIndoor_transparent.png,CC0-1.0
005171.png,kenney_roguelike-indoors/Tilesheets/roguelikeIndoor_transparent.png,CC0-1.0
005172.png,kenney_roguelike-indoors/Tilesheets/roguelikeIndoor_transparent.png,CC0-1.0
005173.png,kenney_roguelike-indoors/Tilesheets/roguelikeIndoor_transparent.png,CC0-1.0
005174.png,kenney_roguelike-indoors/Tilesheets/roguelikeIndoor_transparent.png,CC0-1.0
005175.png,kenney_roguelike-indoors/Tilesheets/roguelikeIndoor_transparent.png,CC0-1.0
005176.png,kenney_roguelike-indoors/Tilesheets/roguelikeIndoor_transparent.png,CC0-1.0
005177.png,kenney_roguelike-indoors/Tilesheets/roguelikeIndoor_transparent.png,CC0-1.0
005178.png,kenney_roguelike-indoors/Tilesheets/roguelikeIndoor_transparent.png,CC0-1.0
005179.png,kenney_roguelike-indoors/Tilesheets/roguelikeIndoor_transparent.png,CC0-1.0
005180.png,kenney_roguelike-indoors/Tilesheets/roguelikeIndoor_transparent.png,CC0-1.0
005181.png,kenney_roguelike-indoors/Tilesheets/roguelikeIndoor_transparent.png,CC0-1.0
005182.png,kenney_roguelike-indoors/Tilesheets/roguelikeIndoor_transparent.png,CC0-1.0
005183.png,kenney_roguelike-indoors/Tilesheets/roguelikeIndoor_transparent.png,CC0-1.0
005184.png,kenney_roguelike-indoors/Tilesheets/roguelikeIndoor_transparent.png,CC0-1.0
005185.png,kenney_roguelike-indoors/Tilesheets/roguelikeIndoor_transparent.png,CC0-1.0
005186.png,kenney_roguelike-indoors/Tilesheets/roguelikeIndoor_transparent.png,CC0-1.0
005187.png,kenney_roguelike-indoors/Tilesheets/roguelikeIndoor_transparent.png,CC0-1.0
005188.png,kenney_roguelike-indoors/Tilesheets/roguelikeIndoor_transparent.png,CC0-1.0
005189.png,kenney_roguelike-indoors/Tilesheets/roguelikeIndoor_transparent.png,CC0-1.0
005190.png,kenney_roguelike-indoors/Tilesheets/roguelikeIndoor_transparent.png,CC0-1.0
005191.png,kenney_roguelike-indoors/Tilesheets/roguelikeIndoor_transparent.png,CC0-1.0
005192.png,kenney_roguelike-indoors/Tilesheets/roguelikeIndoor_transparent.png,CC0-1.0
005193.png,kenney_roguelike-indoors/Tilesheets/roguelikeIndoor_transparent.png,CC0-1.0
005194.png,kenney_roguelike-indoors/Tilesheets/roguelikeIndoor_transparent.png,CC0-1.0
005195.png,kenney_roguelike-indoors/Tilesheets/roguelikeIndoor_transparent.png,CC0-1.0
005196.png,kenney_roguelike-indoors/Tilesheets/roguelikeIndoor_transparent.png,CC0-1.0
005197.png,kenney_roguelike-indoors/Tilesheets/roguelikeIndoor_transparent.png,CC0-1.0
005198.png,kenney_roguelike-indoors/Tilesheets/roguelikeIndoor_transparent.png,CC0-1.0
005199.png,kenney_roguelike-indoors/Tilesheets/roguelikeIndoor_transparent.png,CC0-1.0
005200.png,kenney_roguelike-indoors/Tilesheets/roguelikeIndoor_transparent.png,CC0-1.0
005201.png,kenney_roguelike-indoors/Tilesheets/roguelikeIndoor_transparent.png,CC0-1.0
005202.png,kenney_roguelike-indoors/Tilesheets/roguelikeIndoor_transparent.png,CC0-1.0
005203.png,kenney_roguelike-indoors/Tilesheets/roguelikeIndoor_transparent.png,CC0-1.0
005204.png,kenney_roguelike-indoors/Tilesheets/roguelikeIndoor_transparent.png,CC0-1.0
005205.png,kenney_roguelike-indoors/Tilesheets/roguelikeIndoor_transparent.png,CC0-1.0
005206.png,kenney_roguelike-indoors/Tilesheets/roguelikeIndoor_transparent.png,CC0-1.0
005207.png,kenney_roguelike-indoors/Tilesheets/roguelikeIndoor_transparent.png,CC0-1.0
005208.png,kenney_roguelike-indoors/Tilesheets/roguelikeIndoor_transparent.png,CC0-1.0
005209.png,kenney_roguelike-indoors/Tilesheets/roguelikeIndoor_transparent.png,CC0-1.0
005210.png,kenney_roguelike-indoors/Tilesheets/roguelikeIndoor_transparent.png,CC0-1.0
005211.png,kenney_roguelike-indoors/Tilesheets/roguelikeIndoor_transparent.png,CC0-1.0
005212.png,kenney_roguelike-rpg-pack/Spritesheet/roguelikeSheet_transparent.png,CC0-1.0
005213.png,kenney_roguelike-rpg-pack/Spritesheet/roguelikeSheet_transparent.png,CC0-1.0
005214.png,kenney_roguelike-rpg-pack/Spritesheet/roguelikeSheet_transparent.png,CC0-1.0
005215.png,kenney_roguelike-rpg-pack/Spritesheet/roguelikeSheet_transparent.png,CC0-1.0
005216.png,kenney_roguelike-rpg-pack/Spritesheet/roguelikeSheet_transparent.png,CC0-1.0
005217.png,kenney_roguelike-rpg-pack/Spritesheet/roguelikeSheet_transparent.png,CC0-1.0
005218.png,kenney_roguelike-rpg-pack/Spritesheet/roguelikeSheet_transparent.png,CC0-1.0
005219.png,kenney_roguelike-rpg-pack/Spritesheet/roguelikeSheet_transparent.png,CC0-1.0
005220.png,kenney_roguelike-rpg-pack/Spritesheet/roguelikeSheet_transparent.png,CC0-1.0
005221.png,kenney_roguelike-rpg-pack/Spritesheet/roguelikeSheet_transparent.png,CC0-1.0
005222.png,kenney_roguelike-rpg-pack/Spritesheet/roguelikeSheet_transparent.png,CC0-1.0
005223.png,kenney_roguelike-rpg-pack/Spritesheet/roguelikeSheet_transparent.png,CC0-1.0
005224.png,kenney_roguelike-rpg-pack/Spritesheet/roguelikeSheet_transparent.png,CC0-1.0
005225.png,kenney_roguelike-rpg-pack/Spritesheet/roguelikeSheet_transparent.png,CC0-1.0
005226.png,kenney_roguelike-rpg-pack/Spritesheet/roguelikeSheet_transparent.png,CC0-1.0
005227.png,kenney_roguelike-rpg-pack/Spritesheet/roguelikeSheet_transparent.png,CC0-1.0
005228.png,kenney_roguelike-rpg-pack/Spritesheet/roguelikeSheet_transparent.png,CC0-1.0
005229.png,kenney_roguelike-rpg-pack/Spritesheet/roguelikeSheet_transparent.png,CC0-1.0
005230.png,kenney_roguelike-rpg-pack/Spritesheet/roguelikeSheet_transparent.png,CC0-1.0
005231.png,kenney_roguelike-rpg-pack/Spritesheet/roguelikeSheet_transparent.png,CC0-1.0
005232.png,kenney_roguelike-rpg-pack/Spritesheet/roguelikeSheet_transparent.png,CC0-1.0
005233.png,kenney_roguelike-rpg-pack/Spritesheet/roguelikeSheet_transparent.png,CC0-1.0
005234.png,kenney_roguelike-rpg-pack/Spritesheet/roguelikeSheet_transparent.png,CC0-1.0
005235.png,kenney_roguelike-rpg-pack/Spritesheet/roguelikeSheet_transparent.png,CC0-1.0
005236.png,kenney_roguelike-rpg-pack/Spritesheet/roguelikeSheet_transparent.png,CC0-1.0
005237.png,kenney_roguelike-rpg-pack/Spritesheet/roguelikeSheet_transparent.png,CC0-1.0
005238.png,kenney_roguelike-rpg-pack/Spritesheet/roguelikeSheet_transparent.png,CC0-1.0
005239.png,kenney_roguelike-rpg-pack/Spritesheet/roguelikeSheet_transparent.png,CC0-1.0
005240.png,kenney_roguelike-rpg-pack/Spritesheet/roguelikeSheet_transparent.png,CC0-1.0
005241.png,kenney_roguelike-rpg-pack/Spritesheet/roguelikeSheet_transparent.png,CC0-1.0
005242.png,kenney_roguelike-rpg-pack/Spritesheet/roguelikeSheet_transparent.png,CC0-1.0
005243.png,kenney_roguelike-rpg-pack/Spritesheet/roguelikeSheet_transparent.png,CC0-1.0
005244.png,kenney_roguelike-rpg-pack/Spritesheet/roguelikeSheet_transparent.png,CC0-1.0
005245.png,kenney_roguelike-rpg-pack/Spritesheet/roguelikeSheet_transparent.png,CC0-1.0
005246.png,kenney_roguelike-rpg-pack/Spritesheet/roguelikeSheet_transparent.png,CC0-1.0
005247.png,kenney_roguelike-rpg-pack/Spritesheet/roguelikeSheet_transparent.png,CC0-1.0
005248.png,kenney_roguelike-rpg-pack/Spritesheet/roguelikeSheet_transparent.png,CC0-1.0
005249.png,kenney_roguelike-rpg-pack/Spritesheet/roguelikeSheet_transparent.png,CC0-1.0
005250.png,kenney_roguelike-rpg-pack/Spritesheet/roguelikeSheet_transparent.png,CC0-1.0
005251.png,kenney_roguelike-rpg-pack/Spritesheet/roguelikeSheet_transparent.png,CC0-1.0
005252.png,kenney_roguelike-rpg-pack/Spritesheet/roguelikeSheet_transparent.png,CC0-1.0
005253.png,kenney_roguelike-rpg-pack/Spritesheet/roguelikeSheet_transparent.png,CC0-1.0
005254.png,kenney_roguelike-rpg-pack/Spritesheet/roguelikeSheet_transparent.png,CC0-1.0
005255.png,kenney_roguelike-rpg-pack/Spritesheet/roguelikeSheet_transparent.png,CC0-1.0
005256.png,kenney_roguelike-rpg-pack/Spritesheet/roguelikeSheet_transparent.png,CC0-1.0
005257.png,kenney_roguelike-rpg-pack/Spritesheet/roguelikeSheet_transparent.png,CC0-1.0
005258.png,kenney_roguelike-rpg-pack/Spritesheet/roguelikeSheet_transparent.png,CC0-1.0
005259.png,kenney_roguelike-rpg-pack/Spritesheet/roguelikeSheet_transparent.png,CC0-1.0
005260.png,kenney_roguelike-rpg-pack/Spritesheet/roguelikeSheet_transparent.png,CC0-1.0
005261.png,kenney_roguelike-rpg-pack/Spritesheet/roguelikeSheet_transparent.png,CC0-1.0
005262.png,kenney_roguelike-rpg-pack/Spritesheet/roguelikeSheet_transparent.png,CC0-1.0
005263.png,kenney_roguelike-rpg-pack/Spritesheet/roguelikeSheet_transparent.png,CC0-1.0
005264.png,kenney_roguelike-rpg-pack/Spritesheet/roguelikeSheet_transparent.png,CC0-1.0
005265.png,kenney_roguelike-rpg-pack/Spritesheet/roguelikeSheet_transparent.png,CC0-1.0
005266.png,kenney_roguelike-rpg-pack/Spritesheet/roguelikeSheet_transparent.png,CC0-1.0
005267.png,kenney_roguelike-rpg-pack/Spritesheet/roguelikeSheet_transparent.png,CC0-1.0
005268.png,kenney_roguelike-rpg-pack/Spritesheet/roguelikeSheet_transparent.png,CC0-1.0
005269.png,kenney_roguelike-rpg-pack/Spritesheet/roguelikeSheet_transparent.png,CC0-1.0
005270.png,kenney_roguelike-rpg-pack/Spritesheet/roguelikeSheet_transparent.png,CC0-1.0
005271.png,kenney_roguelike-rpg-pack/Spritesheet/roguelikeSheet_transparent.png,CC0-1.0
005272.png,kenney_roguelike-rpg-pack/Spritesheet/roguelikeSheet_transparent.png,CC0-1.0
005273.png,kenney_roguelike-rpg-pack/Spritesheet/roguelikeSheet_transparent.png,CC0-1.0
005274.png,kenney_roguelike-rpg-pack/Spritesheet/roguelikeSheet_transparent.png,CC0-1.0
005275.png,kenney_roguelike-rpg-pack/Spritesheet/roguelikeSheet_transparent.png,CC0-1.0
005276.png,kenney_roguelike-rpg-pack/Spritesheet/roguelikeSheet_transparent.png,CC0-1.0
005277.png,kenney_roguelike-rpg-pack/Spritesheet/roguelikeSheet_transparent.png,CC0-1.0
005278.png,kenney_roguelike-rpg-pack/Spritesheet/roguelikeSheet_transparent.png,CC0-1.0
005279.png,kenney_roguelike-rpg-pack/Spritesheet/roguelikeSheet_transparent.png,CC0-1.0
005280.png,kenney_roguelike-rpg-pack/Spritesheet/roguelikeSheet_transparent.png,CC0-1.0
005281.png,kenney_roguelike-rpg-pack/Spritesheet/roguelikeSheet_transparent.png,CC0-1.0
005282.png,kenney_roguelike-rpg-pack/Spritesheet/roguelikeSheet_transparent.png,CC0-1.0
005283.png,kenney_roguelike-rpg-pack/Spritesheet/roguelikeSheet_transparent.png,CC0-1.0
005284.png,kenney_roguelike-rpg-pack/Spritesheet/roguelikeSheet_transparent.png,CC0-1.0
005285.png,kenney_roguelike-rpg-pack/Spritesheet/roguelikeSheet_transparent.png,CC0-1.0
005286.png,kenney_roguelike-rpg-pack/Spritesheet/roguelikeSheet_transparent.png,CC0-1.0
005287.png,kenney_roguelike-rpg-pack/Spritesheet/roguelikeSheet_transparent.png,CC0-1.0
005288.png,kenney_roguelike-rpg-pack/Spritesheet/roguelikeSheet_transparent.png,CC0-1.0
005289.png,kenney_roguelike-rpg-pack/Spritesheet/roguelikeSheet_transparent.png,CC0-1.0
005290.png,kenney_roguelike-rpg-pack/Spritesheet/roguelikeSheet_transparent.png,CC0-1.0
005291.png,kenney_roguelike-rpg-pack/Spritesheet/roguelikeSheet_transparent.png,CC0-1.0
005292.png,kenney_roguelike-rpg-pack/Spritesheet/roguelikeSheet_transparent.png,CC0-1.0
005293.png,kenney_roguelike-rpg-pack/Spritesheet/roguelikeSheet_transparent.png,CC0-1.0
005294.png,kenney_roguelike-rpg-pack/Spritesheet/roguelikeSheet_transparent.png,CC0-1.0
005295.png,kenney_roguelike-rpg-pack/Spritesheet/roguelikeSheet_transparent.png,CC0-1.0
005296.png,kenney_roguelike-rpg-pack/Spritesheet/roguelikeSheet_transparent.png,CC0-1.0
005297.png,kenney_roguelike-rpg-pack/Spritesheet/roguelikeSheet_transparent.png,CC0-1.0
005298.png,kenney_roguelike-rpg-pack/Spritesheet/roguelikeSheet_transparent.png,CC0-1.0
005299.png,kenney_roguelike-rpg-pack/Spritesheet/roguelikeSheet_transparent.png,CC0-1.0
005300.png,kenney_roguelike-rpg-pack/Spritesheet/roguelikeSheet_transparent.png,CC0-1.0
005301.png,kenney_roguelike-rpg-pack/Spritesheet/roguelikeSheet_transparent.png,CC0-1.0
005302.png,kenney_roguelike-rpg-pack/Spritesheet/roguelikeSheet_transparent.png,CC0-1.0
005303.png,kenney_roguelike-rpg-pack/Spritesheet/roguelikeSheet_transparent.png,CC0-1.0
005304.png,kenney_roguelike-rpg-pack/Spritesheet/roguelikeSheet_transparent.png,CC0-1.0
005305.png,kenney_roguelike-rpg-pack/Spritesheet/roguelikeSheet_transparent.png,CC0-1.0
005306.png,kenney_roguelike-rpg-pack/Spritesheet/roguelikeSheet_transparent.png,CC0-1.0
005307.png,kenney_roguelike-rpg-pack/Spritesheet/roguelikeSheet_transparent.png,CC0-1.0
005308.png,kenney_roguelike-rpg-pack/Spritesheet/roguelikeSheet_transparent.png,CC0-1.0
005309.png,kenney_roguelike-rpg-pack/Spritesheet/roguelikeSheet_transparent.png,CC0-1.0
005310.png,kenney_roguelike-rpg-pack/Spritesheet/roguelikeSheet_transparent.png,CC0-1.0
005311.png,kenney_roguelike-rpg-pack/Spritesheet/roguelikeSheet_transparent.png,CC0-1.0
005312.png,kenney_roguelike-rpg-pack/Spritesheet/roguelikeSheet_transparent.png,CC0-1.0
005313.png,kenney_roguelike-rpg-pack/Spritesheet/roguelikeSheet_transparent.png,CC0-1.0
005314.png,kenney_roguelike-rpg-pack/Spritesheet/roguelikeSheet_transparent.png,CC0-1.0
005315.png,kenney_roguelike-rpg-pack/Spritesheet/roguelikeSheet_transparent.png,CC0-1.0
005316.png,kenney_roguelike-rpg-pack/Spritesheet/roguelikeSheet_transparent.png,CC0-1.0
005317.png,kenney_roguelike-rpg-pack/Spritesheet/roguelikeSheet_transparent.png,CC0-1.0
005318.png,kenney_roguelike-rpg-pack/Spritesheet/roguelikeSheet_transparent.png,CC0-1.0
005319.png,kenney_roguelike-rpg-pack/Spritesheet/roguelikeSheet_transparent.png,CC0-1.0
005320.png,kenney_roguelike-rpg-pack/Spritesheet/roguelikeSheet_transparent.png,CC0-1.0
005321.png,kenney_roguelike-rpg-pack/Spritesheet/roguelikeSheet_transparent.png,CC0-1.0
005322.png,kenney_roguelike-rpg-pack/Spritesheet/roguelikeSheet_transparent.png,CC0-1.0
005323.png,kenney_roguelike-rpg-pack/Spritesheet/roguelikeSheet_transparent.png,CC0-1.0
005324.png,kenney_roguelike-rpg-pack/Spritesheet/roguelikeSheet_transparent.png,CC0-1.0
005325.png,kenney_roguelike-rpg-pack/Spritesheet/roguelikeSheet_transparent.png,CC0-1.0
005326.png,kenney_roguelike-rpg-pack/Spritesheet/roguelikeSheet_transparent.png,CC0-1.0
005327.png,kenney_roguelike-rpg-pack/Spritesheet/roguelikeSheet_transparent.png,CC0-1.0
005328.png,kenney_roguelike-rpg-pack/Spritesheet/roguelikeSheet_transparent.png,CC0-1.0
005329.png,kenney_roguelike-rpg-pack/Spritesheet/roguelikeSheet_transparent.png,CC0-1.0
005330.png,kenney_roguelike-rpg-pack/Spritesheet/roguelikeSheet_transparent.png,CC0-1.0
005331.png,kenney_roguelike-rpg-pack/Spritesheet/roguelikeSheet_transparent.png,CC0-1.0
005332.png,kenney_roguelike-rpg-pack/Spritesheet/roguelikeSheet_transparent.png,CC0-1.0
005333.png,kenney_roguelike-rpg-pack/Spritesheet/roguelikeSheet_transparent.png,CC0-1.0
005334.png,kenney_roguelike-rpg-pack/Spritesheet/roguelikeSheet_transparent.png,CC0-1.0
005335.png,kenney_roguelike-rpg-pack/Spritesheet/roguelikeSheet_transparent.png,CC0-1.0
005336.png,kenney_roguelike-rpg-pack/Spritesheet/roguelikeSheet_transparent.png,CC0-1.0
005337.png,kenney_roguelike-rpg-pack/Spritesheet/roguelikeSheet_transparent.png,CC0-1.0
005338.png,kenney_roguelike-rpg-pack/Spritesheet/roguelikeSheet_transparent.png,CC0-1.0
005339.png,kenney_roguelike-rpg-pack/Spritesheet/roguelikeSheet_transparent.png,CC0-1.0
005340.png,kenney_roguelike-rpg-pack/Spritesheet/roguelikeSheet_transparent.png,CC0-1.0
005341.png,kenney_roguelike-rpg-pack/Spritesheet/roguelikeSheet_transparent.png,CC0-1.0
005342.png,kenney_roguelike-rpg-pack/Spritesheet/roguelikeSheet_transparent.png,CC0-1.0
005343.png,kenney_roguelike-rpg-pack/Spritesheet/roguelikeSheet_transparent.png,CC0-1.0
005344.png,kenney_roguelike-rpg-pack/Spritesheet/roguelikeSheet_transparent.png,CC0-1.0
005345.png,kenney_roguelike-rpg-pack/Spritesheet/roguelikeSheet_transparent.png,CC0-1.0
005346.png,kenney_roguelike-rpg-pack/Spritesheet/roguelikeSheet_transparent.png,CC0-1.0
005347.png,kenney_roguelike-rpg-pack/Spritesheet/roguelikeSheet_transparent.png,CC0-1.0
005348.png,kenney_roguelike-rpg-pack/Spritesheet/roguelikeSheet_transparent.png,CC0-1.0
005349.png,kenney_roguelike-rpg-pack/Spritesheet/roguelikeSheet_transparent.png,CC0-1.0
005350.png,kenney_roguelike-rpg-pack/Spritesheet/roguelikeSheet_transparent.png,CC0-1.0
005351.png,kenney_roguelike-rpg-pack/Spritesheet/roguelikeSheet_transparent.png,CC0-1.0
005352.png,kenney_roguelike-rpg-pack/Spritesheet/roguelikeSheet_transparent.png,CC0-1.0
005353.png,kenney_roguelike-rpg-pack/Spritesheet/roguelikeSheet_transparent.png,CC0-1.0
005354.png,kenney_roguelike-rpg-pack/Spritesheet/roguelikeSheet_transparent.png,CC0-1.0
005355.png,kenney_roguelike-rpg-pack/Spritesheet/roguelikeSheet_transparent.png,CC0-1.0
005356.png,kenney_roguelike-rpg-pack/Spritesheet/roguelikeSheet_transparent.png,CC0-1.0
005357.png,kenney_roguelike-rpg-pack/Spritesheet/roguelikeSheet_transparent.png,CC0-1.0
005358.png,kenney_roguelike-rpg-pack/Spritesheet/roguelikeSheet_transparent.png,CC0-1.0
005359.png,kenney_roguelike-rpg-pack/Spritesheet/roguelikeSheet_transparent.png,CC0-1.0
005360.png,kenney_roguelike-rpg-pack/Spritesheet/roguelikeSheet_transparent.png,CC0-1.0
005361.png,kenney_roguelike-rpg-pack/Spritesheet/roguelikeSheet_transparent.png,CC0-1.0
005362.png,kenney_roguelike-rpg-pack/Spritesheet/roguelikeSheet_transparent.png,CC0-1.0
005363.png,kenney_roguelike-rpg-pack/Spritesheet/roguelikeSheet_transparent.png,CC0-1.0
005364.png,kenney_roguelike-rpg-pack/Spritesheet/roguelikeSheet_transparent.png,CC0-1.0
005365.png,kenney_roguelike-rpg-pack/Spritesheet/roguelikeSheet_transparent.png,CC0-1.0
005366.png,kenney_roguelike-rpg-pack/Spritesheet/roguelikeSheet_transparent.png,CC0-1.0
005367.png,kenney_roguelike-rpg-pack/Spritesheet/roguelikeSheet_transparent.png,CC0-1.0
005368.png,kenney_roguelike-rpg-pack/Spritesheet/roguelikeSheet_transparent.png,CC0-1.0
005369.png,kenney_roguelike-rpg-pack/Spritesheet/roguelikeSheet_transparent.png,CC0-1.0
005370.png,kenney_roguelike-rpg-pack/Spritesheet/roguelikeSheet_transparent.png,CC0-1.0
005371.png,kenney_roguelike-rpg-pack/Spritesheet/roguelikeSheet_transparent.png,CC0-1.0
005372.png,kenney_roguelike-rpg-pack/Spritesheet/roguelikeSheet_transparent.png,CC0-1.0
005373.png,kenney_roguelike-rpg-pack/Spritesheet/roguelikeSheet_transparent.png,CC0-1.0
005374.png,kenney_roguelike-rpg-pack/Spritesheet/roguelikeSheet_transparent.png,CC0-1.0
005375.png,kenney_roguelike-rpg-pack/Spritesheet/roguelikeSheet_transparent.png,CC0-1.0
005376.png,kenney_roguelike-rpg-pack/Spritesheet/roguelikeSheet_transparent.png,CC0-1.0
005377.png,kenney_roguelike-rpg-pack/Spritesheet/roguelikeSheet_transparent.png,CC0-1.0
005378.png,kenney_roguelike-rpg-pack/Spritesheet/roguelikeSheet_transparent.png,CC0-1.0
005379.png,kenney_roguelike-rpg-pack/Spritesheet/roguelikeSheet_transparent.png,CC0-1.0
005380.png,kenney_roguelike-rpg-pack/Spritesheet/roguelikeSheet_transparent.png,CC0-1.0
005381.png,kenney_roguelike-rpg-pack/Spritesheet/roguelikeSheet_transparent.png,CC0-1.0
005382.png,kenney_roguelike-rpg-pack/Spritesheet/roguelikeSheet_transparent.png,CC0-1.0
005383.png,kenney_roguelike-rpg-pack/Spritesheet/roguelikeSheet_transparent.png,CC0-1.0
005384.png,kenney_roguelike-rpg-pack/Spritesheet/roguelikeSheet_transparent.png,CC0-1.0
005385.png,kenney_roguelike-rpg-pack/Spritesheet/roguelikeSheet_transparent.png,CC0-1.0
005386.png,kenney_roguelike-rpg-pack/Spritesheet/roguelikeSheet_transparent.png,CC0-1.0
005387.png,kenney_roguelike-rpg-pack/Spritesheet/roguelikeSheet_transparent.png,CC0-1.0
005388.png,kenney_roguelike-rpg-pack/Spritesheet/roguelikeSheet_transparent.png,CC0-1.0
005389.png,kenney_roguelike-rpg-pack/Spritesheet/roguelikeSheet_transparent.png,CC0-1.0
005390.png,kenney_roguelike-rpg-pack/Spritesheet/roguelikeSheet_transparent.png,CC0-1.0
005391.png,kenney_roguelike-rpg-pack/Spritesheet/roguelikeSheet_transparent.png,CC0-1.0
005392.png,kenney_roguelike-rpg-pack/Spritesheet/roguelikeSheet_transparent.png,CC0-1.0
005393.png,kenney_roguelike-rpg-pack/Spritesheet/roguelikeSheet_transparent.png,CC0-1.0
005394.png,kenney_roguelike-rpg-pack/Spritesheet/roguelikeSheet_transparent.png,CC0-1.0
005395.png,kenney_roguelike-rpg-pack/Spritesheet/roguelikeSheet_transparent.png,CC0-1.0
005396.png,kenney_roguelike-rpg-pack/Spritesheet/roguelikeSheet_transparent.png,CC0-1.0
005397.png,kenney_roguelike-rpg-pack/Spritesheet/roguelikeSheet_transparent.png,CC0-1.0
005398.png,kenney_roguelike-rpg-pack/Spritesheet/roguelikeSheet_transparent.png,CC0-1.0
005399.png,kenney_roguelike-rpg-pack/Spritesheet/roguelikeSheet_transparent.png,CC0-1.0
005400.png,kenney_roguelike-rpg-pack/Spritesheet/roguelikeSheet_transparent.png,CC0-1.0
005401.png,kenney_roguelike-rpg-pack/Spritesheet/roguelikeSheet_transparent.png,CC0-1.0
005402.png,kenney_roguelike-rpg-pack/Spritesheet/roguelikeSheet_transparent.png,CC0-1.0
005403.png,kenney_roguelike-rpg-pack/Spritesheet/roguelikeSheet_transparent.png,CC0-1.0
005404.png,kenney_roguelike-rpg-pack/Spritesheet/roguelikeSheet_transparent.png,CC0-1.0
005405.png,kenney_roguelike-rpg-pack/Spritesheet/roguelikeSheet_transparent.png,CC0-1.0
005406.png,kenney_roguelike-rpg-pack/Spritesheet/roguelikeSheet_transparent.png,CC0-1.0
005407.png,kenney_roguelike-rpg-pack/Spritesheet/roguelikeSheet_transparent.png,CC0-1.0
005408.png,kenney_roguelike-rpg-pack/Spritesheet/roguelikeSheet_transparent.png,CC0-1.0
005409.png,kenney_roguelike-rpg-pack/Spritesheet/roguelikeSheet_transparent.png,CC0-1.0
005410.png,kenney_roguelike-rpg-pack/Spritesheet/roguelikeSheet_transparent.png,CC0-1.0
005411.png,kenney_roguelike-rpg-pack/Spritesheet/roguelikeSheet_transparent.png,CC0-1.0
005412.png,kenney_roguelike-rpg-pack/Spritesheet/roguelikeSheet_transparent.png,CC0-1.0
005413.png,kenney_roguelike-rpg-pack/Spritesheet/roguelikeSheet_transparent.png,CC0-1.0
005414.png,kenney_roguelike-rpg-pack/Spritesheet/roguelikeSheet_transparent.png,CC0-1.0
005415.png,kenney_roguelike-rpg-pack/Spritesheet/roguelikeSheet_transparent.png,CC0-1.0
005416.png,kenney_roguelike-rpg-pack/Spritesheet/roguelikeSheet_transparent.png,CC0-1.0
005417.png,kenney_roguelike-rpg-pack/Spritesheet/roguelikeSheet_transparent.png,CC0-1.0
005418.png,kenney_roguelike-rpg-pack/Spritesheet/roguelikeSheet_transparent.png,CC0-1.0
005419.png,kenney_roguelike-rpg-pack/Spritesheet/roguelikeSheet_transparent.png,CC0-1.0
005420.png,kenney_roguelike-rpg-pack/Spritesheet/roguelikeSheet_transparent.png,CC0-1.0
005421.png,kenney_roguelike-rpg-pack/Spritesheet/roguelikeSheet_transparent.png,CC0-1.0
005422.png,kenney_roguelike-rpg-pack/Spritesheet/roguelikeSheet_transparent.png,CC0-1.0
005423.png,kenney_roguelike-rpg-pack/Spritesheet/roguelikeSheet_transparent.png,CC0-1.0
005424.png,kenney_roguelike-rpg-pack/Spritesheet/roguelikeSheet_transparent.png,CC0-1.0
005425.png,kenney_roguelike-rpg-pack/Spritesheet/roguelikeSheet_transparent.png,CC0-1.0
005426.png,kenney_roguelike-rpg-pack/Spritesheet/roguelikeSheet_transparent.png,CC0-1.0
005427.png,kenney_roguelike-rpg-pack/Spritesheet/roguelikeSheet_transparent.png,CC0-1.0
005428.png,kenney_roguelike-rpg-pack/Spritesheet/roguelikeSheet_transparent.png,CC0-1.0
005429.png,kenney_roguelike-rpg-pack/Spritesheet/roguelikeSheet_transparent.png,CC0-1.0
005430.png,kenney_roguelike-rpg-pack/Spritesheet/roguelikeSheet_transparent.png,CC0-1.0
005431.png,kenney_roguelike-rpg-pack/Spritesheet/roguelikeSheet_transparent.png,CC0-1.0
005432.png,kenney_roguelike-rpg-pack/Spritesheet/roguelikeSheet_transparent.png,CC0-1.0
005433.png,kenney_roguelike-rpg-pack/Spritesheet/roguelikeSheet_transparent.png,CC0-1.0
005434.png,kenney_roguelike-rpg-pack/Spritesheet/roguelikeSheet_transparent.png,CC0-1.0
005435.png,kenney_roguelike-rpg-pack/Spritesheet/roguelikeSheet_transparent.png,CC0-1.0
005436.png,kenney_roguelike-rpg-pack/Spritesheet/roguelikeSheet_transparent.png,CC0-1.0
005437.png,kenney_roguelike-rpg-pack/Spritesheet/roguelikeSheet_transparent.png,CC0-1.0
005438.png,kenney_roguelike-rpg-pack/Spritesheet/roguelikeSheet_transparent.png,CC0-1.0
005439.png,kenney_roguelike-rpg-pack/Spritesheet/roguelikeSheet_transparent.png,CC0-1.0
005440.png,kenney_roguelike-rpg-pack/Spritesheet/roguelikeSheet_transparent.png,CC0-1.0
005441.png,kenney_roguelike-rpg-pack/Spritesheet/roguelikeSheet_transparent.png,CC0-1.0
005442.png,kenney_roguelike-rpg-pack/Spritesheet/roguelikeSheet_transparent.png,CC0-1.0
005443.png,kenney_roguelike-rpg-pack/Spritesheet/roguelikeSheet_transparent.png,CC0-1.0
005444.png,kenney_roguelike-rpg-pack/Spritesheet/roguelikeSheet_transparent.png,CC0-1.0
005445.png,kenney_roguelike-rpg-pack/Spritesheet/roguelikeSheet_transparent.png,CC0-1.0
005446.png,kenney_roguelike-rpg-pack/Spritesheet/roguelikeSheet_transparent.png,CC0-1.0
005447.png,kenney_roguelike-rpg-pack/Spritesheet/roguelikeSheet_transparent.png,CC0-1.0
005448.png,kenney_roguelike-rpg-pack/Spritesheet/roguelikeSheet_transparent.png,CC0-1.0
005449.png,kenney_roguelike-rpg-pack/Spritesheet/roguelikeSheet_transparent.png,CC0-1.0
005450.png,kenney_roguelike-rpg-pack/Spritesheet/roguelikeSheet_transparent.png,CC0-1.0
005451.png,kenney_roguelike-rpg-pack/Spritesheet/roguelikeSheet_transparent.png,CC0-1.0
005452.png,kenney_roguelike-rpg-pack/Spritesheet/roguelikeSheet_transparent.png,CC0-1.0
005453.png,kenney_roguelike-rpg-pack/Spritesheet/roguelikeSheet_transparent.png,CC0-1.0
005454.png,kenney_roguelike-rpg-pack/Spritesheet/roguelikeSheet_transparent.png,CC0-1.0
005455.png,kenney_roguelike-rpg-pack/Spritesheet/roguelikeSheet_transparent.png,CC0-1.0
005456.png,kenney_roguelike-rpg-pack/Spritesheet/roguelikeSheet_transparent.png,CC0-1.0
005457.png,kenney_roguelike-rpg-pack/Spritesheet/roguelikeSheet_transparent.png,CC0-1.0
005458.png,kenney_roguelike-rpg-pack/Spritesheet/roguelikeSheet_transparent.png,CC0-1.0
005459.png,kenney_roguelike-rpg-pack/Spritesheet/roguelikeSheet_transparent.png,CC0-1.0
005460.png,kenney_roguelike-rpg-pack/Spritesheet/roguelikeSheet_transparent.png,CC0-1.0
005461.png,kenney_roguelike-rpg-pack/Spritesheet/roguelikeSheet_transparent.png,CC0-1.0
005462.png,kenney_roguelike-rpg-pack/Spritesheet/roguelikeSheet_transparent.png,CC0-1.0
005463.png,kenney_roguelike-rpg-pack/Spritesheet/roguelikeSheet_transparent.png,CC0-1.0
005464.png,kenney_roguelike-rpg-pack/Spritesheet/roguelikeSheet_transparent.png,CC0-1.0
005465.png,kenney_roguelike-rpg-pack/Spritesheet/roguelikeSheet_transparent.png,CC0-1.0
005466.png,kenney_roguelike-rpg-pack/Spritesheet/roguelikeSheet_transparent.png,CC0-1.0
005467.png,kenney_roguelike-rpg-pack/Spritesheet/roguelikeSheet_transparent.png,CC0-1.0
005468.png,kenney_roguelike-rpg-pack/Spritesheet/roguelikeSheet_transparent.png,CC0-1.0
005469.png,kenney_roguelike-rpg-pack/Spritesheet/roguelikeSheet_transparent.png,CC0-1.0
005470.png,kenney_roguelike-rpg-pack/Spritesheet/roguelikeSheet_transparent.png,CC0-1.0
005471.png,kenney_roguelike-rpg-pack/Spritesheet/roguelikeSheet_transparent.png,CC0-1.0
005472.png,kenney_roguelike-rpg-pack/Spritesheet/roguelikeSheet_transparent.png,CC0-1.0
005473.png,kenney_roguelike-rpg-pack/Spritesheet/roguelikeSheet_transparent.png,CC0-1.0
005474.png,kenney_roguelike-rpg-pack/Spritesheet/roguelikeSheet_transparent.png,CC0-1.0
005475.png,kenney_roguelike-rpg-pack/Spritesheet/roguelikeSheet_transparent.png,CC0-1.0
005476.png,kenney_roguelike-rpg-pack/Spritesheet/roguelikeSheet_transparent.png,CC0-1.0
005477.png,kenney_roguelike-rpg-pack/Spritesheet/roguelikeSheet_transparent.png,CC0-1.0
005478.png,kenney_roguelike-rpg-pack/Spritesheet/roguelikeSheet_transparent.png,CC0-1.0
005479.png,kenney_roguelike-rpg-pack/Spritesheet/roguelikeSheet_transparent.png,CC0-1.0
005480.png,kenney_roguelike-rpg-pack/Spritesheet/roguelikeSheet_transparent.png,CC0-1.0
005481.png,kenney_roguelike-rpg-pack/Spritesheet/roguelikeSheet_transparent.png,CC0-1.0
005482.png,kenney_roguelike-rpg-pack/Spritesheet/roguelikeSheet_transparent.png,CC0-1.0
005483.png,kenney_roguelike-rpg-pack/Spritesheet/roguelikeSheet_transparent.png,CC0-1.0
005484.png,kenney_roguelike-rpg-pack/Spritesheet/roguelikeSheet_transparent.png,CC0-1.0
005485.png,kenney_roguelike-rpg-pack/Spritesheet/roguelikeSheet_transparent.png,CC0-1.0
005486.png,kenney_roguelike-rpg-pack/Spritesheet/roguelikeSheet_transparent.png,CC0-1.0
005487.png,kenney_roguelike-rpg-pack/Spritesheet/roguelikeSheet_transparent.png,CC0-1.0
005488.png,kenney_roguelike-rpg-pack/Spritesheet/roguelikeSheet_transparent.png,CC0-1.0
005489.png,kenney_roguelike-rpg-pack/Spritesheet/roguelikeSheet_transparent.png,CC0-1.0
005490.png,kenney_roguelike-rpg-pack/Spritesheet/roguelikeSheet_transparent.png,CC0-1.0
005491.png,kenney_roguelike-rpg-pack/Spritesheet/roguelikeSheet_transparent.png,CC0-1.0
005492.png,kenney_roguelike-rpg-pack/Spritesheet/roguelikeSheet_transparent.png,CC0-1.0
005493.png,kenney_roguelike-rpg-pack/Spritesheet/roguelikeSheet_transparent.png,CC0-1.0
005494.png,kenney_roguelike-rpg-pack/Spritesheet/roguelikeSheet_transparent.png,CC0-1.0
005495.png,kenney_roguelike-rpg-pack/Spritesheet/roguelikeSheet_transparent.png,CC0-1.0
005496.png,kenney_roguelike-rpg-pack/Spritesheet/roguelikeSheet_transparent.png,CC0-1.0
005497.png,kenney_roguelike-rpg-pack/Spritesheet/roguelikeSheet_transparent.png,CC0-1.0
005498.png,kenney_roguelike-rpg-pack/Spritesheet/roguelikeSheet_transparent.png,CC0-1.0
005499.png,kenney_roguelike-rpg-pack/Spritesheet/roguelikeSheet_transparent.png,CC0-1.0
005500.png,kenney_roguelike-rpg-pack/Spritesheet/roguelikeSheet_transparent.png,CC0-1.0
005501.png,kenney_roguelike-rpg-pack/Spritesheet/roguelikeSheet_transparent.png,CC0-1.0
005502.png,kenney_roguelike-rpg-pack/Spritesheet/roguelikeSheet_transparent.png,CC0-1.0
005503.png,kenney_roguelike-rpg-pack/Spritesheet/roguelikeSheet_transparent.png,CC0-1.0
005504.png,kenney_roguelike-rpg-pack/Spritesheet/roguelikeSheet_transparent.png,CC0-1.0
005505.png,kenney_roguelike-rpg-pack/Spritesheet/roguelikeSheet_transparent.png,CC0-1.0
005506.png,kenney_roguelike-rpg-pack/Spritesheet/roguelikeSheet_transparent.png,CC0-1.0
005507.png,kenney_roguelike-rpg-pack/Spritesheet/roguelikeSheet_transparent.png,CC0-1.0
005508.png,kenney_roguelike-rpg-pack/Spritesheet/roguelikeSheet_transparent.png,CC0-1.0
005509.png,kenney_roguelike-rpg-pack/Spritesheet/roguelikeSheet_transparent.png,CC0-1.0
005510.png,kenney_roguelike-rpg-pack/Spritesheet/roguelikeSheet_transparent.png,CC0-1.0
005511.png,kenney_roguelike-rpg-pack/Spritesheet/roguelikeSheet_transparent.png,CC0-1.0
005512.png,kenney_roguelike-rpg-pack/Spritesheet/roguelikeSheet_transparent.png,CC0-1.0
005513.png,kenney_roguelike-rpg-pack/Spritesheet/roguelikeSheet_transparent.png,CC0-1.0
005514.png,kenney_roguelike-rpg-pack/Spritesheet/roguelikeSheet_transparent.png,CC0-1.0
005515.png,kenney_roguelike-rpg-pack/Spritesheet/roguelikeSheet_transparent.png,CC0-1.0
005516.png,kenney_roguelike-rpg-pack/Spritesheet/roguelikeSheet_transparent.png,CC0-1.0
005517.png,kenney_roguelike-rpg-pack/Spritesheet/roguelikeSheet_transparent.png,CC0-1.0
005518.png,kenney_roguelike-rpg-pack/Spritesheet/roguelikeSheet_transparent.png,CC0-1.0
005519.png,kenney_roguelike-rpg-pack/Spritesheet/roguelikeSheet_transparent.png,CC0-1.0
005520.png,kenney_roguelike-rpg-pack/Spritesheet/roguelikeSheet_transparent.png,CC0-1.0
005521.png,kenney_roguelike-rpg-pack/Spritesheet/roguelikeSheet_transparent.png,CC0-1.0
005522.png,kenney_roguelike-rpg-pack/Spritesheet/roguelikeSheet_transparent.png,CC0-1.0
005523.png,kenney_roguelike-rpg-pack/Spritesheet/roguelikeSheet_transparent.png,CC0-1.0
005524.png,kenney_roguelike-rpg-pack/Spritesheet/roguelikeSheet_transparent.png,CC0-1.0
005525.png,kenney_roguelike-rpg-pack/Spritesheet/roguelikeSheet_transparent.png,CC0-1.0
005526.png,kenney_roguelike-rpg-pack/Spritesheet/roguelikeSheet_transparent.png,CC0-1.0
005527.png,kenney_roguelike-rpg-pack/Spritesheet/roguelikeSheet_transparent.png,CC0-1.0
005528.png,kenney_roguelike-rpg-pack/Spritesheet/roguelikeSheet_transparent.png,CC0-1.0
005529.png,kenney_roguelike-rpg-pack/Spritesheet/roguelikeSheet_transparent.png,CC0-1.0
005530.png,kenney_roguelike-rpg-pack/Spritesheet/roguelikeSheet_transparent.png,CC0-1.0
005531.png,kenney_roguelike-rpg-pack/Spritesheet/roguelikeSheet_transparent.png,CC0-1.0
005532.png,kenney_roguelike-rpg-pack/Spritesheet/roguelikeSheet_transparent.png,CC0-1.0
005533.png,kenney_roguelike-rpg-pack/Spritesheet/roguelikeSheet_transparent.png,CC0-1.0
005534.png,kenney_roguelike-rpg-pack/Spritesheet/roguelikeSheet_transparent.png,CC0-1.0
005535.png,kenney_roguelike-rpg-pack/Spritesheet/roguelikeSheet_transparent.png,CC0-1.0
005536.png,kenney_roguelike-rpg-pack/Spritesheet/roguelikeSheet_transparent.png,CC0-1.0
005537.png,kenney_roguelike-rpg-pack/Spritesheet/roguelikeSheet_transparent.png,CC0-1.0
005538.png,kenney_roguelike-rpg-pack/Spritesheet/roguelikeSheet_transparent.png,CC0-1.0
005539.png,kenney_roguelike-rpg-pack/Spritesheet/roguelikeSheet_transparent.png,CC0-1.0
005540.png,kenney_roguelike-rpg-pack/Spritesheet/roguelikeSheet_transparent.png,CC0-1.0
005541.png,kenney_roguelike-rpg-pack/Spritesheet/roguelikeSheet_transparent.png,CC0-1.0
005542.png,kenney_roguelike-rpg-pack/Spritesheet/roguelikeSheet_transparent.png,CC0-1.0
005543.png,kenney_roguelike-rpg-pack/Spritesheet/roguelikeSheet_transparent.png,CC0-1.0
005544.png,kenney_roguelike-rpg-pack/Spritesheet/roguelikeSheet_transparent.png,CC0-1.0
005545.png,kenney_roguelike-rpg-pack/Spritesheet/roguelikeSheet_transparent.png,CC0-1.0
005546.png,kenney_roguelike-rpg-pack/Spritesheet/roguelikeSheet_transparent.png,CC0-1.0
005547.png,kenney_roguelike-rpg-pack/Spritesheet/roguelikeSheet_transparent.png,CC0-1.0
005548.png,kenney_roguelike-rpg-pack/Spritesheet/roguelikeSheet_transparent.png,CC0-1.0
005549.png,kenney_roguelike-rpg-pack/Spritesheet/roguelikeSheet_transparent.png,CC0-1.0
005550.png,kenney_roguelike-rpg-pack/Spritesheet/roguelikeSheet_transparent.png,CC0-1.0
005551.png,kenney_roguelike-rpg-pack/Spritesheet/roguelikeSheet_transparent.png,CC0-1.0
005552.png,kenney_roguelike-rpg-pack/Spritesheet/roguelikeSheet_transparent.png,CC0-1.0
005553.png,kenney_roguelike-rpg-pack/Spritesheet/roguelikeSheet_transparent.png,CC0-1.0
005554.png,kenney_roguelike-rpg-pack/Spritesheet/roguelikeSheet_transparent.png,CC0-1.0
005555.png,kenney_roguelike-rpg-pack/Spritesheet/roguelikeSheet_transparent.png,CC0-1.0
005556.png,kenney_roguelike-rpg-pack/Spritesheet/roguelikeSheet_transparent.png,CC0-1.0
005557.png,kenney_roguelike-rpg-pack/Spritesheet/roguelikeSheet_transparent.png,CC0-1.0
005558.png,kenney_roguelike-rpg-pack/Spritesheet/roguelikeSheet_transparent.png,CC0-1.0
005559.png,kenney_roguelike-rpg-pack/Spritesheet/roguelikeSheet_transparent.png,CC0-1.0
005560.png,kenney_roguelike-rpg-pack/Spritesheet/roguelikeSheet_transparent.png,CC0-1.0
005561.png,kenney_roguelike-rpg-pack/Spritesheet/roguelikeSheet_transparent.png,CC0-1.0
005562.png,kenney_roguelike-rpg-pack/Spritesheet/roguelikeSheet_transparent.png,CC0-1.0
005563.png,kenney_roguelike-rpg-pack/Spritesheet/roguelikeSheet_transparent.png,CC0-1.0
005564.png,kenney_roguelike-rpg-pack/Spritesheet/roguelikeSheet_transparent.png,CC0-1.0
005565.png,kenney_roguelike-rpg-pack/Spritesheet/roguelikeSheet_transparent.png,CC0-1.0
005566.png,kenney_roguelike-rpg-pack/Spritesheet/roguelikeSheet_transparent.png,CC0-1.0
005567.png,kenney_roguelike-rpg-pack/Spritesheet/roguelikeSheet_transparent.png,CC0-1.0
005568.png,kenney_roguelike-rpg-pack/Spritesheet/roguelikeSheet_transparent.png,CC0-1.0
005569.png,kenney_roguelike-rpg-pack/Spritesheet/roguelikeSheet_transparent.png,CC0-1.0
005570.png,kenney_roguelike-rpg-pack/Spritesheet/roguelikeSheet_transparent.png,CC0-1.0
005571.png,kenney_roguelike-rpg-pack/Spritesheet/roguelikeSheet_transparent.png,CC0-1.0
005572.png,kenney_roguelike-rpg-pack/Spritesheet/roguelikeSheet_transparent.png,CC0-1.0
005573.png,kenney_roguelike-rpg-pack/Spritesheet/roguelikeSheet_transparent.png,CC0-1.0
005574.png,kenney_roguelike-rpg-pack/Spritesheet/roguelikeSheet_transparent.png,CC0-1.0
005575.png,kenney_roguelike-rpg-pack/Spritesheet/roguelikeSheet_transparent.png,CC0-1.0
005576.png,kenney_roguelike-rpg-pack/Spritesheet/roguelikeSheet_transparent.png,CC0-1.0
005577.png,kenney_roguelike-rpg-pack/Spritesheet/roguelikeSheet_transparent.png,CC0-1.0
005578.png,kenney_roguelike-rpg-pack/Spritesheet/roguelikeSheet_transparent.png,CC0-1.0
005579.png,kenney_roguelike-rpg-pack/Spritesheet/roguelikeSheet_transparent.png,CC0-1.0
005580.png,kenney_roguelike-rpg-pack/Spritesheet/roguelikeSheet_transparent.png,CC0-1.0
005581.png,kenney_roguelike-rpg-pack/Spritesheet/roguelikeSheet_transparent.png,CC0-1.0
005582.png,kenney_roguelike-rpg-pack/Spritesheet/roguelikeSheet_transparent.png,CC0-1.0
005583.png,kenney_roguelike-rpg-pack/Spritesheet/roguelikeSheet_transparent.png,CC0-1.0
005584.png,kenney_roguelike-rpg-pack/Spritesheet/roguelikeSheet_transparent.png,CC0-1.0
005585.png,kenney_roguelike-rpg-pack/Spritesheet/roguelikeSheet_transparent.png,CC0-1.0
005586.png,kenney_roguelike-rpg-pack/Spritesheet/roguelikeSheet_transparent.png,CC0-1.0
005587.png,kenney_roguelike-rpg-pack/Spritesheet/roguelikeSheet_transparent.png,CC0-1.0
005588.png,kenney_roguelike-rpg-pack/Spritesheet/roguelikeSheet_transparent.png,CC0-1.0
005589.png,kenney_roguelike-rpg-pack/Spritesheet/roguelikeSheet_transparent.png,CC0-1.0
005590.png,kenney_roguelike-rpg-pack/Spritesheet/roguelikeSheet_transparent.png,CC0-1.0
005591.png,kenney_roguelike-rpg-pack/Spritesheet/roguelikeSheet_transparent.png,CC0-1.0
005592.png,kenney_roguelike-rpg-pack/Spritesheet/roguelikeSheet_transparent.png,CC0-1.0
005593.png,kenney_roguelike-rpg-pack/Spritesheet/roguelikeSheet_transparent.png,CC0-1.0
005594.png,kenney_roguelike-rpg-pack/Spritesheet/roguelikeSheet_transparent.png,CC0-1.0
005595.png,kenney_roguelike-rpg-pack/Spritesheet/roguelikeSheet_transparent.png,CC0-1.0
005596.png,kenney_roguelike-rpg-pack/Spritesheet/roguelikeSheet_transparent.png,CC0-1.0
005597.png,kenney_roguelike-rpg-pack/Spritesheet/roguelikeSheet_transparent.png,CC0-1.0
005598.png,kenney_roguelike-rpg-pack/Spritesheet/roguelikeSheet_transparent.png,CC0-1.0
005599.png,kenney_roguelike-rpg-pack/Spritesheet/roguelikeSheet_transparent.png,CC0-1.0
005600.png,kenney_roguelike-rpg-pack/Spritesheet/roguelikeSheet_transparent.png,CC0-1.0
005601.png,kenney_roguelike-rpg-pack/Spritesheet/roguelikeSheet_transparent.png,CC0-1.0
005602.png,kenney_roguelike-rpg-pack/Spritesheet/roguelikeSheet_transparent.png,CC0-1.0
005603.png,kenney_roguelike-rpg-pack/Spritesheet/roguelikeSheet_transparent.png,CC0-1.0
005604.png,kenney_roguelike-rpg-pack/Spritesheet/roguelikeSheet_transparent.png,CC0-1.0
005605.png,kenney_roguelike-rpg-pack/Spritesheet/roguelikeSheet_transparent.png,CC0-1.0
005606.png,kenney_roguelike-rpg-pack/Spritesheet/roguelikeSheet_transparent.png,CC0-1.0
005607.png,kenney_roguelike-rpg-pack/Spritesheet/roguelikeSheet_transparent.png,CC0-1.0
005608.png,kenney_roguelike-rpg-pack/Spritesheet/roguelikeSheet_transparent.png,CC0-1.0
005609.png,kenney_roguelike-rpg-pack/Spritesheet/roguelikeSheet_transparent.png,CC0-1.0
005610.png,kenney_roguelike-rpg-pack/Spritesheet/roguelikeSheet_transparent.png,CC0-1.0
005611.png,kenney_roguelike-rpg-pack/Spritesheet/roguelikeSheet_transparent.png,CC0-1.0
005612.png,kenney_roguelike-rpg-pack/Spritesheet/roguelikeSheet_transparent.png,CC0-1.0
005613.png,kenney_roguelike-rpg-pack/Spritesheet/roguelikeSheet_transparent.png,CC0-1.0
005614.png,kenney_roguelike-rpg-pack/Spritesheet/roguelikeSheet_transparent.png,CC0-1.0
005615.png,kenney_roguelike-rpg-pack/Spritesheet/roguelikeSheet_transparent.png,CC0-1.0
005616.png,kenney_roguelike-rpg-pack/Spritesheet/roguelikeSheet_transparent.png,CC0-1.0
005617.png,kenney_roguelike-rpg-pack/Spritesheet/roguelikeSheet_transparent.png,CC0-1.0
005618.png,kenney_roguelike-rpg-pack/Spritesheet/roguelikeSheet_transparent.png,CC0-1.0
005619.png,kenney_roguelike-rpg-pack/Spritesheet/roguelikeSheet_transparent.png,CC0-1.0
005620.png,kenney_roguelike-rpg-pack/Spritesheet/roguelikeSheet_transparent.png,CC0-1.0
005621.png,kenney_roguelike-rpg-pack/Spritesheet/roguelikeSheet_transparent.png,CC0-1.0
005622.png,kenney_roguelike-rpg-pack/Spritesheet/roguelikeSheet_transparent.png,CC0-1.0
005623.png,kenney_roguelike-rpg-pack/Spritesheet/roguelikeSheet_transparent.png,CC0-1.0
005624.png,kenney_roguelike-rpg-pack/Spritesheet/roguelikeSheet_transparent.png,CC0-1.0
005625.png,kenney_roguelike-rpg-pack/Spritesheet/roguelikeSheet_transparent.png,CC0-1.0
005626.png,kenney_roguelike-rpg-pack/Spritesheet/roguelikeSheet_transparent.png,CC0-1.0
005627.png,kenney_roguelike-rpg-pack/Spritesheet/roguelikeSheet_transparent.png,CC0-1.0
005628.png,kenney_roguelike-rpg-pack/Spritesheet/roguelikeSheet_transparent.png,CC0-1.0
005629.png,kenney_roguelike-rpg-pack/Spritesheet/roguelikeSheet_transparent.png,CC0-1.0
005630.png,kenney_roguelike-rpg-pack/Spritesheet/roguelikeSheet_transparent.png,CC0-1.0
005631.png,kenney_roguelike-rpg-pack/Spritesheet/roguelikeSheet_transparent.png,CC0-1.0
005632.png,kenney_roguelike-rpg-pack/Spritesheet/roguelikeSheet_transparent.png,CC0-1.0
005633.png,kenney_roguelike-rpg-pack/Spritesheet/roguelikeSheet_transparent.png,CC0-1.0
005634.png,kenney_roguelike-rpg-pack/Spritesheet/roguelikeSheet_transparent.png,CC0-1.0
005635.png,kenney_roguelike-rpg-pack/Spritesheet/roguelikeSheet_transparent.png,CC0-1.0
005636.png,kenney_roguelike-rpg-pack/Spritesheet/roguelikeSheet_transparent.png,CC0-1.0
005637.png,kenney_roguelike-rpg-pack/Spritesheet/roguelikeSheet_transparent.png,CC0-1.0
005638.png,kenney_roguelike-rpg-pack/Spritesheet/roguelikeSheet_transparent.png,CC0-1.0
005639.png,kenney_roguelike-rpg-pack/Spritesheet/roguelikeSheet_transparent.png,CC0-1.0
005640.png,kenney_roguelike-rpg-pack/Spritesheet/roguelikeSheet_transparent.png,CC0-1.0
005641.png,kenney_roguelike-rpg-pack/Spritesheet/roguelikeSheet_transparent.png,CC0-1.0
005642.png,kenney_roguelike-rpg-pack/Spritesheet/roguelikeSheet_transparent.png,CC0-1.0
005643.png,kenney_roguelike-rpg-pack/Spritesheet/roguelikeSheet_transparent.png,CC0-1.0
005644.png,kenney_roguelike-rpg-pack/Spritesheet/roguelikeSheet_transparent.png,CC0-1.0
005645.png,kenney_roguelike-rpg-pack/Spritesheet/roguelikeSheet_transparent.png,CC0-1.0
005646.png,kenney_roguelike-rpg-pack/Spritesheet/roguelikeSheet_transparent.png,CC0-1.0
005647.png,kenney_roguelike-rpg-pack/Spritesheet/roguelikeSheet_transparent.png,CC0-1.0
005648.png,kenney_roguelike-rpg-pack/Spritesheet/roguelikeSheet_transparent.png,CC0-1.0
005649.png,kenney_roguelike-rpg-pack/Spritesheet/roguelikeSheet_transparent.png,CC0-1.0
005650.png,kenney_roguelike-rpg-pack/Spritesheet/roguelikeSheet_transparent.png,CC0-1.0
005651.png,kenney_roguelike-rpg-pack/Spritesheet/roguelikeSheet_transparent.png,CC0-1.0
005652.png,kenney_roguelike-rpg-pack/Spritesheet/roguelikeSheet_transparent.png,CC0-1.0
005653.png,kenney_roguelike-rpg-pack/Spritesheet/roguelikeSheet_transparent.png,CC0-1.0
005654.png,kenney_roguelike-rpg-pack/Spritesheet/roguelikeSheet_transparent.png,CC0-1.0
005655.png,kenney_roguelike-rpg-pack/Spritesheet/roguelikeSheet_transparent.png,CC0-1.0
005656.png,kenney_roguelike-rpg-pack/Spritesheet/roguelikeSheet_transparent.png,CC0-1.0
005657.png,kenney_roguelike-rpg-pack/Spritesheet/roguelikeSheet_transparent.png,CC0-1.0
005658.png,kenney_roguelike-rpg-pack/Spritesheet/roguelikeSheet_transparent.png,CC0-1.0
005659.png,kenney_roguelike-rpg-pack/Spritesheet/roguelikeSheet_transparent.png,CC0-1.0
005660.png,kenney_roguelike-rpg-pack/Spritesheet/roguelikeSheet_transparent.png,CC0-1.0
005661.png,kenney_roguelike-rpg-pack/Spritesheet/roguelikeSheet_transparent.png,CC0-1.0
005662.png,kenney_roguelike-rpg-pack/Spritesheet/roguelikeSheet_transparent.png,CC0-1.0
005663.png,kenney_roguelike-rpg-pack/Spritesheet/roguelikeSheet_transparent.png,CC0-1.0
005664.png,kenney_roguelike-rpg-pack/Spritesheet/roguelikeSheet_transparent.png,CC0-1.0
005665.png,kenney_roguelike-rpg-pack/Spritesheet/roguelikeSheet_transparent.png,CC0-1.0
005666.png,kenney_roguelike-rpg-pack/Spritesheet/roguelikeSheet_transparent.png,CC0-1.0
005667.png,kenney_roguelike-rpg-pack/Spritesheet/roguelikeSheet_transparent.png,CC0-1.0
005668.png,kenney_roguelike-rpg-pack/Spritesheet/roguelikeSheet_transparent.png,CC0-1.0
005669.png,kenney_roguelike-rpg-pack/Spritesheet/roguelikeSheet_transparent.png,CC0-1.0
005670.png,kenney_roguelike-rpg-pack/Spritesheet/roguelikeSheet_transparent.png,CC0-1.0
005671.png,kenney_roguelike-rpg-pack/Spritesheet/roguelikeSheet_transparent.png,CC0-1.0
005672.png,kenney_roguelike-rpg-pack/Spritesheet/roguelikeSheet_transparent.png,CC0-1.0
005673.png,kenney_roguelike-rpg-pack/Spritesheet/roguelikeSheet_transparent.png,CC0-1.0
005674.png,kenney_roguelike-rpg-pack/Spritesheet/roguelikeSheet_transparent.png,CC0-1.0
005675.png,kenney_roguelike-rpg-pack/Spritesheet/roguelikeSheet_transparent.png,CC0-1.0
005676.png,kenney_roguelike-rpg-pack/Spritesheet/roguelikeSheet_transparent.png,CC0-1.0
005677.png,kenney_roguelike-rpg-pack/Spritesheet/roguelikeSheet_transparent.png,CC0-1.0
005678.png,kenney_roguelike-rpg-pack/Spritesheet/roguelikeSheet_transparent.png,CC0-1.0
005679.png,kenney_roguelike-rpg-pack/Spritesheet/roguelikeSheet_transparent.png,CC0-1.0
005680.png,kenney_roguelike-rpg-pack/Spritesheet/roguelikeSheet_transparent.png,CC0-1.0
005681.png,kenney_roguelike-rpg-pack/Spritesheet/roguelikeSheet_transparent.png,CC0-1.0
005682.png,kenney_roguelike-rpg-pack/Spritesheet/roguelikeSheet_transparent.png,CC0-1.0
005683.png,kenney_roguelike-rpg-pack/Spritesheet/roguelikeSheet_transparent.png,CC0-1.0
005684.png,kenney_roguelike-rpg-pack/Spritesheet/roguelikeSheet_transparent.png,CC0-1.0
005685.png,kenney_roguelike-rpg-pack/Spritesheet/roguelikeSheet_transparent.png,CC0-1.0
005686.png,kenney_roguelike-rpg-pack/Spritesheet/roguelikeSheet_transparent.png,CC0-1.0
005687.png,kenney_roguelike-rpg-pack/Spritesheet/roguelikeSheet_transparent.png,CC0-1.0
005688.png,kenney_roguelike-rpg-pack/Spritesheet/roguelikeSheet_transparent.png,CC0-1.0
005689.png,kenney_roguelike-rpg-pack/Spritesheet/roguelikeSheet_transparent.png,CC0-1.0
005690.png,kenney_roguelike-rpg-pack/Spritesheet/roguelikeSheet_transparent.png,CC0-1.0
005691.png,kenney_roguelike-rpg-pack/Spritesheet/roguelikeSheet_transparent.png,CC0-1.0
005692.png,kenney_roguelike-rpg-pack/Spritesheet/roguelikeSheet_transparent.png,CC0-1.0
005693.png,kenney_roguelike-rpg-pack/Spritesheet/roguelikeSheet_transparent.png,CC0-1.0
005694.png,kenney_roguelike-rpg-pack/Spritesheet/roguelikeSheet_transparent.png,CC0-1.0
005695.png,kenney_roguelike-rpg-pack/Spritesheet/roguelikeSheet_transparent.png,CC0-1.0
005696.png,kenney_roguelike-rpg-pack/Spritesheet/roguelikeSheet_transparent.png,CC0-1.0
005697.png,kenney_roguelike-rpg-pack/Spritesheet/roguelikeSheet_transparent.png,CC0-1.0
005698.png,kenney_roguelike-rpg-pack/Spritesheet/roguelikeSheet_transparent.png,CC0-1.0
005699.png,kenney_roguelike-rpg-pack/Spritesheet/roguelikeSheet_transparent.png,CC0-1.0
005700.png,kenney_roguelike-rpg-pack/Spritesheet/roguelikeSheet_transparent.png,CC0-1.0
005701.png,kenney_roguelike-rpg-pack/Spritesheet/roguelikeSheet_transparent.png,CC0-1.0
005702.png,kenney_roguelike-rpg-pack/Spritesheet/roguelikeSheet_transparent.png,CC0-1.0
005703.png,kenney_roguelike-rpg-pack/Spritesheet/roguelikeSheet_transparent.png,CC0-1.0
005704.png,kenney_roguelike-rpg-pack/Spritesheet/roguelikeSheet_transparent.png,CC0-1.0
005705.png,kenney_roguelike-rpg-pack/Spritesheet/roguelikeSheet_transparent.png,CC0-1.0
005706.png,kenney_roguelike-rpg-pack/Spritesheet/roguelikeSheet_transparent.png,CC0-1.0
005707.png,kenney_roguelike-rpg-pack/Spritesheet/roguelikeSheet_transparent.png,CC0-1.0
005708.png,kenney_roguelike-rpg-pack/Spritesheet/roguelikeSheet_transparent.png,CC0-1.0
005709.png,kenney_roguelike-rpg-pack/Spritesheet/roguelikeSheet_transparent.png,CC0-1.0
005710.png,kenney_roguelike-rpg-pack/Spritesheet/roguelikeSheet_transparent.png,CC0-1.0
005711.png,kenney_roguelike-rpg-pack/Spritesheet/roguelikeSheet_transparent.png,CC0-1.0
005712.png,kenney_roguelike-rpg-pack/Spritesheet/roguelikeSheet_transparent.png,CC0-1.0
005713.png,kenney_roguelike-rpg-pack/Spritesheet/roguelikeSheet_transparent.png,CC0-1.0
005714.png,kenney_roguelike-rpg-pack/Spritesheet/roguelikeSheet_transparent.png,CC0-1.0
005715.png,kenney_roguelike-rpg-pack/Spritesheet/roguelikeSheet_transparent.png,CC0-1.0
005716.png,kenney_roguelike-rpg-pack/Spritesheet/roguelikeSheet_transparent.png,CC0-1.0
005717.png,kenney_roguelike-rpg-pack/Spritesheet/roguelikeSheet_transparent.png,CC0-1.0
005718.png,kenney_roguelike-rpg-pack/Spritesheet/roguelikeSheet_transparent.png,CC0-1.0
005719.png,kenney_roguelike-rpg-pack/Spritesheet/roguelikeSheet_transparent.png,CC0-1.0
005720.png,kenney_roguelike-rpg-pack/Spritesheet/roguelikeSheet_transparent.png,CC0-1.0
005721.png,kenney_roguelike-rpg-pack/Spritesheet/roguelikeSheet_transparent.png,CC0-1.0
005722.png,kenney_roguelike-rpg-pack/Spritesheet/roguelikeSheet_transparent.png,CC0-1.0
005723.png,kenney_roguelike-rpg-pack/Spritesheet/roguelikeSheet_transparent.png,CC0-1.0
005724.png,kenney_roguelike-rpg-pack/Spritesheet/roguelikeSheet_transparent.png,CC0-1.0
005725.png,kenney_roguelike-rpg-pack/Spritesheet/roguelikeSheet_transparent.png,CC0-1.0
005726.png,kenney_roguelike-rpg-pack/Spritesheet/roguelikeSheet_transparent.png,CC0-1.0
005727.png,kenney_roguelike-rpg-pack/Spritesheet/roguelikeSheet_transparent.png,CC0-1.0
005728.png,kenney_roguelike-rpg-pack/Spritesheet/roguelikeSheet_transparent.png,CC0-1.0
005729.png,kenney_roguelike-rpg-pack/Spritesheet/roguelikeSheet_transparent.png,CC0-1.0
005730.png,kenney_roguelike-rpg-pack/Spritesheet/roguelikeSheet_transparent.png,CC0-1.0
005731.png,kenney_roguelike-rpg-pack/Spritesheet/roguelikeSheet_transparent.png,CC0-1.0
005732.png,kenney_roguelike-rpg-pack/Spritesheet/roguelikeSheet_transparent.png,CC0-1.0
005733.png,kenney_roguelike-rpg-pack/Spritesheet/roguelikeSheet_transparent.png,CC0-1.0
005734.png,kenney_roguelike-rpg-pack/Spritesheet/roguelikeSheet_transparent.png,CC0-1.0
005735.png,kenney_roguelike-rpg-pack/Spritesheet/roguelikeSheet_transparent.png,CC0-1.0
005736.png,kenney_roguelike-rpg-pack/Spritesheet/roguelikeSheet_transparent.png,CC0-1.0
005737.png,kenney_roguelike-rpg-pack/Spritesheet/roguelikeSheet_transparent.png,CC0-1.0
005738.png,kenney_roguelike-rpg-pack/Spritesheet/roguelikeSheet_transparent.png,CC0-1.0
005739.png,kenney_roguelike-rpg-pack/Spritesheet/roguelikeSheet_transparent.png,CC0-1.0
005740.png,kenney_roguelike-rpg-pack/Spritesheet/roguelikeSheet_transparent.png,CC0-1.0
005741.png,kenney_roguelike-rpg-pack/Spritesheet/roguelikeSheet_transparent.png,CC0-1.0
005742.png,kenney_roguelike-rpg-pack/Spritesheet/roguelikeSheet_transparent.png,CC0-1.0
005743.png,kenney_roguelike-rpg-pack/Spritesheet/roguelikeSheet_transparent.png,CC0-1.0
005744.png,kenney_roguelike-rpg-pack/Spritesheet/roguelikeSheet_transparent.png,CC0-1.0
005745.png,kenney_roguelike-rpg-pack/Spritesheet/roguelikeSheet_transparent.png,CC0-1.0
005746.png,kenney_roguelike-rpg-pack/Spritesheet/roguelikeSheet_transparent.png,CC0-1.0
005747.png,kenney_roguelike-rpg-pack/Spritesheet/roguelikeSheet_transparent.png,CC0-1.0
005748.png,kenney_roguelike-rpg-pack/Spritesheet/roguelikeSheet_transparent.png,CC0-1.0
005749.png,kenney_roguelike-rpg-pack/Spritesheet/roguelikeSheet_transparent.png,CC0-1.0
005750.png,kenney_roguelike-rpg-pack/Spritesheet/roguelikeSheet_transparent.png,CC0-1.0
005751.png,kenney_roguelike-rpg-pack/Spritesheet/roguelikeSheet_transparent.png,CC0-1.0
005752.png,kenney_roguelike-rpg-pack/Spritesheet/roguelikeSheet_transparent.png,CC0-1.0
005753.png,kenney_roguelike-rpg-pack/Spritesheet/roguelikeSheet_transparent.png,CC0-1.0
005754.png,kenney_roguelike-rpg-pack/Spritesheet/roguelikeSheet_transparent.png,CC0-1.0
005755.png,kenney_roguelike-rpg-pack/Spritesheet/roguelikeSheet_transparent.png,CC0-1.0
005756.png,kenney_roguelike-rpg-pack/Spritesheet/roguelikeSheet_transparent.png,CC0-1.0
005757.png,kenney_roguelike-rpg-pack/Spritesheet/roguelikeSheet_transparent.png,CC0-1.0
005758.png,kenney_roguelike-rpg-pack/Spritesheet/roguelikeSheet_transparent.png,CC0-1.0
005759.png,kenney_roguelike-rpg-pack/Spritesheet/roguelikeSheet_transparent.png,CC0-1.0
005760.png,kenney_roguelike-rpg-pack/Spritesheet/roguelikeSheet_transparent.png,CC0-1.0
005761.png,kenney_roguelike-rpg-pack/Spritesheet/roguelikeSheet_transparent.png,CC0-1.0
005762.png,kenney_roguelike-rpg-pack/Spritesheet/roguelikeSheet_transparent.png,CC0-1.0
005763.png,kenney_roguelike-rpg-pack/Spritesheet/roguelikeSheet_transparent.png,CC0-1.0
005764.png,kenney_roguelike-rpg-pack/Spritesheet/roguelikeSheet_transparent.png,CC0-1.0
005765.png,kenney_roguelike-rpg-pack/Spritesheet/roguelikeSheet_transparent.png,CC0-1.0
005766.png,kenney_roguelike-rpg-pack/Spritesheet/roguelikeSheet_transparent.png,CC0-1.0
005767.png,kenney_roguelike-rpg-pack/Spritesheet/roguelikeSheet_transparent.png,CC0-1.0
005768.png,kenney_roguelike-rpg-pack/Spritesheet/roguelikeSheet_transparent.png,CC0-1.0
005769.png,kenney_roguelike-rpg-pack/Spritesheet/roguelikeSheet_transparent.png,CC0-1.0
005770.png,kenney_roguelike-rpg-pack/Spritesheet/roguelikeSheet_transparent.png,CC0-1.0
005771.png,kenney_roguelike-rpg-pack/Spritesheet/roguelikeSheet_transparent.png,CC0-1.0
005772.png,kenney_roguelike-rpg-pack/Spritesheet/roguelikeSheet_transparent.png,CC0-1.0
005773.png,kenney_roguelike-rpg-pack/Spritesheet/roguelikeSheet_transparent.png,CC0-1.0
005774.png,kenney_roguelike-rpg-pack/Spritesheet/roguelikeSheet_transparent.png,CC0-1.0
005775.png,kenney_roguelike-rpg-pack/Spritesheet/roguelikeSheet_transparent.png,CC0-1.0
005776.png,kenney_roguelike-rpg-pack/Spritesheet/roguelikeSheet_transparent.png,CC0-1.0
005777.png,kenney_roguelike-rpg-pack/Spritesheet/roguelikeSheet_transparent.png,CC0-1.0
005778.png,kenney_roguelike-rpg-pack/Spritesheet/roguelikeSheet_transparent.png,CC0-1.0
005779.png,kenney_roguelike-rpg-pack/Spritesheet/roguelikeSheet_transparent.png,CC0-1.0
005780.png,kenney_roguelike-rpg-pack/Spritesheet/roguelikeSheet_transparent.png,CC0-1.0
005781.png,kenney_roguelike-rpg-pack/Spritesheet/roguelikeSheet_transparent.png,CC0-1.0
005782.png,kenney_roguelike-rpg-pack/Spritesheet/roguelikeSheet_transparent.png,CC0-1.0
005783.png,kenney_roguelike-rpg-pack/Spritesheet/roguelikeSheet_transparent.png,CC0-1.0
005784.png,kenney_roguelike-rpg-pack/Spritesheet/roguelikeSheet_transparent.png,CC0-1.0
005785.png,kenney_roguelike-rpg-pack/Spritesheet/roguelikeSheet_transparent.png,CC0-1.0
005786.png,kenney_roguelike-rpg-pack/Spritesheet/roguelikeSheet_transparent.png,CC0-1.0
005787.png,kenney_roguelike-rpg-pack/Spritesheet/roguelikeSheet_transparent.png,CC0-1.0
005788.png,kenney_roguelike-rpg-pack/Spritesheet/roguelikeSheet_transparent.png,CC0-1.0
005789.png,kenney_roguelike-rpg-pack/Spritesheet/roguelikeSheet_transparent.png,CC0-1.0
005790.png,kenney_roguelike-rpg-pack/Spritesheet/roguelikeSheet_transparent.png,CC0-1.0
005791.png,kenney_roguelike-rpg-pack/Spritesheet/roguelikeSheet_transparent.png,CC0-1.0
005792.png,kenney_roguelike-rpg-pack/Spritesheet/roguelikeSheet_transparent.png,CC0-1.0
005793.png,kenney_roguelike-rpg-pack/Spritesheet/roguelikeSheet_transparent.png,CC0-1.0
005794.png,kenney_roguelike-rpg-pack/Spritesheet/roguelikeSheet_transparent.png,CC0-1.0
005795.png,kenney_roguelike-rpg-pack/Spritesheet/roguelikeSheet_transparent.png,CC0-1.0
005796.png,kenney_roguelike-rpg-pack/Spritesheet/roguelikeSheet_transparent.png,CC0-1.0
005797.png,kenney_roguelike-rpg-pack/Spritesheet/roguelikeSheet_transparent.png,CC0-1.0
005798.png,kenney_roguelike-rpg-pack/Spritesheet/roguelikeSheet_transparent.png,CC0-1.0
005799.png,kenney_roguelike-rpg-pack/Spritesheet/roguelikeSheet_transparent.png,CC0-1.0
005800.png,kenney_roguelike-rpg-pack/Spritesheet/roguelikeSheet_transparent.png,CC0-1.0
005801.png,kenney_roguelike-rpg-pack/Spritesheet/roguelikeSheet_transparent.png,CC0-1.0
005802.png,kenney_roguelike-rpg-pack/Spritesheet/roguelikeSheet_transparent.png,CC0-1.0
005803.png,kenney_roguelike-rpg-pack/Spritesheet/roguelikeSheet_transparent.png,CC0-1.0
005804.png,kenney_roguelike-rpg-pack/Spritesheet/roguelikeSheet_transparent.png,CC0-1.0
005805.png,kenney_roguelike-rpg-pack/Spritesheet/roguelikeSheet_transparent.png,CC0-1.0
005806.png,kenney_roguelike-rpg-pack/Spritesheet/roguelikeSheet_transparent.png,CC0-1.0
005807.png,kenney_roguelike-rpg-pack/Spritesheet/roguelikeSheet_transparent.png,CC0-1.0
005808.png,kenney_roguelike-rpg-pack/Spritesheet/roguelikeSheet_transparent.png,CC0-1.0
005809.png,kenney_roguelike-rpg-pack/Spritesheet/roguelikeSheet_transparent.png,CC0-1.0
005810.png,kenney_roguelike-rpg-pack/Spritesheet/roguelikeSheet_transparent.png,CC0-1.0
005811.png,kenney_roguelike-rpg-pack/Spritesheet/roguelikeSheet_transparent.png,CC0-1.0
005812.png,kenney_roguelike-rpg-pack/Spritesheet/roguelikeSheet_transparent.png,CC0-1.0
005813.png,kenney_roguelike-rpg-pack/Spritesheet/roguelikeSheet_transparent.png,CC0-1.0
005814.png,kenney_roguelike-rpg-pack/Spritesheet/roguelikeSheet_transparent.png,CC0-1.0
005815.png,kenney_roguelike-rpg-pack/Spritesheet/roguelikeSheet_transparent.png,CC0-1.0
005816.png,kenney_roguelike-rpg-pack/Spritesheet/roguelikeSheet_transparent.png,CC0-1.0
005817.png,kenney_roguelike-rpg-pack/Spritesheet/roguelikeSheet_transparent.png,CC0-1.0
005818.png,kenney_roguelike-rpg-pack/Spritesheet/roguelikeSheet_transparent.png,CC0-1.0
005819.png,kenney_roguelike-rpg-pack/Spritesheet/roguelikeSheet_transparent.png,CC0-1.0
005820.png,kenney_roguelike-rpg-pack/Spritesheet/roguelikeSheet_transparent.png,CC0-1.0
005821.png,kenney_roguelike-rpg-pack/Spritesheet/roguelikeSheet_transparent.png,CC0-1.0
005822.png,kenney_roguelike-rpg-pack/Spritesheet/roguelikeSheet_transparent.png,CC0-1.0
005823.png,kenney_roguelike-rpg-pack/Spritesheet/roguelikeSheet_transparent.png,CC0-1.0
005824.png,kenney_roguelike-rpg-pack/Spritesheet/roguelikeSheet_transparent.png,CC0-1.0
005825.png,kenney_roguelike-rpg-pack/Spritesheet/roguelikeSheet_transparent.png,CC0-1.0
005826.png,kenney_roguelike-rpg-pack/Spritesheet/roguelikeSheet_transparent.png,CC0-1.0
005827.png,kenney_roguelike-rpg-pack/Spritesheet/roguelikeSheet_transparent.png,CC0-1.0
005828.png,kenney_roguelike-rpg-pack/Spritesheet/roguelikeSheet_transparent.png,CC0-1.0
005829.png,kenney_roguelike-rpg-pack/Spritesheet/roguelikeSheet_transparent.png,CC0-1.0
005830.png,kenney_roguelike-rpg-pack/Spritesheet/roguelikeSheet_transparent.png,CC0-1.0
005831.png,kenney_roguelike-rpg-pack/Spritesheet/roguelikeSheet_transparent.png,CC0-1.0
005832.png,kenney_roguelike-rpg-pack/Spritesheet/roguelikeSheet_transparent.png,CC0-1.0
005833.png,kenney_roguelike-rpg-pack/Spritesheet/roguelikeSheet_transparent.png,CC0-1.0
005834.png,kenney_roguelike-rpg-pack/Spritesheet/roguelikeSheet_transparent.png,CC0-1.0
005835.png,kenney_roguelike-rpg-pack/Spritesheet/roguelikeSheet_transparent.png,CC0-1.0
005836.png,kenney_roguelike-rpg-pack/Spritesheet/roguelikeSheet_transparent.png,CC0-1.0
005837.png,kenney_roguelike-rpg-pack/Spritesheet/roguelikeSheet_transparent.png,CC0-1.0
005838.png,kenney_roguelike-rpg-pack/Spritesheet/roguelikeSheet_transparent.png,CC0-1.0
005839.png,kenney_roguelike-rpg-pack/Spritesheet/roguelikeSheet_transparent.png,CC0-1.0
005840.png,kenney_roguelike-rpg-pack/Spritesheet/roguelikeSheet_transparent.png,CC0-1.0
005841.png,kenney_roguelike-rpg-pack/Spritesheet/roguelikeSheet_transparent.png,CC0-1.0
005842.png,kenney_roguelike-rpg-pack/Spritesheet/roguelikeSheet_transparent.png,CC0-1.0
005843.png,kenney_roguelike-rpg-pack/Spritesheet/roguelikeSheet_transparent.png,CC0-1.0
005844.png,kenney_roguelike-rpg-pack/Spritesheet/roguelikeSheet_transparent.png,CC0-1.0
005845.png,kenney_roguelike-rpg-pack/Spritesheet/roguelikeSheet_transparent.png,CC0-1.0
005846.png,kenney_roguelike-rpg-pack/Spritesheet/roguelikeSheet_transparent.png,CC0-1.0
005847.png,kenney_roguelike-rpg-pack/Spritesheet/roguelikeSheet_transparent.png,CC0-1.0
005848.png,kenney_roguelike-rpg-pack/Spritesheet/roguelikeSheet_transparent.png,CC0-1.0
005849.png,kenney_roguelike-rpg-pack/Spritesheet/roguelikeSheet_transparent.png,CC0-1.0
005850.png,kenney_roguelike-rpg-pack/Spritesheet/roguelikeSheet_transparent.png,CC0-1.0
005851.png,kenney_roguelike-rpg-pack/Spritesheet/roguelikeSheet_transparent.png,CC0-1.0
005852.png,kenney_roguelike-rpg-pack/Spritesheet/roguelikeSheet_transparent.png,CC0-1.0
005853.png,kenney_roguelike-rpg-pack/Spritesheet/roguelikeSheet_transparent.png,CC0-1.0
005854.png,kenney_roguelike-rpg-pack/Spritesheet/roguelikeSheet_transparent.png,CC0-1.0
005855.png,kenney_roguelike-rpg-pack/Spritesheet/roguelikeSheet_transparent.png,CC0-1.0
005856.png,kenney_roguelike-rpg-pack/Spritesheet/roguelikeSheet_transparent.png,CC0-1.0
005857.png,kenney_roguelike-rpg-pack/Spritesheet/roguelikeSheet_transparent.png,CC0-1.0
005858.png,kenney_roguelike-rpg-pack/Spritesheet/roguelikeSheet_transparent.png,CC0-1.0
005859.png,kenney_roguelike-rpg-pack/Spritesheet/roguelikeSheet_transparent.png,CC0-1.0
005860.png,kenney_roguelike-rpg-pack/Spritesheet/roguelikeSheet_transparent.png,CC0-1.0
005861.png,kenney_roguelike-rpg-pack/Spritesheet/roguelikeSheet_transparent.png,CC0-1.0
005862.png,kenney_roguelike-rpg-pack/Spritesheet/roguelikeSheet_transparent.png,CC0-1.0
005863.png,kenney_roguelike-rpg-pack/Spritesheet/roguelikeSheet_transparent.png,CC0-1.0
005864.png,kenney_roguelike-rpg-pack/Spritesheet/roguelikeSheet_transparent.png,CC0-1.0
005865.png,kenney_roguelike-rpg-pack/Spritesheet/roguelikeSheet_transparent.png,CC0-1.0
005866.png,kenney_roguelike-rpg-pack/Spritesheet/roguelikeSheet_transparent.png,CC0-1.0
005867.png,kenney_roguelike-rpg-pack/Spritesheet/roguelikeSheet_transparent.png,CC0-1.0
005868.png,kenney_roguelike-rpg-pack/Spritesheet/roguelikeSheet_transparent.png,CC0-1.0
005869.png,kenney_roguelike-rpg-pack/Spritesheet/roguelikeSheet_transparent.png,CC0-1.0
005870.png,kenney_roguelike-rpg-pack/Spritesheet/roguelikeSheet_transparent.png,CC0-1.0
005871.png,kenney_roguelike-rpg-pack/Spritesheet/roguelikeSheet_transparent.png,CC0-1.0
005872.png,kenney_roguelike-rpg-pack/Spritesheet/roguelikeSheet_transparent.png,CC0-1.0
005873.png,kenney_roguelike-rpg-pack/Spritesheet/roguelikeSheet_transparent.png,CC0-1.0
005874.png,kenney_roguelike-rpg-pack/Spritesheet/roguelikeSheet_transparent.png,CC0-1.0
005875.png,kenney_roguelike-rpg-pack/Spritesheet/roguelikeSheet_transparent.png,CC0-1.0
005876.png,kenney_roguelike-rpg-pack/Spritesheet/roguelikeSheet_transparent.png,CC0-1.0
005877.png,kenney_roguelike-rpg-pack/Spritesheet/roguelikeSheet_transparent.png,CC0-1.0
005878.png,kenney_roguelike-rpg-pack/Spritesheet/roguelikeSheet_transparent.png,CC0-1.0
005879.png,kenney_roguelike-rpg-pack/Spritesheet/roguelikeSheet_transparent.png,CC0-1.0
005880.png,kenney_roguelike-rpg-pack/Spritesheet/roguelikeSheet_transparent.png,CC0-1.0
005881.png,kenney_roguelike-rpg-pack/Spritesheet/roguelikeSheet_transparent.png,CC0-1.0
005882.png,kenney_roguelike-rpg-pack/Spritesheet/roguelikeSheet_transparent.png,CC0-1.0
005883.png,kenney_roguelike-rpg-pack/Spritesheet/roguelikeSheet_transparent.png,CC0-1.0
005884.png,kenney_roguelike-rpg-pack/Spritesheet/roguelikeSheet_transparent.png,CC0-1.0
005885.png,kenney_roguelike-rpg-pack/Spritesheet/roguelikeSheet_transparent.png,CC0-1.0
005886.png,kenney_roguelike-rpg-pack/Spritesheet/roguelikeSheet_transparent.png,CC0-1.0
005887.png,kenney_roguelike-rpg-pack/Spritesheet/roguelikeSheet_transparent.png,CC0-1.0
005888.png,kenney_roguelike-rpg-pack/Spritesheet/roguelikeSheet_transparent.png,CC0-1.0
005889.png,kenney_roguelike-rpg-pack/Spritesheet/roguelikeSheet_transparent.png,CC0-1.0
005890.png,kenney_roguelike-rpg-pack/Spritesheet/roguelikeSheet_transparent.png,CC0-1.0
005891.png,kenney_roguelike-rpg-pack/Spritesheet/roguelikeSheet_transparent.png,CC0-1.0
005892.png,kenney_roguelike-rpg-pack/Spritesheet/roguelikeSheet_transparent.png,CC0-1.0
005893.png,kenney_roguelike-rpg-pack/Spritesheet/roguelikeSheet_transparent.png,CC0-1.0
005894.png,kenney_roguelike-rpg-pack/Spritesheet/roguelikeSheet_transparent.png,CC0-1.0
005895.png,kenney_roguelike-rpg-pack/Spritesheet/roguelikeSheet_transparent.png,CC0-1.0
005896.png,kenney_roguelike-rpg-pack/Spritesheet/roguelikeSheet_transparent.png,CC0-1.0
005897.png,kenney_roguelike-rpg-pack/Spritesheet/roguelikeSheet_transparent.png,CC0-1.0
005898.png,kenney_roguelike-rpg-pack/Spritesheet/roguelikeSheet_transparent.png,CC0-1.0
005899.png,kenney_roguelike-rpg-pack/Spritesheet/roguelikeSheet_transparent.png,CC0-1.0
005900.png,kenney_roguelike-rpg-pack/Spritesheet/roguelikeSheet_transparent.png,CC0-1.0
005901.png,kenney_roguelike-rpg-pack/Spritesheet/roguelikeSheet_transparent.png,CC0-1.0
005902.png,kenney_roguelike-rpg-pack/Spritesheet/roguelikeSheet_transparent.png,CC0-1.0
005903.png,kenney_roguelike-rpg-pack/Spritesheet/roguelikeSheet_transparent.png,CC0-1.0
005904.png,kenney_roguelike-rpg-pack/Spritesheet/roguelikeSheet_transparent.png,CC0-1.0
005905.png,kenney_roguelike-rpg-pack/Spritesheet/roguelikeSheet_transparent.png,CC0-1.0
005906.png,kenney_roguelike-rpg-pack/Spritesheet/roguelikeSheet_transparent.png,CC0-1.0
005907.png,kenney_roguelike-rpg-pack/Spritesheet/roguelikeSheet_transparent.png,CC0-1.0
005908.png,kenney_roguelike-rpg-pack/Spritesheet/roguelikeSheet_transparent.png,CC0-1.0
005909.png,kenney_roguelike-rpg-pack/Spritesheet/roguelikeSheet_transparent.png,CC0-1.0
005910.png,kenney_roguelike-rpg-pack/Spritesheet/roguelikeSheet_transparent.png,CC0-1.0
005911.png,kenney_roguelike-rpg-pack/Spritesheet/roguelikeSheet_transparent.png,CC0-1.0
005912.png,kenney_roguelike-rpg-pack/Spritesheet/roguelikeSheet_transparent.png,CC0-1.0
005913.png,kenney_roguelike-rpg-pack/Spritesheet/roguelikeSheet_transparent.png,CC0-1.0
005914.png,kenney_roguelike-rpg-pack/Spritesheet/roguelikeSheet_transparent.png,CC0-1.0
005915.png,kenney_roguelike-rpg-pack/Spritesheet/roguelikeSheet_transparent.png,CC0-1.0
005916.png,kenney_roguelike-rpg-pack/Spritesheet/roguelikeSheet_transparent.png,CC0-1.0
005917.png,kenney_roguelike-rpg-pack/Spritesheet/roguelikeSheet_transparent.png,CC0-1.0
005918.png,kenney_roguelike-rpg-pack/Spritesheet/roguelikeSheet_transparent.png,CC0-1.0
005919.png,kenney_roguelike-rpg-pack/Spritesheet/roguelikeSheet_transparent.png,CC0-1.0
005920.png,kenney_roguelike-rpg-pack/Spritesheet/roguelikeSheet_transparent.png,CC0-1.0
005921.png,kenney_roguelike-rpg-pack/Spritesheet/roguelikeSheet_transparent.png,CC0-1.0
005922.png,kenney_roguelike-rpg-pack/Spritesheet/roguelikeSheet_transparent.png,CC0-1.0
005923.png,kenney_roguelike-rpg-pack/Spritesheet/roguelikeSheet_transparent.png,CC0-1.0
005924.png,kenney_roguelike-rpg-pack/Spritesheet/roguelikeSheet_transparent.png,CC0-1.0
005925.png,kenney_roguelike-rpg-pack/Spritesheet/roguelikeSheet_transparent.png,CC0-1.0
005926.png,kenney_roguelike-rpg-pack/Spritesheet/roguelikeSheet_transparent.png,CC0-1.0
005927.png,kenney_roguelike-rpg-pack/Spritesheet/roguelikeSheet_transparent.png,CC0-1.0
005928.png,kenney_roguelike-rpg-pack/Spritesheet/roguelikeSheet_transparent.png,CC0-1.0
005929.png,kenney_roguelike-rpg-pack/Spritesheet/roguelikeSheet_transparent.png,CC0-1.0
005930.png,kenney_roguelike-rpg-pack/Spritesheet/roguelikeSheet_transparent.png,CC0-1.0
005931.png,kenney_roguelike-rpg-pack/Spritesheet/roguelikeSheet_transparent.png,CC0-1.0
005932.png,kenney_roguelike-rpg-pack/Spritesheet/roguelikeSheet_transparent.png,CC0-1.0
005933.png,kenney_roguelike-rpg-pack/Spritesheet/roguelikeSheet_transparent.png,CC0-1.0
005934.png,kenney_roguelike-rpg-pack/Spritesheet/roguelikeSheet_transparent.png,CC0-1.0
005935.png,kenney_roguelike-rpg-pack/Spritesheet/roguelikeSheet_transparent.png,CC0-1.0
005936.png,kenney_roguelike-rpg-pack/Spritesheet/roguelikeSheet_transparent.png,CC0-1.0
005937.png,kenney_roguelike-rpg-pack/Spritesheet/roguelikeSheet_transparent.png,CC0-1.0
005938.png,kenney_roguelike-rpg-pack/Spritesheet/roguelikeSheet_transparent.png,CC0-1.0
005939.png,kenney_roguelike-rpg-pack/Spritesheet/roguelikeSheet_transparent.png,CC0-1.0
005940.png,kenney_roguelike-rpg-pack/Spritesheet/roguelikeSheet_transparent.png,CC0-1.0
005941.png,kenney_roguelike-rpg-pack/Spritesheet/roguelikeSheet_transparent.png,CC0-1.0
005942.png,kenney_roguelike-rpg-pack/Spritesheet/roguelikeSheet_transparent.png,CC0-1.0
005943.png,kenney_roguelike-rpg-pack/Spritesheet/roguelikeSheet_transparent.png,CC0-1.0
005944.png,kenney_roguelike-rpg-pack/Spritesheet/roguelikeSheet_transparent.png,CC0-1.0
005945.png,kenney_roguelike-rpg-pack/Spritesheet/roguelikeSheet_transparent.png,CC0-1.0
005946.png,kenney_roguelike-rpg-pack/Spritesheet/roguelikeSheet_transparent.png,CC0-1.0
005947.png,kenney_roguelike-rpg-pack/Spritesheet/roguelikeSheet_transparent.png,CC0-1.0
005948.png,kenney_roguelike-rpg-pack/Spritesheet/roguelikeSheet_transparent.png,CC0-1.0
005949.png,kenney_roguelike-rpg-pack/Spritesheet/roguelikeSheet_transparent.png,CC0-1.0
005950.png,kenney_roguelike-rpg-pack/Spritesheet/roguelikeSheet_transparent.png,CC0-1.0
005951.png,kenney_roguelike-rpg-pack/Spritesheet/roguelikeSheet_transparent.png,CC0-1.0
005952.png,kenney_roguelike-rpg-pack/Spritesheet/roguelikeSheet_transparent.png,CC0-1.0
005953.png,kenney_roguelike-rpg-pack/Spritesheet/roguelikeSheet_transparent.png,CC0-1.0
005954.png,kenney_roguelike-rpg-pack/Spritesheet/roguelikeSheet_transparent.png,CC0-1.0
005955.png,kenney_roguelike-rpg-pack/Spritesheet/roguelikeSheet_transparent.png,CC0-1.0
005956.png,kenney_roguelike-rpg-pack/Spritesheet/roguelikeSheet_transparent.png,CC0-1.0
005957.png,kenney_roguelike-rpg-pack/Spritesheet/roguelikeSheet_transparent.png,CC0-1.0
005958.png,kenney_roguelike-rpg-pack/Spritesheet/roguelikeSheet_transparent.png,CC0-1.0
005959.png,kenney_roguelike-rpg-pack/Spritesheet/roguelikeSheet_transparent.png,CC0-1.0
005960.png,kenney_roguelike-rpg-pack/Spritesheet/roguelikeSheet_transparent.png,CC0-1.0
005961.png,kenney_roguelike-rpg-pack/Spritesheet/roguelikeSheet_transparent.png,CC0-1.0
005962.png,kenney_roguelike-rpg-pack/Spritesheet/roguelikeSheet_transparent.png,CC0-1.0
005963.png,kenney_roguelike-rpg-pack/Spritesheet/roguelikeSheet_transparent.png,CC0-1.0
005964.png,kenney_roguelike-rpg-pack/Spritesheet/roguelikeSheet_transparent.png,CC0-1.0
005965.png,kenney_roguelike-rpg-pack/Spritesheet/roguelikeSheet_transparent.png,CC0-1.0
005966.png,kenney_roguelike-rpg-pack/Spritesheet/roguelikeSheet_transparent.png,CC0-1.0
005967.png,kenney_roguelike-rpg-pack/Spritesheet/roguelikeSheet_transparent.png,CC0-1.0
005968.png,kenney_roguelike-rpg-pack/Spritesheet/roguelikeSheet_transparent.png,CC0-1.0
005969.png,kenney_roguelike-rpg-pack/Spritesheet/roguelikeSheet_transparent.png,CC0-1.0
005970.png,kenney_roguelike-rpg-pack/Spritesheet/roguelikeSheet_transparent.png,CC0-1.0
005971.png,kenney_roguelike-rpg-pack/Spritesheet/roguelikeSheet_transparent.png,CC0-1.0
005972.png,kenney_roguelike-rpg-pack/Spritesheet/roguelikeSheet_transparent.png,CC0-1.0
005973.png,kenney_roguelike-rpg-pack/Spritesheet/roguelikeSheet_transparent.png,CC0-1.0
005974.png,kenney_roguelike-rpg-pack/Spritesheet/roguelikeSheet_transparent.png,CC0-1.0
005975.png,kenney_roguelike-rpg-pack/Spritesheet/roguelikeSheet_transparent.png,CC0-1.0
005976.png,kenney_roguelike-rpg-pack/Spritesheet/roguelikeSheet_transparent.png,CC0-1.0
005977.png,kenney_roguelike-rpg-pack/Spritesheet/roguelikeSheet_transparent.png,CC0-1.0
005978.png,kenney_roguelike-rpg-pack/Spritesheet/roguelikeSheet_transparent.png,CC0-1.0
005979.png,kenney_roguelike-rpg-pack/Spritesheet/roguelikeSheet_transparent.png,CC0-1.0
005980.png,kenney_roguelike-rpg-pack/Spritesheet/roguelikeSheet_transparent.png,CC0-1.0
005981.png,kenney_roguelike-rpg-pack/Spritesheet/roguelikeSheet_transparent.png,CC0-1.0
005982.png,kenney_roguelike-rpg-pack/Spritesheet/roguelikeSheet_transparent.png,CC0-1.0
005983.png,kenney_roguelike-rpg-pack/Spritesheet/roguelikeSheet_transparent.png,CC0-1.0
005984.png,kenney_roguelike-rpg-pack/Spritesheet/roguelikeSheet_transparent.png,CC0-1.0
005985.png,kenney_roguelike-rpg-pack/Spritesheet/roguelikeSheet_transparent.png,CC0-1.0
005986.png,kenney_roguelike-rpg-pack/Spritesheet/roguelikeSheet_transparent.png,CC0-1.0
005987.png,kenney_roguelike-rpg-pack/Spritesheet/roguelikeSheet_transparent.png,CC0-1.0
005988.png,kenney_roguelike-rpg-pack/Spritesheet/roguelikeSheet_transparent.png,CC0-1.0
005989.png,kenney_roguelike-rpg-pack/Spritesheet/roguelikeSheet_transparent.png,CC0-1.0
005990.png,kenney_roguelike-rpg-pack/Spritesheet/roguelikeSheet_transparent.png,CC0-1.0
005991.png,kenney_roguelike-rpg-pack/Spritesheet/roguelikeSheet_transparent.png,CC0-1.0
005992.png,kenney_roguelike-rpg-pack/Spritesheet/roguelikeSheet_transparent.png,CC0-1.0
005993.png,kenney_roguelike-rpg-pack/Spritesheet/roguelikeSheet_transparent.png,CC0-1.0
005994.png,kenney_roguelike-rpg-pack/Spritesheet/roguelikeSheet_transparent.png,CC0-1.0
005995.png,kenney_roguelike-rpg-pack/Spritesheet/roguelikeSheet_transparent.png,CC0-1.0
005996.png,kenney_roguelike-rpg-pack/Spritesheet/roguelikeSheet_transparent.png,CC0-1.0
005997.png,kenney_roguelike-rpg-pack/Spritesheet/roguelikeSheet_transparent.png,CC0-1.0
005998.png,kenney_roguelike-rpg-pack/Spritesheet/roguelikeSheet_transparent.png,CC0-1.0
005999.png,kenney_roguelike-rpg-pack/Spritesheet/roguelikeSheet_transparent.png,CC0-1.0
006000.png,kenney_roguelike-rpg-pack/Spritesheet/roguelikeSheet_transparent.png,CC0-1.0
006001.png,kenney_roguelike-rpg-pack/Spritesheet/roguelikeSheet_transparent.png,CC0-1.0
006002.png,kenney_roguelike-rpg-pack/Spritesheet/roguelikeSheet_transparent.png,CC0-1.0
006003.png,kenney_roguelike-rpg-pack/Spritesheet/roguelikeSheet_transparent.png,CC0-1.0
006004.png,kenney_roguelike-rpg-pack/Spritesheet/roguelikeSheet_transparent.png,CC0-1.0
006005.png,kenney_roguelike-rpg-pack/Spritesheet/roguelikeSheet_transparent.png,CC0-1.0
006006.png,kenney_roguelike-rpg-pack/Spritesheet/roguelikeSheet_transparent.png,CC0-1.0
006007.png,kenney_roguelike-rpg-pack/Spritesheet/roguelikeSheet_transparent.png,CC0-1.0
006008.png,kenney_roguelike-rpg-pack/Spritesheet/roguelikeSheet_transparent.png,CC0-1.0
006009.png,kenney_roguelike-rpg-pack/Spritesheet/roguelikeSheet_transparent.png,CC0-1.0
006010.png,kenney_roguelike-rpg-pack/Spritesheet/roguelikeSheet_transparent.png,CC0-1.0
006011.png,kenney_roguelike-rpg-pack/Spritesheet/roguelikeSheet_transparent.png,CC0-1.0
006012.png,kenney_roguelike-rpg-pack/Spritesheet/roguelikeSheet_transparent.png,CC0-1.0
006013.png,kenney_roguelike-rpg-pack/Spritesheet/roguelikeSheet_transparent.png,CC0-1.0
006014.png,kenney_roguelike-rpg-pack/Spritesheet/roguelikeSheet_transparent.png,CC0-1.0
006015.png,kenney_roguelike-rpg-pack/Spritesheet/roguelikeSheet_transparent.png,CC0-1.0
006016.png,kenney_roguelike-rpg-pack/Spritesheet/roguelikeSheet_transparent.png,CC0-1.0
006017.png,kenney_roguelike-rpg-pack/Spritesheet/roguelikeSheet_transparent.png,CC0-1.0
006018.png,kenney_roguelike-rpg-pack/Spritesheet/roguelikeSheet_transparent.png,CC0-1.0
006019.png,kenney_roguelike-rpg-pack/Spritesheet/roguelikeSheet_transparent.png,CC0-1.0
006020.png,kenney_roguelike-rpg-pack/Spritesheet/roguelikeSheet_transparent.png,CC0-1.0
006021.png,kenney_roguelike-rpg-pack/Spritesheet/roguelikeSheet_transparent.png,CC0-1.0
006022.png,kenney_roguelike-rpg-pack/Spritesheet/roguelikeSheet_transparent.png,CC0-1.0
006023.png,kenney_roguelike-rpg-pack/Spritesheet/roguelikeSheet_transparent.png,CC0-1.0
006024.png,kenney_roguelike-rpg-pack/Spritesheet/roguelikeSheet_transparent.png,CC0-1.0
006025.png,kenney_roguelike-rpg-pack/Spritesheet/roguelikeSheet_transparent.png,CC0-1.0
006026.png,kenney_roguelike-rpg-pack/Spritesheet/roguelikeSheet_transparent.png,CC0-1.0
006027.png,kenney_roguelike-rpg-pack/Spritesheet/roguelikeSheet_transparent.png,CC0-1.0
006028.png,kenney_roguelike-rpg-pack/Spritesheet/roguelikeSheet_transparent.png,CC0-1.0
006029.png,kenney_roguelike-rpg-pack/Spritesheet/roguelikeSheet_transparent.png,CC0-1.0
006030.png,kenney_roguelike-rpg-pack/Spritesheet/roguelikeSheet_transparent.png,CC0-1.0
006031.png,kenney_roguelike-rpg-pack/Spritesheet/roguelikeSheet_transparent.png,CC0-1.0
006032.png,kenney_roguelike-rpg-pack/Spritesheet/roguelikeSheet_transparent.png,CC0-1.0
006033.png,kenney_roguelike-rpg-pack/Spritesheet/roguelikeSheet_transparent.png,CC0-1.0
006034.png,kenney_roguelike-rpg-pack/Spritesheet/roguelikeSheet_transparent.png,CC0-1.0
006035.png,kenney_roguelike-rpg-pack/Spritesheet/roguelikeSheet_transparent.png,CC0-1.0
006036.png,kenney_roguelike-rpg-pack/Spritesheet/roguelikeSheet_transparent.png,CC0-1.0
006037.png,kenney_roguelike-rpg-pack/Spritesheet/roguelikeSheet_transparent.png,CC0-1.0
006038.png,kenney_roguelike-rpg-pack/Spritesheet/roguelikeSheet_transparent.png,CC0-1.0
006039.png,kenney_roguelike-rpg-pack/Spritesheet/roguelikeSheet_transparent.png,CC0-1.0
006040.png,kenney_roguelike-rpg-pack/Spritesheet/roguelikeSheet_transparent.png,CC0-1.0
006041.png,kenney_roguelike-rpg-pack/Spritesheet/roguelikeSheet_transparent.png,CC0-1.0
006042.png,kenney_roguelike-rpg-pack/Spritesheet/roguelikeSheet_transparent.png,CC0-1.0
006043.png,kenney_roguelike-rpg-pack/Spritesheet/roguelikeSheet_transparent.png,CC0-1.0
006044.png,kenney_roguelike-rpg-pack/Spritesheet/roguelikeSheet_transparent.png,CC0-1.0
006045.png,kenney_roguelike-rpg-pack/Spritesheet/roguelikeSheet_transparent.png,CC0-1.0
006046.png,kenney_roguelike-rpg-pack/Spritesheet/roguelikeSheet_transparent.png,CC0-1.0
006047.png,kenney_roguelike-rpg-pack/Spritesheet/roguelikeSheet_transparent.png,CC0-1.0
006048.png,kenney_roguelike-rpg-pack/Spritesheet/roguelikeSheet_transparent.png,CC0-1.0
006049.png,kenney_roguelike-rpg-pack/Spritesheet/roguelikeSheet_transparent.png,CC0-1.0
006050.png,kenney_roguelike-rpg-pack/Spritesheet/roguelikeSheet_transparent.png,CC0-1.0
006051.png,kenney_roguelike-rpg-pack/Spritesheet/roguelikeSheet_transparent.png,CC0-1.0
006052.png,kenney_roguelike-rpg-pack/Spritesheet/roguelikeSheet_transparent.png,CC0-1.0
006053.png,kenney_roguelike-rpg-pack/Spritesheet/roguelikeSheet_transparent.png,CC0-1.0
006054.png,kenney_roguelike-rpg-pack/Spritesheet/roguelikeSheet_transparent.png,CC0-1.0
006055.png,kenney_roguelike-rpg-pack/Spritesheet/roguelikeSheet_transparent.png,CC0-1.0
006056.png,kenney_roguelike-rpg-pack/Spritesheet/roguelikeSheet_transparent.png,CC0-1.0
006057.png,kenney_roguelike-rpg-pack/Spritesheet/roguelikeSheet_transparent.png,CC0-1.0
006058.png,kenney_roguelike-rpg-pack/Spritesheet/roguelikeSheet_transparent.png,CC0-1.0
006059.png,kenney_roguelike-rpg-pack/Spritesheet/roguelikeSheet_transparent.png,CC0-1.0
006060.png,kenney_roguelike-rpg-pack/Spritesheet/roguelikeSheet_transparent.png,CC0-1.0
006061.png,kenney_roguelike-rpg-pack/Spritesheet/roguelikeSheet_transparent.png,CC0-1.0
006062.png,kenney_roguelike-rpg-pack/Spritesheet/roguelikeSheet_transparent.png,CC0-1.0
006063.png,kenney_roguelike-rpg-pack/Spritesheet/roguelikeSheet_transparent.png,CC0-1.0
006064.png,kenney_roguelike-rpg-pack/Spritesheet/roguelikeSheet_transparent.png,CC0-1.0
006065.png,kenney_roguelike-rpg-pack/Spritesheet/roguelikeSheet_transparent.png,CC0-1.0
006066.png,kenney_roguelike-rpg-pack/Spritesheet/roguelikeSheet_transparent.png,CC0-1.0
006067.png,kenney_roguelike-rpg-pack/Spritesheet/roguelikeSheet_transparent.png,CC0-1.0
006068.png,kenney_roguelike-rpg-pack/Spritesheet/roguelikeSheet_transparent.png,CC0-1.0
006069.png,kenney_roguelike-rpg-pack/Spritesheet/roguelikeSheet_transparent.png,CC0-1.0
006070.png,kenney_roguelike-rpg-pack/Spritesheet/roguelikeSheet_transparent.png,CC0-1.0
006071.png,kenney_roguelike-rpg-pack/Spritesheet/roguelikeSheet_transparent.png,CC0-1.0
006072.png,kenney_roguelike-rpg-pack/Spritesheet/roguelikeSheet_transparent.png,CC0-1.0
006073.png,kenney_roguelike-rpg-pack/Spritesheet/roguelikeSheet_transparent.png,CC0-1.0
006074.png,kenney_roguelike-rpg-pack/Spritesheet/roguelikeSheet_transparent.png,CC0-1.0
006075.png,kenney_roguelike-rpg-pack/Spritesheet/roguelikeSheet_transparent.png,CC0-1.0
006076.png,kenney_roguelike-rpg-pack/Spritesheet/roguelikeSheet_transparent.png,CC0-1.0
006077.png,kenney_roguelike-rpg-pack/Spritesheet/roguelikeSheet_transparent.png,CC0-1.0
006078.png,kenney_roguelike-rpg-pack/Spritesheet/roguelikeSheet_transparent.png,CC0-1.0
006079.png,kenney_roguelike-rpg-pack/Spritesheet/roguelikeSheet_transparent.png,CC0-1.0
006080.png,kenney_roguelike-rpg-pack/Spritesheet/roguelikeSheet_transparent.png,CC0-1.0
006081.png,kenney_roguelike-rpg-pack/Spritesheet/roguelikeSheet_transparent.png,CC0-1.0
006082.png,kenney_roguelike-rpg-pack/Spritesheet/roguelikeSheet_transparent.png,CC0-1.0
006083.png,kenney_roguelike-rpg-pack/Spritesheet/roguelikeSheet_transparent.png,CC0-1.0
006084.png,kenney_roguelike-rpg-pack/Spritesheet/roguelikeSheet_transparent.png,CC0-1.0
006085.png,kenney_roguelike-rpg-pack/Spritesheet/roguelikeSheet_transparent.png,CC0-1.0
006086.png,kenney_roguelike-rpg-pack/Spritesheet/roguelikeSheet_transparent.png,CC0-1.0
006087.png,kenney_roguelike-rpg-pack/Spritesheet/roguelikeSheet_transparent.png,CC0-1.0
006088.png,kenney_roguelike-rpg-pack/Spritesheet/roguelikeSheet_transparent.png,CC0-1.0
006089.png,kenney_roguelike-rpg-pack/Spritesheet/roguelikeSheet_transparent.png,CC0-1.0
006090.png,kenney_roguelike-rpg-pack/Spritesheet/roguelikeSheet_transparent.png,CC0-1.0
006091.png,kenney_roguelike-rpg-pack/Spritesheet/roguelikeSheet_transparent.png,CC0-1.0
006092.png,kenney_roguelike-rpg-pack/Spritesheet/roguelikeSheet_transparent.png,CC0-1.0
006093.png,kenney_roguelike-rpg-pack/Spritesheet/roguelikeSheet_transparent.png,CC0-1.0
006094.png,kenney_roguelike-rpg-pack/Spritesheet/roguelikeSheet_transparent.png,CC0-1.0
006095.png,kenney_roguelike-rpg-pack/Spritesheet/roguelikeSheet_transparent.png,CC0-1.0
006096.png,kenney_roguelike-rpg-pack/Spritesheet/roguelikeSheet_transparent.png,CC0-1.0
006097.png,kenney_roguelike-rpg-pack/Spritesheet/roguelikeSheet_transparent.png,CC0-1.0
006098.png,kenney_roguelike-rpg-pack/Spritesheet/roguelikeSheet_transparent.png,CC0-1.0
006099.png,kenney_roguelike-rpg-pack/Spritesheet/roguelikeSheet_transparent.png,CC0-1.0
006100.png,kenney_roguelike-rpg-pack/Spritesheet/roguelikeSheet_transparent.png,CC0-1.0
006101.png,kenney_roguelike-rpg-pack/Spritesheet/roguelikeSheet_transparent.png,CC0-1.0
006102.png,kenney_roguelike-rpg-pack/Spritesheet/roguelikeSheet_transparent.png,CC0-1.0
006103.png,kenney_roguelike-rpg-pack/Spritesheet/roguelikeSheet_transparent.png,CC0-1.0
006104.png,kenney_roguelike-rpg-pack/Spritesheet/roguelikeSheet_transparent.png,CC0-1.0
006105.png,kenney_roguelike-rpg-pack/Spritesheet/roguelikeSheet_transparent.png,CC0-1.0
006106.png,kenney_roguelike-rpg-pack/Spritesheet/roguelikeSheet_transparent.png,CC0-1.0
006107.png,kenney_roguelike-rpg-pack/Spritesheet/roguelikeSheet_transparent.png,CC0-1.0
006108.png,kenney_roguelike-rpg-pack/Spritesheet/roguelikeSheet_transparent.png,CC0-1.0
006109.png,kenney_roguelike-rpg-pack/Spritesheet/roguelikeSheet_transparent.png,CC0-1.0
006110.png,kenney_roguelike-rpg-pack/Spritesheet/roguelikeSheet_transparent.png,CC0-1.0
006111.png,kenney_roguelike-rpg-pack/Spritesheet/roguelikeSheet_transparent.png,CC0-1.0
006112.png,kenney_roguelike-rpg-pack/Spritesheet/roguelikeSheet_transparent.png,CC0-1.0
006113.png,kenney_roguelike-rpg-pack/Spritesheet/roguelikeSheet_transparent.png,CC0-1.0
006114.png,kenney_roguelike-rpg-pack/Spritesheet/roguelikeSheet_transparent.png,CC0-1.0
006115.png,kenney_roguelike-rpg-pack/Spritesheet/roguelikeSheet_transparent.png,CC0-1.0
006116.png,kenney_roguelike-rpg-pack/Spritesheet/roguelikeSheet_transparent.png,CC0-1.0
006117.png,kenney_roguelike-rpg-pack/Spritesheet/roguelikeSheet_transparent.png,CC0-1.0
006118.png,kenney_roguelike-rpg-pack/Spritesheet/roguelikeSheet_transparent.png,CC0-1.0
006119.png,kenney_roguelike-rpg-pack/Spritesheet/roguelikeSheet_transparent.png,CC0-1.0
006120.png,kenney_roguelike-rpg-pack/Spritesheet/roguelikeSheet_transparent.png,CC0-1.0
006121.png,kenney_roguelike-rpg-pack/Spritesheet/roguelikeSheet_transparent.png,CC0-1.0
006122.png,kenney_roguelike-rpg-pack/Spritesheet/roguelikeSheet_transparent.png,CC0-1.0
006123.png,kenney_roguelike-rpg-pack/Spritesheet/roguelikeSheet_transparent.png,CC0-1.0
006124.png,kenney_roguelike-rpg-pack/Spritesheet/roguelikeSheet_transparent.png,CC0-1.0
006125.png,kenney_roguelike-rpg-pack/Spritesheet/roguelikeSheet_transparent.png,CC0-1.0
006126.png,kenney_roguelike-rpg-pack/Spritesheet/roguelikeSheet_transparent.png,CC0-1.0
006127.png,kenney_roguelike-rpg-pack/Spritesheet/roguelikeSheet_transparent.png,CC0-1.0
006128.png,kenney_roguelike-rpg-pack/Spritesheet/roguelikeSheet_transparent.png,CC0-1.0
006129.png,kenney_roguelike-rpg-pack/Spritesheet/roguelikeSheet_transparent.png,CC0-1.0
006130.png,kenney_roguelike-rpg-pack/Spritesheet/roguelikeSheet_transparent.png,CC0-1.0
006131.png,kenney_roguelike-rpg-pack/Spritesheet/roguelikeSheet_transparent.png,CC0-1.0
006132.png,kenney_roguelike-rpg-pack/Spritesheet/roguelikeSheet_transparent.png,CC0-1.0
006133.png,kenney_roguelike-rpg-pack/Spritesheet/roguelikeSheet_transparent.png,CC0-1.0
006134.png,kenney_roguelike-rpg-pack/Spritesheet/roguelikeSheet_transparent.png,CC0-1.0
006135.png,kenney_roguelike-rpg-pack/Spritesheet/roguelikeSheet_transparent.png,CC0-1.0
006136.png,kenney_roguelike-rpg-pack/Spritesheet/roguelikeSheet_transparent.png,CC0-1.0
006137.png,kenney_roguelike-rpg-pack/Spritesheet/roguelikeSheet_transparent.png,CC0-1.0
006138.png,kenney_roguelike-rpg-pack/Spritesheet/roguelikeSheet_transparent.png,CC0-1.0
006139.png,kenney_roguelike-rpg-pack/Spritesheet/roguelikeSheet_transparent.png,CC0-1.0
006140.png,kenney_roguelike-rpg-pack/Spritesheet/roguelikeSheet_transparent.png,CC0-1.0
006141.png,kenney_roguelike-rpg-pack/Spritesheet/roguelikeSheet_transparent.png,CC0-1.0
006142.png,kenney_roguelike-rpg-pack/Spritesheet/roguelikeSheet_transparent.png,CC0-1.0
006143.png,kenney_roguelike-rpg-pack/Spritesheet/roguelikeSheet_transparent.png,CC0-1.0
006144.png,kenney_roguelike-rpg-pack/Spritesheet/roguelikeSheet_transparent.png,CC0-1.0
006145.png,kenney_roguelike-rpg-pack/Spritesheet/roguelikeSheet_transparent.png,CC0-1.0
006146.png,kenney_roguelike-rpg-pack/Spritesheet/roguelikeSheet_transparent.png,CC0-1.0
006147.png,kenney_roguelike-rpg-pack/Spritesheet/roguelikeSheet_transparent.png,CC0-1.0
006148.png,kenney_roguelike-rpg-pack/Spritesheet/roguelikeSheet_transparent.png,CC0-1.0
006149.png,kenney_roguelike-rpg-pack/Spritesheet/roguelikeSheet_transparent.png,CC0-1.0
006150.png,kenney_roguelike-rpg-pack/Spritesheet/roguelikeSheet_transparent.png,CC0-1.0
006151.png,kenney_roguelike-rpg-pack/Spritesheet/roguelikeSheet_transparent.png,CC0-1.0
006152.png,kenney_roguelike-rpg-pack/Spritesheet/roguelikeSheet_transparent.png,CC0-1.0
006153.png,kenney_roguelike-rpg-pack/Spritesheet/roguelikeSheet_transparent.png,CC0-1.0
006154.png,kenney_roguelike-rpg-pack/Spritesheet/roguelikeSheet_transparent.png,CC0-1.0
006155.png,kenney_roguelike-rpg-pack/Spritesheet/roguelikeSheet_transparent.png,CC0-1.0
006156.png,kenney_roguelike-rpg-pack/Spritesheet/roguelikeSheet_transparent.png,CC0-1.0
006157.png,kenney_roguelike-rpg-pack/Spritesheet/roguelikeSheet_transparent.png,CC0-1.0
006158.png,kenney_roguelike-rpg-pack/Spritesheet/roguelikeSheet_transparent.png,CC0-1.0
006159.png,kenney_roguelike-rpg-pack/Spritesheet/roguelikeSheet_transparent.png,CC0-1.0
006160.png,kenney_roguelike-rpg-pack/Spritesheet/roguelikeSheet_transparent.png,CC0-1.0
006161.png,kenney_roguelike-rpg-pack/Spritesheet/roguelikeSheet_transparent.png,CC0-1.0
006162.png,kenney_roguelike-rpg-pack/Spritesheet/roguelikeSheet_transparent.png,CC0-1.0
006163.png,kenney_roguelike-rpg-pack/Spritesheet/roguelikeSheet_transparent.png,CC0-1.0
006164.png,kenney_roguelike-rpg-pack/Spritesheet/roguelikeSheet_transparent.png,CC0-1.0
006165.png,kenney_roguelike-rpg-pack/Spritesheet/roguelikeSheet_transparent.png,CC0-1.0
006166.png,kenney_roguelike-rpg-pack/Spritesheet/roguelikeSheet_transparent.png,CC0-1.0
006167.png,kenney_roguelike-rpg-pack/Spritesheet/roguelikeSheet_transparent.png,CC0-1.0
006168.png,kenney_roguelike-rpg-pack/Spritesheet/roguelikeSheet_transparent.png,CC0-1.0
006169.png,kenney_roguelike-rpg-pack/Spritesheet/roguelikeSheet_transparent.png,CC0-1.0
006170.png,kenney_roguelike-rpg-pack/Spritesheet/roguelikeSheet_transparent.png,CC0-1.0
006171.png,kenney_roguelike-rpg-pack/Spritesheet/roguelikeSheet_transparent.png,CC0-1.0
006172.png,kenney_roguelike-rpg-pack/Spritesheet/roguelikeSheet_transparent.png,CC0-1.0
006173.png,kenney_roguelike-rpg-pack/Spritesheet/roguelikeSheet_transparent.png,CC0-1.0
006174.png,kenney_roguelike-rpg-pack/Spritesheet/roguelikeSheet_transparent.png,CC0-1.0
006175.png,kenney_roguelike-rpg-pack/Spritesheet/roguelikeSheet_transparent.png,CC0-1.0
006176.png,kenney_roguelike-rpg-pack/Spritesheet/roguelikeSheet_transparent.png,CC0-1.0
006177.png,kenney_roguelike-rpg-pack/Spritesheet/roguelikeSheet_transparent.png,CC0-1.0
006178.png,kenney_roguelike-rpg-pack/Spritesheet/roguelikeSheet_transparent.png,CC0-1.0
006179.png,kenney_roguelike-rpg-pack/Spritesheet/roguelikeSheet_transparent.png,CC0-1.0
006180.png,kenney_roguelike-rpg-pack/Spritesheet/roguelikeSheet_transparent.png,CC0-1.0
006181.png,kenney_roguelike-rpg-pack/Spritesheet/roguelikeSheet_transparent.png,CC0-1.0
006182.png,kenney_roguelike-rpg-pack/Spritesheet/roguelikeSheet_transparent.png,CC0-1.0
006183.png,kenney_roguelike-rpg-pack/Spritesheet/roguelikeSheet_transparent.png,CC0-1.0
006184.png,kenney_roguelike-rpg-pack/Spritesheet/roguelikeSheet_transparent.png,CC0-1.0
006185.png,kenney_roguelike-rpg-pack/Spritesheet/roguelikeSheet_transparent.png,CC0-1.0
006186.png,kenney_roguelike-rpg-pack/Spritesheet/roguelikeSheet_transparent.png,CC0-1.0
006187.png,kenney_roguelike-rpg-pack/Spritesheet/roguelikeSheet_transparent.png,CC0-1.0
006188.png,kenney_roguelike-rpg-pack/Spritesheet/roguelikeSheet_transparent.png,CC0-1.0
006189.png,kenney_roguelike-rpg-pack/Spritesheet/roguelikeSheet_transparent.png,CC0-1.0
006190.png,kenney_roguelike-rpg-pack/Spritesheet/roguelikeSheet_transparent.png,CC0-1.0
006191.png,kenney_roguelike-rpg-pack/Spritesheet/roguelikeSheet_transparent.png,CC0-1.0
006192.png,kenney_roguelike-rpg-pack/Spritesheet/roguelikeSheet_transparent.png,CC0-1.0
006193.png,kenney_roguelike-rpg-pack/Spritesheet/roguelikeSheet_transparent.png,CC0-1.0
006194.png,kenney_roguelike-rpg-pack/Spritesheet/roguelikeSheet_transparent.png,CC0-1.0
006195.png,kenney_roguelike-rpg-pack/Spritesheet/roguelikeSheet_transparent.png,CC0-1.0
006196.png,kenney_roguelike-rpg-pack/Spritesheet/roguelikeSheet_transparent.png,CC0-1.0
006197.png,kenney_roguelike-rpg-pack/Spritesheet/roguelikeSheet_transparent.png,CC0-1.0
006198.png,kenney_roguelike-rpg-pack/Spritesheet/roguelikeSheet_transparent.png,CC0-1.0
006199.png,kenney_roguelike-rpg-pack/Spritesheet/roguelikeSheet_transparent.png,CC0-1.0
006200.png,kenney_roguelike-rpg-pack/Spritesheet/roguelikeSheet_transparent.png,CC0-1.0
006201.png,kenney_roguelike-rpg-pack/Spritesheet/roguelikeSheet_transparent.png,CC0-1.0
006202.png,kenney_roguelike-rpg-pack/Spritesheet/roguelikeSheet_transparent.png,CC0-1.0
006203.png,kenney_roguelike-rpg-pack/Spritesheet/roguelikeSheet_transparent.png,CC0-1.0
006204.png,kenney_roguelike-rpg-pack/Spritesheet/roguelikeSheet_transparent.png,CC0-1.0
006205.png,kenney_roguelike-rpg-pack/Spritesheet/roguelikeSheet_transparent.png,CC0-1.0
006206.png,kenney_roguelike-rpg-pack/Spritesheet/roguelikeSheet_transparent.png,CC0-1.0
006207.png,kenney_roguelike-rpg-pack/Spritesheet/roguelikeSheet_transparent.png,CC0-1.0
006208.png,kenney_roguelike-rpg-pack/Spritesheet/roguelikeSheet_transparent.png,CC0-1.0
006209.png,kenney_roguelike-rpg-pack/Spritesheet/roguelikeSheet_transparent.png,CC0-1.0
006210.png,kenney_roguelike-rpg-pack/Spritesheet/roguelikeSheet_transparent.png,CC0-1.0
006211.png,kenney_roguelike-rpg-pack/Spritesheet/roguelikeSheet_transparent.png,CC0-1.0
006212.png,kenney_roguelike-rpg-pack/Spritesheet/roguelikeSheet_transparent.png,CC0-1.0
006213.png,kenney_roguelike-rpg-pack/Spritesheet/roguelikeSheet_transparent.png,CC0-1.0
006214.png,kenney_roguelike-rpg-pack/Spritesheet/roguelikeSheet_transparent.png,CC0-1.0
006215.png,kenney_roguelike-rpg-pack/Spritesheet/roguelikeSheet_transparent.png,CC0-1.0
006216.png,kenney_roguelike-rpg-pack/Spritesheet/roguelikeSheet_transparent.png,CC0-1.0
006217.png,kenney_roguelike-rpg-pack/Spritesheet/roguelikeSheet_transparent.png,CC0-1.0
006218.png,kenney_roguelike-rpg-pack/Spritesheet/roguelikeSheet_transparent.png,CC0-1.0
006219.png,kenney_roguelike-rpg-pack/Spritesheet/roguelikeSheet_transparent.png,CC0-1.0
006220.png,kenney_roguelike-rpg-pack/Spritesheet/roguelikeSheet_transparent.png,CC0-1.0
006221.png,kenney_roguelike-rpg-pack/Spritesheet/roguelikeSheet_transparent.png,CC0-1.0
006222.png,kenney_roguelike-rpg-pack/Spritesheet/roguelikeSheet_transparent.png,CC0-1.0
006223.png,kenney_roguelike-rpg-pack/Spritesheet/roguelikeSheet_transparent.png,CC0-1.0
006224.png,kenney_roguelike-rpg-pack/Spritesheet/roguelikeSheet_transparent.png,CC0-1.0
006225.png,kenney_roguelike-rpg-pack/Spritesheet/roguelikeSheet_transparent.png,CC0-1.0
006226.png,kenney_roguelike-rpg-pack/Spritesheet/roguelikeSheet_transparent.png,CC0-1.0
006227.png,kenney_roguelike-rpg-pack/Spritesheet/roguelikeSheet_transparent.png,CC0-1.0
006228.png,kenney_roguelike-rpg-pack/Spritesheet/roguelikeSheet_transparent.png,CC0-1.0
006229.png,kenney_roguelike-rpg-pack/Spritesheet/roguelikeSheet_transparent.png,CC0-1.0
006230.png,kenney_roguelike-rpg-pack/Spritesheet/roguelikeSheet_transparent.png,CC0-1.0
006231.png,kenney_roguelike-rpg-pack/Spritesheet/roguelikeSheet_transparent.png,CC0-1.0
006232.png,kenney_roguelike-rpg-pack/Spritesheet/roguelikeSheet_transparent.png,CC0-1.0
006233.png,kenney_roguelike-rpg-pack/Spritesheet/roguelikeSheet_transparent.png,CC0-1.0
006234.png,kenney_roguelike-rpg-pack/Spritesheet/roguelikeSheet_transparent.png,CC0-1.0
006235.png,kenney_roguelike-rpg-pack/Spritesheet/roguelikeSheet_transparent.png,CC0-1.0
006236.png,kenney_roguelike-rpg-pack/Spritesheet/roguelikeSheet_transparent.png,CC0-1.0
006237.png,kenney_roguelike-rpg-pack/Spritesheet/roguelikeSheet_transparent.png,CC0-1.0
006238.png,kenney_roguelike-rpg-pack/Spritesheet/roguelikeSheet_transparent.png,CC0-1.0
006239.png,kenney_roguelike-rpg-pack/Spritesheet/roguelikeSheet_transparent.png,CC0-1.0
006240.png,kenney_roguelike-rpg-pack/Spritesheet/roguelikeSheet_transparent.png,CC0-1.0
006241.png,kenney_roguelike-rpg-pack/Spritesheet/roguelikeSheet_transparent.png,CC0-1.0
006242.png,kenney_roguelike-rpg-pack/Spritesheet/roguelikeSheet_transparent.png,CC0-1.0
006243.png,kenney_roguelike-rpg-pack/Spritesheet/roguelikeSheet_transparent.png,CC0-1.0
006244.png,kenney_roguelike-rpg-pack/Spritesheet/roguelikeSheet_transparent.png,CC0-1.0
006245.png,kenney_roguelike-rpg-pack/Spritesheet/roguelikeSheet_transparent.png,CC0-1.0
006246.png,kenney_roguelike-rpg-pack/Spritesheet/roguelikeSheet_transparent.png,CC0-1.0
006247.png,kenney_roguelike-rpg-pack/Spritesheet/roguelikeSheet_transparent.png,CC0-1.0
006248.png,kenney_roguelike-rpg-pack/Spritesheet/roguelikeSheet_transparent.png,CC0-1.0
006249.png,kenney_roguelike-rpg-pack/Spritesheet/roguelikeSheet_transparent.png,CC0-1.0
006250.png,kenney_roguelike-rpg-pack/Spritesheet/roguelikeSheet_transparent.png,CC0-1.0
006251.png,kenney_roguelike-rpg-pack/Spritesheet/roguelikeSheet_transparent.png,CC0-1.0
006252.png,kenney_roguelike-rpg-pack/Spritesheet/roguelikeSheet_transparent.png,CC0-1.0
006253.png,kenney_roguelike-rpg-pack/Spritesheet/roguelikeSheet_transparent.png,CC0-1.0
006254.png,kenney_roguelike-rpg-pack/Spritesheet/roguelikeSheet_transparent.png,CC0-1.0
006255.png,kenney_roguelike-rpg-pack/Spritesheet/roguelikeSheet_transparent.png,CC0-1.0
006256.png,kenney_roguelike-rpg-pack/Spritesheet/roguelikeSheet_transparent.png,CC0-1.0
006257.png,kenney_roguelike-rpg-pack/Spritesheet/roguelikeSheet_transparent.png,CC0-1.0
006258.png,kenney_roguelike-rpg-pack/Spritesheet/roguelikeSheet_transparent.png,CC0-1.0
006259.png,kenney_roguelike-rpg-pack/Spritesheet/roguelikeSheet_transparent.png,CC0-1.0
006260.png,kenney_roguelike-rpg-pack/Spritesheet/roguelikeSheet_transparent.png,CC0-1.0
006261.png,kenney_roguelike-rpg-pack/Spritesheet/roguelikeSheet_transparent.png,CC0-1.0
006262.png,kenney_roguelike-rpg-pack/Spritesheet/roguelikeSheet_transparent.png,CC0-1.0
006263.png,kenney_roguelike-rpg-pack/Spritesheet/roguelikeSheet_transparent.png,CC0-1.0
006264.png,kenney_roguelike-rpg-pack/Spritesheet/roguelikeSheet_transparent.png,CC0-1.0
006265.png,kenney_roguelike-rpg-pack/Spritesheet/roguelikeSheet_transparent.png,CC0-1.0
006266.png,kenney_roguelike-rpg-pack/Spritesheet/roguelikeSheet_transparent.png,CC0-1.0
006267.png,kenney_roguelike-rpg-pack/Spritesheet/roguelikeSheet_transparent.png,CC0-1.0
006268.png,kenney_roguelike-rpg-pack/Spritesheet/roguelikeSheet_transparent.png,CC0-1.0
006269.png,kenney_roguelike-rpg-pack/Spritesheet/roguelikeSheet_transparent.png,CC0-1.0
006270.png,kenney_roguelike-rpg-pack/Spritesheet/roguelikeSheet_transparent.png,CC0-1.0
006271.png,kenney_roguelike-rpg-pack/Spritesheet/roguelikeSheet_transparent.png,CC0-1.0
006272.png,kenney_roguelike-rpg-pack/Spritesheet/roguelikeSheet_transparent.png,CC0-1.0
006273.png,kenney_roguelike-rpg-pack/Spritesheet/roguelikeSheet_transparent.png,CC0-1.0
006274.png,kenney_roguelike-rpg-pack/Spritesheet/roguelikeSheet_transparent.png,CC0-1.0
006275.png,kenney_roguelike-rpg-pack/Spritesheet/roguelikeSheet_transparent.png,CC0-1.0
006276.png,kenney_roguelike-rpg-pack/Spritesheet/roguelikeSheet_transparent.png,CC0-1.0
006277.png,kenney_roguelike-rpg-pack/Spritesheet/roguelikeSheet_transparent.png,CC0-1.0
006278.png,kenney_roguelike-rpg-pack/Spritesheet/roguelikeSheet_transparent.png,CC0-1.0
006279.png,kenney_roguelike-rpg-pack/Spritesheet/roguelikeSheet_transparent.png,CC0-1.0
006280.png,kenney_roguelike-rpg-pack/Spritesheet/roguelikeSheet_transparent.png,CC0-1.0
006281.png,kenney_roguelike-rpg-pack/Spritesheet/roguelikeSheet_transparent.png,CC0-1.0
006282.png,kenney_roguelike-rpg-pack/Spritesheet/roguelikeSheet_transparent.png,CC0-1.0
006283.png,kenney_roguelike-rpg-pack/Spritesheet/roguelikeSheet_transparent.png,CC0-1.0
006284.png,kenney_roguelike-rpg-pack/Spritesheet/roguelikeSheet_transparent.png,CC0-1.0
006285.png,kenney_roguelike-rpg-pack/Spritesheet/roguelikeSheet_transparent.png,CC0-1.0
006286.png,kenney_roguelike-rpg-pack/Spritesheet/roguelikeSheet_transparent.png,CC0-1.0
006287.png,kenney_roguelike-rpg-pack/Spritesheet/roguelikeSheet_transparent.png,CC0-1.0
006288.png,kenney_roguelike-rpg-pack/Spritesheet/roguelikeSheet_transparent.png,CC0-1.0
006289.png,kenney_roguelike-rpg-pack/Spritesheet/roguelikeSheet_transparent.png,CC0-1.0
006290.png,kenney_roguelike-rpg-pack/Spritesheet/roguelikeSheet_transparent.png,CC0-1.0
006291.png,kenney_roguelike-rpg-pack/Spritesheet/roguelikeSheet_transparent.png,CC0-1.0
006292.png,kenney_roguelike-rpg-pack/Spritesheet/roguelikeSheet_transparent.png,CC0-1.0
006293.png,kenney_roguelike-rpg-pack/Spritesheet/roguelikeSheet_transparent.png,CC0-1.0
006294.png,kenney_roguelike-rpg-pack/Spritesheet/roguelikeSheet_transparent.png,CC0-1.0
006295.png,kenney_roguelike-rpg-pack/Spritesheet/roguelikeSheet_transparent.png,CC0-1.0
006296.png,kenney_roguelike-rpg-pack/Spritesheet/roguelikeSheet_transparent.png,CC0-1.0
006297.png,kenney_roguelike-rpg-pack/Spritesheet/roguelikeSheet_transparent.png,CC0-1.0
006298.png,kenney_roguelike-rpg-pack/Spritesheet/roguelikeSheet_transparent.png,CC0-1.0
006299.png,kenney_roguelike-rpg-pack/Spritesheet/roguelikeSheet_transparent.png,CC0-1.0
006300.png,kenney_roguelike-rpg-pack/Spritesheet/roguelikeSheet_transparent.png,CC0-1.0
006301.png,kenney_roguelike-rpg-pack/Spritesheet/roguelikeSheet_transparent.png,CC0-1.0
006302.png,kenney_roguelike-rpg-pack/Spritesheet/roguelikeSheet_transparent.png,CC0-1.0
006303.png,kenney_roguelike-rpg-pack/Spritesheet/roguelikeSheet_transparent.png,CC0-1.0
006304.png,kenney_roguelike-rpg-pack/Spritesheet/roguelikeSheet_transparent.png,CC0-1.0
006305.png,kenney_roguelike-rpg-pack/Spritesheet/roguelikeSheet_transparent.png,CC0-1.0
006306.png,kenney_roguelike-rpg-pack/Spritesheet/roguelikeSheet_transparent.png,CC0-1.0
006307.png,kenney_roguelike-rpg-pack/Spritesheet/roguelikeSheet_transparent.png,CC0-1.0
006308.png,kenney_roguelike-rpg-pack/Spritesheet/roguelikeSheet_transparent.png,CC0-1.0
006309.png,kenney_roguelike-rpg-pack/Spritesheet/roguelikeSheet_transparent.png,CC0-1.0
006310.png,kenney_roguelike-rpg-pack/Spritesheet/roguelikeSheet_transparent.png,CC0-1.0
006311.png,kenney_roguelike-rpg-pack/Spritesheet/roguelikeSheet_transparent.png,CC0-1.0
006312.png,kenney_roguelike-rpg-pack/Spritesheet/roguelikeSheet_transparent.png,CC0-1.0
006313.png,kenney_roguelike-rpg-pack/Spritesheet/roguelikeSheet_transparent.png,CC0-1.0
006314.png,kenney_roguelike-rpg-pack/Spritesheet/roguelikeSheet_transparent.png,CC0-1.0
006315.png,kenney_roguelike-rpg-pack/Spritesheet/roguelikeSheet_transparent.png,CC0-1.0
006316.png,kenney_roguelike-rpg-pack/Spritesheet/roguelikeSheet_transparent.png,CC0-1.0
006317.png,kenney_roguelike-rpg-pack/Spritesheet/roguelikeSheet_transparent.png,CC0-1.0
006318.png,kenney_roguelike-rpg-pack/Spritesheet/roguelikeSheet_transparent.png,CC0-1.0
006319.png,kenney_roguelike-rpg-pack/Spritesheet/roguelikeSheet_transparent.png,CC0-1.0
006320.png,kenney_roguelike-rpg-pack/Spritesheet/roguelikeSheet_transparent.png,CC0-1.0
006321.png,kenney_roguelike-rpg-pack/Spritesheet/roguelikeSheet_transparent.png,CC0-1.0
006322.png,kenney_roguelike-rpg-pack/Spritesheet/roguelikeSheet_transparent.png,CC0-1.0
006323.png,kenney_roguelike-rpg-pack/Spritesheet/roguelikeSheet_transparent.png,CC0-1.0
006324.png,kenney_roguelike-rpg-pack/Spritesheet/roguelikeSheet_transparent.png,CC0-1.0
006325.png,kenney_roguelike-rpg-pack/Spritesheet/roguelikeSheet_transparent.png,CC0-1.0
006326.png,kenney_roguelike-rpg-pack/Spritesheet/roguelikeSheet_transparent.png,CC0-1.0
006327.png,kenney_roguelike-rpg-pack/Spritesheet/roguelikeSheet_transparent.png,CC0-1.0
006328.png,kenney_roguelike-rpg-pack/Spritesheet/roguelikeSheet_transparent.png,CC0-1.0
006329.png,kenney_roguelike-rpg-pack/Spritesheet/roguelikeSheet_transparent.png,CC0-1.0
006330.png,kenney_roguelike-rpg-pack/Spritesheet/roguelikeSheet_transparent.png,CC0-1.0
006331.png,kenney_roguelike-rpg-pack/Spritesheet/roguelikeSheet_transparent.png,CC0-1.0
006332.png,kenney_roguelike-rpg-pack/Spritesheet/roguelikeSheet_transparent.png,CC0-1.0
006333.png,kenney_roguelike-rpg-pack/Spritesheet/roguelikeSheet_transparent.png,CC0-1.0
006334.png,kenney_roguelike-rpg-pack/Spritesheet/roguelikeSheet_transparent.png,CC0-1.0
006335.png,kenney_roguelike-rpg-pack/Spritesheet/roguelikeSheet_transparent.png,CC0-1.0
006336.png,kenney_roguelike-rpg-pack/Spritesheet/roguelikeSheet_transparent.png,CC0-1.0
006337.png,kenney_roguelike-rpg-pack/Spritesheet/roguelikeSheet_transparent.png,CC0-1.0
006338.png,kenney_roguelike-rpg-pack/Spritesheet/roguelikeSheet_transparent.png,CC0-1.0
006339.png,kenney_roguelike-rpg-pack/Spritesheet/roguelikeSheet_transparent.png,CC0-1.0
006340.png,kenney_roguelike-rpg-pack/Spritesheet/roguelikeSheet_transparent.png,CC0-1.0
006341.png,kenney_roguelike-rpg-pack/Spritesheet/roguelikeSheet_transparent.png,CC0-1.0
006342.png,kenney_roguelike-rpg-pack/Spritesheet/roguelikeSheet_transparent.png,CC0-1.0
006343.png,kenney_roguelike-rpg-pack/Spritesheet/roguelikeSheet_transparent.png,CC0-1.0
006344.png,kenney_roguelike-rpg-pack/Spritesheet/roguelikeSheet_transparent.png,CC0-1.0
006345.png,kenney_roguelike-rpg-pack/Spritesheet/roguelikeSheet_transparent.png,CC0-1.0
006346.png,kenney_roguelike-rpg-pack/Spritesheet/roguelikeSheet_transparent.png,CC0-1.0
006347.png,kenney_roguelike-rpg-pack/Spritesheet/roguelikeSheet_transparent.png,CC0-1.0
006348.png,kenney_roguelike-rpg-pack/Spritesheet/roguelikeSheet_transparent.png,CC0-1.0
006349.png,kenney_roguelike-rpg-pack/Spritesheet/roguelikeSheet_transparent.png,CC0-1.0
006350.png,kenney_roguelike-rpg-pack/Spritesheet/roguelikeSheet_transparent.png,CC0-1.0
006351.png,kenney_roguelike-rpg-pack/Spritesheet/roguelikeSheet_transparent.png,CC0-1.0
006352.png,kenney_roguelike-rpg-pack/Spritesheet/roguelikeSheet_transparent.png,CC0-1.0
006353.png,kenney_roguelike-rpg-pack/Spritesheet/roguelikeSheet_transparent.png,CC0-1.0
006354.png,kenney_roguelike-rpg-pack/Spritesheet/roguelikeSheet_transparent.png,CC0-1.0
006355.png,kenney_roguelike-rpg-pack/Spritesheet/roguelikeSheet_transparent.png,CC0-1.0
006356.png,kenney_roguelike-rpg-pack/Spritesheet/roguelikeSheet_transparent.png,CC0-1.0
006357.png,kenney_roguelike-rpg-pack/Spritesheet/roguelikeSheet_transparent.png,CC0-1.0
006358.png,kenney_roguelike-rpg-pack/Spritesheet/roguelikeSheet_transparent.png,CC0-1.0
006359.png,kenney_roguelike-rpg-pack/Spritesheet/roguelikeSheet_transparent.png,CC0-1.0
006360.png,kenney_roguelike-rpg-pack/Spritesheet/roguelikeSheet_transparent.png,CC0-1.0
006361.png,kenney_roguelike-rpg-pack/Spritesheet/roguelikeSheet_transparent.png,CC0-1.0
006362.png,kenney_roguelike-rpg-pack/Spritesheet/roguelikeSheet_transparent.png,CC0-1.0
006363.png,kenney_roguelike-rpg-pack/Spritesheet/roguelikeSheet_transparent.png,CC0-1.0
006364.png,kenney_roguelike-rpg-pack/Spritesheet/roguelikeSheet_transparent.png,CC0-1.0
006365.png,kenney_roguelike-rpg-pack/Spritesheet/roguelikeSheet_transparent.png,CC0-1.0
006366.png,kenney_roguelike-rpg-pack/Spritesheet/roguelikeSheet_transparent.png,CC0-1.0
006367.png,kenney_roguelike-rpg-pack/Spritesheet/roguelikeSheet_transparent.png,CC0-1.0
006368.png,kenney_roguelike-rpg-pack/Spritesheet/roguelikeSheet_transparent.png,CC0-1.0
006369.png,kenney_roguelike-rpg-pack/Spritesheet/roguelikeSheet_transparent.png,CC0-1.0
006370.png,kenney_roguelike-rpg-pack/Spritesheet/roguelikeSheet_transparent.png,CC0-1.0
006371.png,kenney_roguelike-rpg-pack/Spritesheet/roguelikeSheet_transparent.png,CC0-1.0
006372.png,kenney_roguelike-rpg-pack/Spritesheet/roguelikeSheet_transparent.png,CC0-1.0
006373.png,kenney_roguelike-rpg-pack/Spritesheet/roguelikeSheet_transparent.png,CC0-1.0
006374.png,kenney_roguelike-rpg-pack/Spritesheet/roguelikeSheet_transparent.png,CC0-1.0
006375.png,kenney_roguelike-rpg-pack/Spritesheet/roguelikeSheet_transparent.png,CC0-1.0
006376.png,kenney_roguelike-rpg-pack/Spritesheet/roguelikeSheet_transparent.png,CC0-1.0
006377.png,kenney_roguelike-rpg-pack/Spritesheet/roguelikeSheet_transparent.png,CC0-1.0
006378.png,kenney_roguelike-rpg-pack/Spritesheet/roguelikeSheet_transparent.png,CC0-1.0
006379.png,kenney_roguelike-rpg-pack/Spritesheet/roguelikeSheet_transparent.png,CC0-1.0
006380.png,kenney_roguelike-rpg-pack/Spritesheet/roguelikeSheet_transparent.png,CC0-1.0
006381.png,kenney_roguelike-rpg-pack/Spritesheet/roguelikeSheet_transparent.png,CC0-1.0
006382.png,kenney_roguelike-rpg-pack/Spritesheet/roguelikeSheet_transparent.png,CC0-1.0
006383.png,kenney_roguelike-rpg-pack/Spritesheet/roguelikeSheet_transparent.png,CC0-1.0
006384.png,kenney_roguelike-rpg-pack/Spritesheet/roguelikeSheet_transparent.png,CC0-1.0
006385.png,kenney_roguelike-rpg-pack/Spritesheet/roguelikeSheet_transparent.png,CC0-1.0
006386.png,kenney_roguelike-rpg-pack/Spritesheet/roguelikeSheet_transparent.png,CC0-1.0
006387.png,kenney_roguelike-rpg-pack/Spritesheet/roguelikeSheet_transparent.png,CC0-1.0
006388.png,kenney_roguelike-rpg-pack/Spritesheet/roguelikeSheet_transparent.png,CC0-1.0
006389.png,kenney_roguelike-rpg-pack/Spritesheet/roguelikeSheet_transparent.png,CC0-1.0
006390.png,kenney_roguelike-rpg-pack/Spritesheet/roguelikeSheet_transparent.png,CC0-1.0
006391.png,kenney_roguelike-rpg-pack/Spritesheet/roguelikeSheet_transparent.png,CC0-1.0
006392.png,kenney_roguelike-rpg-pack/Spritesheet/roguelikeSheet_transparent.png,CC0-1.0
006393.png,kenney_roguelike-rpg-pack/Spritesheet/roguelikeSheet_transparent.png,CC0-1.0
006394.png,kenney_roguelike-rpg-pack/Spritesheet/roguelikeSheet_transparent.png,CC0-1.0
006395.png,kenney_roguelike-rpg-pack/Spritesheet/roguelikeSheet_transparent.png,CC0-1.0
006396.png,kenney_roguelike-rpg-pack/Spritesheet/roguelikeSheet_transparent.png,CC0-1.0
006397.png,kenney_roguelike-rpg-pack/Spritesheet/roguelikeSheet_transparent.png,CC0-1.0
006398.png,kenney_roguelike-rpg-pack/Spritesheet/roguelikeSheet_transparent.png,CC0-1.0
006399.png,kenney_roguelike-rpg-pack/Spritesheet/roguelikeSheet_transparent.png,CC0-1.0
006400.png,kenney_roguelike-rpg-pack/Spritesheet/roguelikeSheet_transparent.png,CC0-1.0
006401.png,kenney_roguelike-rpg-pack/Spritesheet/roguelikeSheet_transparent.png,CC0-1.0
006402.png,kenney_roguelike-rpg-pack/Spritesheet/roguelikeSheet_transparent.png,CC0-1.0
006403.png,kenney_roguelike-rpg-pack/Spritesheet/roguelikeSheet_transparent.png,CC0-1.0
006404.png,kenney_roguelike-rpg-pack/Spritesheet/roguelikeSheet_transparent.png,CC0-1.0
006405.png,kenney_roguelike-rpg-pack/Spritesheet/roguelikeSheet_transparent.png,CC0-1.0
006406.png,kenney_roguelike-rpg-pack/Spritesheet/roguelikeSheet_transparent.png,CC0-1.0
006407.png,kenney_roguelike-rpg-pack/Spritesheet/roguelikeSheet_transparent.png,CC0-1.0
006408.png,kenney_roguelike-rpg-pack/Spritesheet/roguelikeSheet_transparent.png,CC0-1.0
006409.png,kenney_roguelike-rpg-pack/Spritesheet/roguelikeSheet_transparent.png,CC0-1.0
006410.png,kenney_roguelike-rpg-pack/Spritesheet/roguelikeSheet_transparent.png,CC0-1.0
006411.png,kenney_roguelike-rpg-pack/Spritesheet/roguelikeSheet_transparent.png,CC0-1.0
006412.png,kenney_roguelike-rpg-pack/Spritesheet/roguelikeSheet_transparent.png,CC0-1.0
006413.png,kenney_roguelike-rpg-pack/Spritesheet/roguelikeSheet_transparent.png,CC0-1.0
006414.png,kenney_roguelike-rpg-pack/Spritesheet/roguelikeSheet_transparent.png,CC0-1.0
006415.png,kenney_roguelike-rpg-pack/Spritesheet/roguelikeSheet_transparent.png,CC0-1.0
006416.png,kenney_roguelike-rpg-pack/Spritesheet/roguelikeSheet_transparent.png,CC0-1.0
006417.png,kenney_roguelike-rpg-pack/Spritesheet/roguelikeSheet_transparent.png,CC0-1.0
006418.png,kenney_roguelike-rpg-pack/Spritesheet/roguelikeSheet_transparent.png,CC0-1.0
006419.png,kenney_roguelike-rpg-pack/Spritesheet/roguelikeSheet_transparent.png,CC0-1.0
006420.png,kenney_roguelike-rpg-pack/Spritesheet/roguelikeSheet_transparent.png,CC0-1.0
006421.png,kenney_roguelike-rpg-pack/Spritesheet/roguelikeSheet_transparent.png,CC0-1.0
006422.png,kenney_roguelike-rpg-pack/Spritesheet/roguelikeSheet_transparent.png,CC0-1.0
006423.png,kenney_roguelike-rpg-pack/Spritesheet/roguelikeSheet_transparent.png,CC0-1.0
006424.png,kenney_roguelike-rpg-pack/Spritesheet/roguelikeSheet_transparent.png,CC0-1.0
006425.png,kenney_roguelike-rpg-pack/Spritesheet/roguelikeSheet_transparent.png,CC0-1.0
006426.png,kenney_roguelike-rpg-pack/Spritesheet/roguelikeSheet_transparent.png,CC0-1.0
006427.png,kenney_roguelike-rpg-pack/Spritesheet/roguelikeSheet_transparent.png,CC0-1.0
006428.png,kenney_roguelike-rpg-pack/Spritesheet/roguelikeSheet_transparent.png,CC0-1.0
006429.png,kenney_roguelike-rpg-pack/Spritesheet/roguelikeSheet_transparent.png,CC0-1.0
006430.png,kenney_roguelike-rpg-pack/Spritesheet/roguelikeSheet_transparent.png,CC0-1.0
006431.png,kenney_roguelike-rpg-pack/Spritesheet/roguelikeSheet_transparent.png,CC0-1.0
006432.png,kenney_roguelike-rpg-pack/Spritesheet/roguelikeSheet_transparent.png,CC0-1.0
006433.png,kenney_roguelike-rpg-pack/Spritesheet/roguelikeSheet_transparent.png,CC0-1.0
006434.png,kenney_roguelike-rpg-pack/Spritesheet/roguelikeSheet_transparent.png,CC0-1.0
006435.png,kenney_roguelike-rpg-pack/Spritesheet/roguelikeSheet_transparent.png,CC0-1.0
006436.png,kenney_roguelike-rpg-pack/Spritesheet/roguelikeSheet_transparent.png,CC0-1.0
006437.png,kenney_roguelike-rpg-pack/Spritesheet/roguelikeSheet_transparent.png,CC0-1.0
006438.png,kenney_roguelike-rpg-pack/Spritesheet/roguelikeSheet_transparent.png,CC0-1.0
006439.png,kenney_roguelike-rpg-pack/Spritesheet/roguelikeSheet_transparent.png,CC0-1.0
006440.png,kenney_roguelike-rpg-pack/Spritesheet/roguelikeSheet_transparent.png,CC0-1.0
006441.png,kenney_roguelike-rpg-pack/Spritesheet/roguelikeSheet_transparent.png,CC0-1.0
006442.png,kenney_roguelike-rpg-pack/Spritesheet/roguelikeSheet_transparent.png,CC0-1.0
006443.png,kenney_roguelike-rpg-pack/Spritesheet/roguelikeSheet_transparent.png,CC0-1.0
006444.png,kenney_roguelike-rpg-pack/Spritesheet/roguelikeSheet_transparent.png,CC0-1.0
006445.png,kenney_roguelike-rpg-pack/Spritesheet/roguelikeSheet_transparent.png,CC0-1.0
006446.png,kenney_roguelike-rpg-pack/Spritesheet/roguelikeSheet_transparent.png,CC0-1.0
006447.png,kenney_roguelike-rpg-pack/Spritesheet/roguelikeSheet_transparent.png,CC0-1.0
006448.png,kenney_roguelike-rpg-pack/Spritesheet/roguelikeSheet_transparent.png,CC0-1.0
006449.png,kenney_roguelike-rpg-pack/Spritesheet/roguelikeSheet_transparent.png,CC0-1.0
006450.png,kenney_roguelike-rpg-pack/Spritesheet/roguelikeSheet_transparent.png,CC0-1.0
006451.png,kenney_roguelike-rpg-pack/Spritesheet/roguelikeSheet_transparent.png,CC0-1.0
006452.png,kenney_roguelike-rpg-pack/Spritesheet/roguelikeSheet_transparent.png,CC0-1.0
006453.png,kenney_roguelike-rpg-pack/Spritesheet/roguelikeSheet_transparent.png,CC0-1.0
006454.png,kenney_roguelike-rpg-pack/Spritesheet/roguelikeSheet_transparent.png,CC0-1.0
006455.png,kenney_roguelike-rpg-pack/Spritesheet/roguelikeSheet_transparent.png,CC0-1.0
006456.png,kenney_roguelike-rpg-pack/Spritesheet/roguelikeSheet_transparent.png,CC0-1.0
006457.png,kenney_roguelike-rpg-pack/Spritesheet/roguelikeSheet_transparent.png,CC0-1.0
006458.png,kenney_roguelike-rpg-pack/Spritesheet/roguelikeSheet_transparent.png,CC0-1.0
006459.png,kenney_roguelike-rpg-pack/Spritesheet/roguelikeSheet_transparent.png,CC0-1.0
006460.png,kenney_roguelike-rpg-pack/Spritesheet/roguelikeSheet_transparent.png,CC0-1.0
006461.png,kenney_roguelike-rpg-pack/Spritesheet/roguelikeSheet_transparent.png,CC0-1.0
006462.png,kenney_roguelike-rpg-pack/Spritesheet/roguelikeSheet_transparent.png,CC0-1.0
006463.png,kenney_roguelike-rpg-pack/Spritesheet/roguelikeSheet_transparent.png,CC0-1.0
006464.png,kenney_roguelike-rpg-pack/Spritesheet/roguelikeSheet_transparent.png,CC0-1.0
006465.png,kenney_roguelike-rpg-pack/Spritesheet/roguelikeSheet_transparent.png,CC0-1.0
006466.png,kenney_roguelike-rpg-pack/Spritesheet/roguelikeSheet_transparent.png,CC0-1.0
006467.png,kenney_roguelike-rpg-pack/Spritesheet/roguelikeSheet_transparent.png,CC0-1.0
006468.png,kenney_roguelike-rpg-pack/Spritesheet/roguelikeSheet_transparent.png,CC0-1.0
006469.png,kenney_roguelike-rpg-pack/Spritesheet/roguelikeSheet_transparent.png,CC0-1.0
006470.png,kenney_roguelike-rpg-pack/Spritesheet/roguelikeSheet_transparent.png,CC0-1.0
006471.png,kenney_roguelike-rpg-pack/Spritesheet/roguelikeSheet_transparent.png,CC0-1.0
006472.png,kenney_roguelike-rpg-pack/Spritesheet/roguelikeSheet_transparent.png,CC0-1.0
006473.png,kenney_roguelike-rpg-pack/Spritesheet/roguelikeSheet_transparent.png,CC0-1.0
006474.png,kenney_roguelike-rpg-pack/Spritesheet/roguelikeSheet_transparent.png,CC0-1.0
006475.png,kenney_roguelike-rpg-pack/Spritesheet/roguelikeSheet_transparent.png,CC0-1.0
006476.png,kenney_roguelike-rpg-pack/Spritesheet/roguelikeSheet_transparent.png,CC0-1.0
006477.png,kenney_roguelike-rpg-pack/Spritesheet/roguelikeSheet_transparent.png,CC0-1.0
006478.png,kenney_roguelike-rpg-pack/Spritesheet/roguelikeSheet_transparent.png,CC0-1.0
006479.png,kenney_roguelike-rpg-pack/Spritesheet/roguelikeSheet_transparent.png,CC0-1.0
006480.png,kenney_roguelike-rpg-pack/Spritesheet/roguelikeSheet_transparent.png,CC0-1.0
006481.png,kenney_roguelike-rpg-pack/Spritesheet/roguelikeSheet_transparent.png,CC0-1.0
006482.png,kenney_roguelike-rpg-pack/Spritesheet/roguelikeSheet_transparent.png,CC0-1.0
006483.png,kenney_roguelike-rpg-pack/Spritesheet/roguelikeSheet_transparent.png,CC0-1.0
006484.png,kenney_roguelike-rpg-pack/Spritesheet/roguelikeSheet_transparent.png,CC0-1.0
006485.png,kenney_roguelike-rpg-pack/Spritesheet/roguelikeSheet_transparent.png,CC0-1.0
006486.png,kenney_roguelike-rpg-pack/Spritesheet/roguelikeSheet_transparent.png,CC0-1.0
006487.png,kenney_roguelike-rpg-pack/Spritesheet/roguelikeSheet_transparent.png,CC0-1.0
006488.png,kenney_roguelike-rpg-pack/Spritesheet/roguelikeSheet_transparent.png,CC0-1.0
006489.png,kenney_roguelike-rpg-pack/Spritesheet/roguelikeSheet_transparent.png,CC0-1.0
006490.png,kenney_roguelike-rpg-pack/Spritesheet/roguelikeSheet_transparent.png,CC0-1.0
006491.png,kenney_roguelike-rpg-pack/Spritesheet/roguelikeSheet_transparent.png,CC0-1.0
006492.png,kenney_roguelike-rpg-pack/Spritesheet/roguelikeSheet_transparent.png,CC0-1.0
006493.png,kenney_roguelike-rpg-pack/Spritesheet/roguelikeSheet_transparent.png,CC0-1.0
006494.png,kenney_roguelike-rpg-pack/Spritesheet/roguelikeSheet_transparent.png,CC0-1.0
006495.png,kenney_roguelike-rpg-pack/Spritesheet/roguelikeSheet_transparent.png,CC0-1.0
006496.png,kenney_roguelike-rpg-pack/Spritesheet/roguelikeSheet_transparent.png,CC0-1.0
006497.png,kenney_roguelike-rpg-pack/Spritesheet/roguelikeSheet_transparent.png,CC0-1.0
006498.png,kenney_roguelike-rpg-pack/Spritesheet/roguelikeSheet_transparent.png,CC0-1.0
006499.png,kenney_roguelike-rpg-pack/Spritesheet/roguelikeSheet_transparent.png,CC0-1.0
006500.png,kenney_roguelike-rpg-pack/Spritesheet/roguelikeSheet_transparent.png,CC0-1.0
006501.png,kenney_roguelike-rpg-pack/Spritesheet/roguelikeSheet_transparent.png,CC0-1.0
006502.png,kenney_roguelike-rpg-pack/Spritesheet/roguelikeSheet_transparent.png,CC0-1.0
006503.png,kenney_roguelike-rpg-pack/Spritesheet/roguelikeSheet_transparent.png,CC0-1.0
006504.png,kenney_roguelike-rpg-pack/Spritesheet/roguelikeSheet_transparent.png,CC0-1.0
006505.png,kenney_roguelike-rpg-pack/Spritesheet/roguelikeSheet_transparent.png,CC0-1.0
006506.png,kenney_roguelike-rpg-pack/Spritesheet/roguelikeSheet_transparent.png,CC0-1.0
006507.png,kenney_roguelike-rpg-pack/Spritesheet/roguelikeSheet_transparent.png,CC0-1.0
006508.png,kenney_roguelike-rpg-pack/Spritesheet/roguelikeSheet_transparent.png,CC0-1.0
006509.png,kenney_roguelike-rpg-pack/Spritesheet/roguelikeSheet_transparent.png,CC0-1.0
006510.png,kenney_roguelike-rpg-pack/Spritesheet/roguelikeSheet_transparent.png,CC0-1.0
006511.png,kenney_roguelike-rpg-pack/Spritesheet/roguelikeSheet_transparent.png,CC0-1.0
006512.png,kenney_roguelike-rpg-pack/Spritesheet/roguelikeSheet_transparent.png,CC0-1.0
006513.png,kenney_roguelike-rpg-pack/Spritesheet/roguelikeSheet_transparent.png,CC0-1.0
006514.png,kenney_roguelike-rpg-pack/Spritesheet/roguelikeSheet_transparent.png,CC0-1.0
006515.png,kenney_roguelike-rpg-pack/Spritesheet/roguelikeSheet_transparent.png,CC0-1.0
006516.png,kenney_roguelike-rpg-pack/Spritesheet/roguelikeSheet_transparent.png,CC0-1.0
006517.png,kenney_roguelike-rpg-pack/Spritesheet/roguelikeSheet_transparent.png,CC0-1.0
006518.png,kenney_roguelike-rpg-pack/Spritesheet/roguelikeSheet_transparent.png,CC0-1.0
006519.png,kenney_roguelike-rpg-pack/Spritesheet/roguelikeSheet_transparent.png,CC0-1.0
006520.png,kenney_roguelike-rpg-pack/Spritesheet/roguelikeSheet_transparent.png,CC0-1.0
006521.png,kenney_roguelike-rpg-pack/Spritesheet/roguelikeSheet_transparent.png,CC0-1.0
006522.png,kenney_roguelike-rpg-pack/Spritesheet/roguelikeSheet_transparent.png,CC0-1.0
006523.png,kenney_roguelike-rpg-pack/Spritesheet/roguelikeSheet_transparent.png,CC0-1.0
006524.png,kenney_roguelike-rpg-pack/Spritesheet/roguelikeSheet_transparent.png,CC0-1.0
006525.png,kenney_roguelike-rpg-pack/Spritesheet/roguelikeSheet_transparent.png,CC0-1.0
006526.png,kenney_roguelike-rpg-pack/Spritesheet/roguelikeSheet_transparent.png,CC0-1.0
006527.png,kenney_roguelike-rpg-pack/Spritesheet/roguelikeSheet_transparent.png,CC0-1.0
006528.png,kenney_roguelike-rpg-pack/Spritesheet/roguelikeSheet_transparent.png,CC0-1.0
006529.png,kenney_roguelike-rpg-pack/Spritesheet/roguelikeSheet_transparent.png,CC0-1.0
006530.png,kenney_roguelike-rpg-pack/Spritesheet/roguelikeSheet_transparent.png,CC0-1.0
006531.png,kenney_roguelike-rpg-pack/Spritesheet/roguelikeSheet_transparent.png,CC0-1.0
006532.png,kenney_roguelike-rpg-pack/Spritesheet/roguelikeSheet_transparent.png,CC0-1.0
006533.png,kenney_roguelike-rpg-pack/Spritesheet/roguelikeSheet_transparent.png,CC0-1.0
006534.png,kenney_roguelike-rpg-pack/Spritesheet/roguelikeSheet_transparent.png,CC0-1.0
006535.png,kenney_roguelike-rpg-pack/Spritesheet/roguelikeSheet_transparent.png,CC0-1.0
006536.png,kenney_roguelike-rpg-pack/Spritesheet/roguelikeSheet_transparent.png,CC0-1.0
006537.png,kenney_roguelike-rpg-pack/Spritesheet/roguelikeSheet_transparent.png,CC0-1.0
006538.png,kenney_roguelike-rpg-pack/Spritesheet/roguelikeSheet_transparent.png,CC0-1.0
006539.png,kenney_roguelike-rpg-pack/Spritesheet/roguelikeSheet_transparent.png,CC0-1.0
006540.png,kenney_roguelike-rpg-pack/Spritesheet/roguelikeSheet_transparent.png,CC0-1.0
006541.png,kenney_roguelike-rpg-pack/Spritesheet/roguelikeSheet_transparent.png,CC0-1.0
006542.png,kenney_roguelike-rpg-pack/Spritesheet/roguelikeSheet_transparent.png,CC0-1.0
006543.png,kenney_roguelike-rpg-pack/Spritesheet/roguelikeSheet_transparent.png,CC0-1.0
006544.png,kenney_roguelike-rpg-pack/Spritesheet/roguelikeSheet_transparent.png,CC0-1.0
006545.png,kenney_roguelike-rpg-pack/Spritesheet/roguelikeSheet_transparent.png,CC0-1.0
006546.png,kenney_roguelike-rpg-pack/Spritesheet/roguelikeSheet_transparent.png,CC0-1.0
006547.png,kenney_roguelike-rpg-pack/Spritesheet/roguelikeSheet_transparent.png,CC0-1.0
006548.png,kenney_roguelike-rpg-pack/Spritesheet/roguelikeSheet_transparent.png,CC0-1.0
006549.png,kenney_roguelike-rpg-pack/Spritesheet/roguelikeSheet_transparent.png,CC0-1.0
006550.png,kenney_roguelike-rpg-pack/Spritesheet/roguelikeSheet_transparent.png,CC0-1.0
006551.png,kenney_roguelike-rpg-pack/Spritesheet/roguelikeSheet_transparent.png,CC0-1.0
006552.png,kenney_roguelike-rpg-pack/Spritesheet/roguelikeSheet_transparent.png,CC0-1.0
006553.png,kenney_roguelike-rpg-pack/Spritesheet/roguelikeSheet_transparent.png,CC0-1.0
006554.png,kenney_roguelike-rpg-pack/Spritesheet/roguelikeSheet_transparent.png,CC0-1.0
006555.png,kenney_roguelike-rpg-pack/Spritesheet/roguelikeSheet_transparent.png,CC0-1.0
006556.png,kenney_roguelike-rpg-pack/Spritesheet/roguelikeSheet_transparent.png,CC0-1.0
006557.png,kenney_roguelike-rpg-pack/Spritesheet/roguelikeSheet_transparent.png,CC0-1.0
006558.png,kenney_roguelike-rpg-pack/Spritesheet/roguelikeSheet_transparent.png,CC0-1.0
006559.png,kenney_roguelike-rpg-pack/Spritesheet/roguelikeSheet_transparent.png,CC0-1.0
006560.png,kenney_roguelike-rpg-pack/Spritesheet/roguelikeSheet_transparent.png,CC0-1.0
006561.png,kenney_roguelike-rpg-pack/Spritesheet/roguelikeSheet_transparent.png,CC0-1.0
006562.png,kenney_roguelike-rpg-pack/Spritesheet/roguelikeSheet_transparent.png,CC0-1.0
006563.png,kenney_roguelike-rpg-pack/Spritesheet/roguelikeSheet_transparent.png,CC0-1.0
006564.png,kenney_roguelike-rpg-pack/Spritesheet/roguelikeSheet_transparent.png,CC0-1.0
006565.png,kenney_roguelike-rpg-pack/Spritesheet/roguelikeSheet_transparent.png,CC0-1.0
006566.png,kenney_roguelike-rpg-pack/Spritesheet/roguelikeSheet_transparent.png,CC0-1.0
006567.png,kenney_roguelike-rpg-pack/Spritesheet/roguelikeSheet_transparent.png,CC0-1.0
006568.png,kenney_roguelike-rpg-pack/Spritesheet/roguelikeSheet_transparent.png,CC0-1.0
006569.png,kenney_roguelike-rpg-pack/Spritesheet/roguelikeSheet_transparent.png,CC0-1.0
006570.png,kenney_roguelike-rpg-pack/Spritesheet/roguelikeSheet_transparent.png,CC0-1.0
006571.png,kenney_roguelike-rpg-pack/Spritesheet/roguelikeSheet_transparent.png,CC0-1.0
006572.png,kenney_roguelike-rpg-pack/Spritesheet/roguelikeSheet_transparent.png,CC0-1.0
006573.png,kenney_roguelike-rpg-pack/Spritesheet/roguelikeSheet_transparent.png,CC0-1.0
006574.png,kenney_roguelike-rpg-pack/Spritesheet/roguelikeSheet_transparent.png,CC0-1.0
006575.png,kenney_roguelike-rpg-pack/Spritesheet/roguelikeSheet_transparent.png,CC0-1.0
006576.png,kenney_roguelike-rpg-pack/Spritesheet/roguelikeSheet_transparent.png,CC0-1.0
006577.png,kenney_roguelike-rpg-pack/Spritesheet/roguelikeSheet_transparent.png,CC0-1.0
006578.png,kenney_roguelike-rpg-pack/Spritesheet/roguelikeSheet_transparent.png,CC0-1.0
006579.png,kenney_roguelike-rpg-pack/Spritesheet/roguelikeSheet_transparent.png,CC0-1.0
006580.png,kenney_roguelike-rpg-pack/Spritesheet/roguelikeSheet_transparent.png,CC0-1.0
006581.png,kenney_roguelike-rpg-pack/Spritesheet/roguelikeSheet_transparent.png,CC0-1.0
006582.png,kenney_roguelike-rpg-pack/Spritesheet/roguelikeSheet_transparent.png,CC0-1.0
006583.png,kenney_roguelike-rpg-pack/Spritesheet/roguelikeSheet_transparent.png,CC0-1.0
006584.png,kenney_roguelike-rpg-pack/Spritesheet/roguelikeSheet_transparent.png,CC0-1.0
006585.png,kenney_roguelike-rpg-pack/Spritesheet/roguelikeSheet_transparent.png,CC0-1.0
006586.png,kenney_roguelike-rpg-pack/Spritesheet/roguelikeSheet_transparent.png,CC0-1.0
006587.png,kenney_roguelike-rpg-pack/Spritesheet/roguelikeSheet_transparent.png,CC0-1.0
006588.png,kenney_roguelike-rpg-pack/Spritesheet/roguelikeSheet_transparent.png,CC0-1.0
006589.png,kenney_roguelike-rpg-pack/Spritesheet/roguelikeSheet_transparent.png,CC0-1.0
006590.png,kenney_roguelike-rpg-pack/Spritesheet/roguelikeSheet_transparent.png,CC0-1.0
006591.png,kenney_roguelike-rpg-pack/Spritesheet/roguelikeSheet_transparent.png,CC0-1.0
006592.png,kenney_roguelike-rpg-pack/Spritesheet/roguelikeSheet_transparent.png,CC0-1.0
006593.png,kenney_roguelike-rpg-pack/Spritesheet/roguelikeSheet_transparent.png,CC0-1.0
006594.png,kenney_roguelike-rpg-pack/Spritesheet/roguelikeSheet_transparent.png,CC0-1.0
006595.png,kenney_roguelike-rpg-pack/Spritesheet/roguelikeSheet_transparent.png,CC0-1.0
006596.png,kenney_roguelike-rpg-pack/Spritesheet/roguelikeSheet_transparent.png,CC0-1.0
006597.png,kenney_roguelike-rpg-pack/Spritesheet/roguelikeSheet_transparent.png,CC0-1.0
006598.png,kenney_roguelike-rpg-pack/Spritesheet/roguelikeSheet_transparent.png,CC0-1.0
006599.png,kenney_roguelike-rpg-pack/Spritesheet/roguelikeSheet_transparent.png,CC0-1.0
006600.png,kenney_roguelike-rpg-pack/Spritesheet/roguelikeSheet_transparent.png,CC0-1.0
006601.png,kenney_roguelike-rpg-pack/Spritesheet/roguelikeSheet_transparent.png,CC0-1.0
006602.png,kenney_roguelike-rpg-pack/Spritesheet/roguelikeSheet_transparent.png,CC0-1.0
006603.png,kenney_roguelike-rpg-pack/Spritesheet/roguelikeSheet_transparent.png,CC0-1.0
006604.png,kenney_roguelike-rpg-pack/Spritesheet/roguelikeSheet_transparent.png,CC0-1.0
006605.png,kenney_roguelike-rpg-pack/Spritesheet/roguelikeSheet_transparent.png,CC0-1.0
006606.png,kenney_roguelike-rpg-pack/Spritesheet/roguelikeSheet_transparent.png,CC0-1.0
006607.png,kenney_roguelike-rpg-pack/Spritesheet/roguelikeSheet_transparent.png,CC0-1.0
006608.png,kenney_roguelike-rpg-pack/Spritesheet/roguelikeSheet_transparent.png,CC0-1.0
006609.png,kenney_roguelike-rpg-pack/Spritesheet/roguelikeSheet_transparent.png,CC0-1.0
006610.png,kenney_roguelike-rpg-pack/Spritesheet/roguelikeSheet_transparent.png,CC0-1.0
006611.png,kenney_roguelike-rpg-pack/Spritesheet/roguelikeSheet_transparent.png,CC0-1.0
006612.png,kenney_roguelike-rpg-pack/Spritesheet/roguelikeSheet_transparent.png,CC0-1.0
006613.png,kenney_roguelike-rpg-pack/Spritesheet/roguelikeSheet_transparent.png,CC0-1.0
006614.png,kenney_roguelike-rpg-pack/Spritesheet/roguelikeSheet_transparent.png,CC0-1.0
006615.png,kenney_roguelike-rpg-pack/Spritesheet/roguelikeSheet_transparent.png,CC0-1.0
006616.png,kenney_roguelike-rpg-pack/Spritesheet/roguelikeSheet_transparent.png,CC0-1.0
006617.png,kenney_roguelike-rpg-pack/Spritesheet/roguelikeSheet_transparent.png,CC0-1.0
006618.png,kenney_roguelike-rpg-pack/Spritesheet/roguelikeSheet_transparent.png,CC0-1.0
006619.png,kenney_roguelike-rpg-pack/Spritesheet/roguelikeSheet_transparent.png,CC0-1.0
006620.png,kenney_roguelike-rpg-pack/Spritesheet/roguelikeSheet_transparent.png,CC0-1.0
006621.png,kenney_roguelike-rpg-pack/Spritesheet/roguelikeSheet_transparent.png,CC0-1.0
006622.png,kenney_roguelike-rpg-pack/Spritesheet/roguelikeSheet_transparent.png,CC0-1.0
006623.png,kenney_roguelike-rpg-pack/Spritesheet/roguelikeSheet_transparent.png,CC0-1.0
006624.png,kenney_roguelike-rpg-pack/Spritesheet/roguelikeSheet_transparent.png,CC0-1.0
006625.png,kenney_roguelike-rpg-pack/Spritesheet/roguelikeSheet_transparent.png,CC0-1.0
006626.png,kenney_roguelike-rpg-pack/Spritesheet/roguelikeSheet_transparent.png,CC0-1.0
006627.png,kenney_roguelike-rpg-pack/Spritesheet/roguelikeSheet_transparent.png,CC0-1.0
006628.png,kenney_roguelike-rpg-pack/Spritesheet/roguelikeSheet_transparent.png,CC0-1.0
006629.png,kenney_roguelike-rpg-pack/Spritesheet/roguelikeSheet_transparent.png,CC0-1.0
006630.png,kenney_roguelike-rpg-pack/Spritesheet/roguelikeSheet_transparent.png,CC0-1.0
006631.png,kenney_roguelike-rpg-pack/Spritesheet/roguelikeSheet_transparent.png,CC0-1.0
006632.png,kenney_roguelike-rpg-pack/Spritesheet/roguelikeSheet_transparent.png,CC0-1.0
006633.png,kenney_roguelike-rpg-pack/Spritesheet/roguelikeSheet_transparent.png,CC0-1.0
006634.png,kenney_roguelike-rpg-pack/Spritesheet/roguelikeSheet_transparent.png,CC0-1.0
006635.png,kenney_roguelike-rpg-pack/Spritesheet/roguelikeSheet_transparent.png,CC0-1.0
006636.png,kenney_roguelike-rpg-pack/Spritesheet/roguelikeSheet_transparent.png,CC0-1.0
006637.png,kenney_roguelike-rpg-pack/Spritesheet/roguelikeSheet_transparent.png,CC0-1.0
006638.png,kenney_roguelike-rpg-pack/Spritesheet/roguelikeSheet_transparent.png,CC0-1.0
006639.png,kenney_roguelike-rpg-pack/Spritesheet/roguelikeSheet_transparent.png,CC0-1.0
006640.png,kenney_roguelike-rpg-pack/Spritesheet/roguelikeSheet_transparent.png,CC0-1.0
006641.png,kenney_roguelike-rpg-pack/Spritesheet/roguelikeSheet_transparent.png,CC0-1.0
006642.png,kenney_roguelike-rpg-pack/Spritesheet/roguelikeSheet_transparent.png,CC0-1.0
006643.png,kenney_roguelike-rpg-pack/Spritesheet/roguelikeSheet_transparent.png,CC0-1.0
006644.png,kenney_roguelike-rpg-pack/Spritesheet/roguelikeSheet_transparent.png,CC0-1.0
006645.png,kenney_roguelike-rpg-pack/Spritesheet/roguelikeSheet_transparent.png,CC0-1.0
006646.png,kenney_roguelike-rpg-pack/Spritesheet/roguelikeSheet_transparent.png,CC0-1.0
006647.png,kenney_roguelike-rpg-pack/Spritesheet/roguelikeSheet_transparent.png,CC0-1.0
006648.png,kenney_roguelike-rpg-pack/Spritesheet/roguelikeSheet_transparent.png,CC0-1.0
006649.png,kenney_roguelike-rpg-pack/Spritesheet/roguelikeSheet_transparent.png,CC0-1.0
006650.png,kenney_roguelike-rpg-pack/Spritesheet/roguelikeSheet_transparent.png,CC0-1.0
006651.png,kenney_roguelike-rpg-pack/Spritesheet/roguelikeSheet_transparent.png,CC0-1.0
006652.png,kenney_roguelike-rpg-pack/Spritesheet/roguelikeSheet_transparent.png,CC0-1.0
006653.png,kenney_roguelike-rpg-pack/Spritesheet/roguelikeSheet_transparent.png,CC0-1.0
006654.png,kenney_roguelike-rpg-pack/Spritesheet/roguelikeSheet_transparent.png,CC0-1.0
006655.png,kenney_roguelike-rpg-pack/Spritesheet/roguelikeSheet_transparent.png,CC0-1.0
006656.png,kenney_roguelike-rpg-pack/Spritesheet/roguelikeSheet_transparent.png,CC0-1.0
006657.png,kenney_roguelike-rpg-pack/Spritesheet/roguelikeSheet_transparent.png,CC0-1.0
006658.png,kenney_roguelike-rpg-pack/Spritesheet/roguelikeSheet_transparent.png,CC0-1.0
006659.png,kenney_roguelike-rpg-pack/Spritesheet/roguelikeSheet_transparent.png,CC0-1.0
006660.png,kenney_roguelike-rpg-pack/Spritesheet/roguelikeSheet_transparent.png,CC0-1.0
006661.png,kenney_roguelike-rpg-pack/Spritesheet/roguelikeSheet_transparent.png,CC0-1.0
006662.png,kenney_roguelike-rpg-pack/Spritesheet/roguelikeSheet_transparent.png,CC0-1.0
006663.png,kenney_roguelike-rpg-pack/Spritesheet/roguelikeSheet_transparent.png,CC0-1.0
006664.png,kenney_roguelike-rpg-pack/Spritesheet/roguelikeSheet_transparent.png,CC0-1.0
006665.png,kenney_roguelike-rpg-pack/Spritesheet/roguelikeSheet_transparent.png,CC0-1.0
006666.png,kenney_roguelike-rpg-pack/Spritesheet/roguelikeSheet_transparent.png,CC0-1.0
006667.png,kenney_roguelike-rpg-pack/Spritesheet/roguelikeSheet_transparent.png,CC0-1.0
006668.png,kenney_roguelike-rpg-pack/Spritesheet/roguelikeSheet_transparent.png,CC0-1.0
006669.png,kenney_roguelike-rpg-pack/Spritesheet/roguelikeSheet_transparent.png,CC0-1.0
006670.png,kenney_roguelike-rpg-pack/Spritesheet/roguelikeSheet_transparent.png,CC0-1.0
006671.png,kenney_roguelike-rpg-pack/Spritesheet/roguelikeSheet_transparent.png,CC0-1.0
006672.png,kenney_roguelike-rpg-pack/Spritesheet/roguelikeSheet_transparent.png,CC0-1.0
006673.png,kenney_roguelike-rpg-pack/Spritesheet/roguelikeSheet_transparent.png,CC0-1.0
006674.png,kenney_roguelike-rpg-pack/Spritesheet/roguelikeSheet_transparent.png,CC0-1.0
006675.png,kenney_roguelike-rpg-pack/Spritesheet/roguelikeSheet_transparent.png,CC0-1.0
006676.png,kenney_roguelike-rpg-pack/Spritesheet/roguelikeSheet_transparent.png,CC0-1.0
006677.png,kenney_roguelike-rpg-pack/Spritesheet/roguelikeSheet_transparent.png,CC0-1.0
006678.png,kenney_roguelike-rpg-pack/Spritesheet/roguelikeSheet_transparent.png,CC0-1.0
006679.png,kenney_roguelike-rpg-pack/Spritesheet/roguelikeSheet_transparent.png,CC0-1.0
006680.png,kenney_roguelike-rpg-pack/Spritesheet/roguelikeSheet_transparent.png,CC0-1.0
006681.png,kenney_roguelike-rpg-pack/Spritesheet/roguelikeSheet_transparent.png,CC0-1.0
006682.png,kenney_roguelike-rpg-pack/Spritesheet/roguelikeSheet_transparent.png,CC0-1.0
006683.png,kenney_roguelike-rpg-pack/Spritesheet/roguelikeSheet_transparent.png,CC0-1.0
006684.png,kenney_roguelike-rpg-pack/Spritesheet/roguelikeSheet_transparent.png,CC0-1.0
006685.png,kenney_roguelike-rpg-pack/Spritesheet/roguelikeSheet_transparent.png,CC0-1.0
006686.png,kenney_roguelike-rpg-pack/Spritesheet/roguelikeSheet_transparent.png,CC0-1.0
006687.png,kenney_roguelike-rpg-pack/Spritesheet/roguelikeSheet_transparent.png,CC0-1.0
006688.png,kenney_roguelike-rpg-pack/Spritesheet/roguelikeSheet_transparent.png,CC0-1.0
006689.png,kenney_roguelike-rpg-pack/Spritesheet/roguelikeSheet_transparent.png,CC0-1.0
006690.png,kenney_roguelike-rpg-pack/Spritesheet/roguelikeSheet_transparent.png,CC0-1.0
006691.png,kenney_roguelike-rpg-pack/Spritesheet/roguelikeSheet_transparent.png,CC0-1.0
006692.png,kenney_roguelike-rpg-pack/Spritesheet/roguelikeSheet_transparent.png,CC0-1.0
006693.png,kenney_roguelike-rpg-pack/Spritesheet/roguelikeSheet_transparent.png,CC0-1.0
006694.png,kenney_roguelike-rpg-pack/Spritesheet/roguelikeSheet_transparent.png,CC0-1.0
006695.png,kenney_roguelike-rpg-pack/Spritesheet/roguelikeSheet_transparent.png,CC0-1.0
006696.png,kenney_roguelike-rpg-pack/Spritesheet/roguelikeSheet_transparent.png,CC0-1.0
006697.png,kenney_roguelike-rpg-pack/Spritesheet/roguelikeSheet_transparent.png,CC0-1.0
006698.png,kenney_roguelike-rpg-pack/Spritesheet/roguelikeSheet_transparent.png,CC0-1.0
006699.png,kenney_roguelike-rpg-pack/Spritesheet/roguelikeSheet_transparent.png,CC0-1.0
006700.png,kenney_roguelike-rpg-pack/Spritesheet/roguelikeSheet_transparent.png,CC0-1.0
006701.png,kenney_roguelike-rpg-pack/Spritesheet/roguelikeSheet_transparent.png,CC0-1.0
006702.png,kenney_roguelike-rpg-pack/Spritesheet/roguelikeSheet_transparent.png,CC0-1.0
006703.png,kenney_roguelike-rpg-pack/Spritesheet/roguelikeSheet_transparent.png,CC0-1.0
006704.png,kenney_roguelike-rpg-pack/Spritesheet/roguelikeSheet_transparent.png,CC0-1.0
006705.png,kenney_roguelike-rpg-pack/Spritesheet/roguelikeSheet_transparent.png,CC0-1.0
006706.png,kenney_roguelike-rpg-pack/Spritesheet/roguelikeSheet_transparent.png,CC0-1.0
006707.png,kenney_roguelike-rpg-pack/Spritesheet/roguelikeSheet_transparent.png,CC0-1.0
006708.png,kenney_roguelike-rpg-pack/Spritesheet/roguelikeSheet_transparent.png,CC0-1.0
006709.png,kenney_tiny-battle/Tilemap/tilemap.png,CC0-1.0
006710.png,kenney_tiny-battle/Tilemap/tilemap.png,CC0-1.0
006711.png,kenney_tiny-battle/Tilemap/tilemap.png,CC0-1.0
006712.png,kenney_tiny-battle/Tilemap/tilemap.png,CC0-1.0
006713.png,kenney_tiny-battle/Tilemap/tilemap.png,CC0-1.0
006714.png,kenney_tiny-battle/Tilemap/tilemap.png,CC0-1.0
006715.png,kenney_tiny-battle/Tilemap/tilemap.png,CC0-1.0
006716.png,kenney_tiny-battle/Tilemap/tilemap.png,CC0-1.0
006717.png,kenney_tiny-battle/Tilemap/tilemap.png,CC0-1.0
006718.png,kenney_tiny-battle/Tilemap/tilemap.png,CC0-1.0
006719.png,kenney_tiny-battle/Tilemap/tilemap.png,CC0-1.0
006720.png,kenney_tiny-battle/Tilemap/tilemap.png,CC0-1.0
006721.png,kenney_tiny-battle/Tilemap/tilemap.png,CC0-1.0
006722.png,kenney_tiny-battle/Tilemap/tilemap.png,CC0-1.0
006723.png,kenney_tiny-battle/Tilemap/tilemap.png,CC0-1.0
006724.png,kenney_tiny-battle/Tilemap/tilemap.png,CC0-1.0
006725.png,kenney_tiny-battle/Tilemap/tilemap.png,CC0-1.0
006726.png,kenney_tiny-battle/Tilemap/tilemap.png,CC0-1.0
006727.png,kenney_tiny-battle/Tilemap/tilemap.png,CC0-1.0
006728.png,kenney_tiny-battle/Tilemap/tilemap.png,CC0-1.0
006729.png,kenney_tiny-battle/Tilemap/tilemap.png,CC0-1.0
006730.png,kenney_tiny-battle/Tilemap/tilemap.png,CC0-1.0
006731.png,kenney_tiny-battle/Tilemap/tilemap.png,CC0-1.0
006732.png,kenney_tiny-battle/Tilemap/tilemap.png,CC0-1.0
006733.png,kenney_tiny-battle/Tilemap/tilemap.png,CC0-1.0
006734.png,kenney_tiny-battle/Tilemap/tilemap.png,CC0-1.0
006735.png,kenney_tiny-battle/Tilemap/tilemap.png,CC0-1.0
006736.png,kenney_tiny-battle/Tilemap/tilemap.png,CC0-1.0
006737.png,kenney_tiny-battle/Tilemap/tilemap.png,CC0-1.0
006738.png,kenney_tiny-battle/Tilemap/tilemap.png,CC0-1.0
006739.png,kenney_tiny-battle/Tilemap/tilemap.png,CC0-1.0
006740.png,kenney_tiny-battle/Tilemap/tilemap.png,CC0-1.0
006741.png,kenney_tiny-battle/Tilemap/tilemap.png,CC0-1.0
006742.png,kenney_tiny-battle/Tilemap/tilemap.png,CC0-1.0
006743.png,kenney_tiny-battle/Tilemap/tilemap.png,CC0-1.0
006744.png,kenney_tiny-battle/Tilemap/tilemap.png,CC0-1.0
006745.png,kenney_tiny-battle/Tilemap/tilemap.png,CC0-1.0
006746.png,kenney_tiny-battle/Tilemap/tilemap.png,CC0-1.0
006747.png,kenney_tiny-battle/Tilemap/tilemap.png,CC0-1.0
006748.png,kenney_tiny-battle/Tilemap/tilemap.png,CC0-1.0
006749.png,kenney_tiny-battle/Tilemap/tilemap.png,CC0-1.0
006750.png,kenney_tiny-battle/Tilemap/tilemap.png,CC0-1.0
006751.png,kenney_tiny-battle/Tilemap/tilemap.png,CC0-1.0
006752.png,kenney_tiny-battle/Tilemap/tilemap.png,CC0-1.0
006753.png,kenney_tiny-battle/Tilemap/tilemap.png,CC0-1.0
006754.png,kenney_tiny-battle/Tilemap/tilemap.png,CC0-1.0
006755.png,kenney_tiny-battle/Tilemap/tilemap.png,CC0-1.0
006756.png,kenney_tiny-battle/Tilemap/tilemap.png,CC0-1.0
006757.png,kenney_tiny-battle/Tilemap/tilemap.png,CC0-1.0
006758.png,kenney_tiny-battle/Tilemap/tilemap.png,CC0-1.0
006759.png,kenney_tiny-battle/Tilemap/tilemap.png,CC0-1.0
006760.png,kenney_tiny-battle/Tilemap/tilemap.png,CC0-1.0
006761.png,kenney_tiny-battle/Tilemap/tilemap.png,CC0-1.0
006762.png,kenney_tiny-battle/Tilemap/tilemap.png,CC0-1.0
006763.png,kenney_tiny-battle/Tilemap/tilemap.png,CC0-1.0
006764.png,kenney_tiny-battle/Tilemap/tilemap.png,CC0-1.0
006765.png,kenney_tiny-battle/Tilemap/tilemap.png,CC0-1.0
006766.png,kenney_tiny-battle/Tilemap/tilemap.png,CC0-1.0
006767.png,kenney_tiny-battle/Tilemap/tilemap.png,CC0-1.0
006768.png,kenney_tiny-battle/Tilemap/tilemap.png,CC0-1.0
006769.png,kenney_tiny-battle/Tilemap/tilemap.png,CC0-1.0
006770.png,kenney_tiny-battle/Tilemap/tilemap.png,CC0-1.0
006771.png,kenney_tiny-battle/Tilemap/tilemap.png,CC0-1.0
006772.png,kenney_tiny-battle/Tilemap/tilemap.png,CC0-1.0
006773.png,kenney_tiny-battle/Tilemap/tilemap.png,CC0-1.0
006774.png,kenney_tiny-battle/Tilemap/tilemap.png,CC0-1.0
006775.png,kenney_tiny-battle/Tilemap/tilemap.png,CC0-1.0
006776.png,kenney_tiny-battle/Tilemap/tilemap.png,CC0-1.0
006777.png,kenney_tiny-battle/Tilemap/tilemap.png,CC0-1.0
006778.png,kenney_tiny-battle/Tilemap/tilemap.png,CC0-1.0
006779.png,kenney_tiny-battle/Tilemap/tilemap.png,CC0-1.0
006780.png,kenney_tiny-battle/Tilemap/tilemap.png,CC0-1.0
006781.png,kenney_tiny-battle/Tilemap/tilemap.png,CC0-1.0
006782.png,kenney_tiny-battle/Tilemap/tilemap.png,CC0-1.0
006783.png,kenney_tiny-battle/Tilemap/tilemap.png,CC0-1.0
006784.png,kenney_tiny-battle/Tilemap/tilemap.png,CC0-1.0
006785.png,kenney_tiny-battle/Tilemap/tilemap.png,CC0-1.0
006786.png,kenney_tiny-battle/Tilemap/tilemap.png,CC0-1.0
006787.png,kenney_tiny-battle/Tilemap/tilemap.png,CC0-1.0
006788.png,kenney_tiny-battle/Tilemap/tilemap.png,CC0-1.0
006789.png,kenney_tiny-battle/Tilemap/tilemap.png,CC0-1.0
006790.png,kenney_tiny-battle/Tilemap/tilemap.png,CC0-1.0
006791.png,kenney_tiny-battle/Tilemap/tilemap.png,CC0-1.0
006792.png,kenney_tiny-battle/Tilemap/tilemap.png,CC0-1.0
006793.png,kenney_tiny-battle/Tilemap/tilemap.png,CC0-1.0
006794.png,kenney_tiny-battle/Tilemap/tilemap.png,CC0-1.0
006795.png,kenney_tiny-battle/Tilemap/tilemap.png,CC0-1.0
006796.png,kenney_tiny-battle/Tilemap/tilemap.png,CC0-1.0
006797.png,kenney_tiny-battle/Tilemap/tilemap.png,CC0-1.0
006798.png,kenney_tiny-battle/Tilemap/tilemap.png,CC0-1.0
006799.png,kenney_tiny-battle/Tilemap/tilemap.png,CC0-1.0
006800.png,kenney_tiny-battle/Tilemap/tilemap.png,CC0-1.0
006801.png,kenney_tiny-battle/Tilemap/tilemap.png,CC0-1.0
006802.png,kenney_tiny-battle/Tilemap/tilemap.png,CC0-1.0
006803.png,kenney_tiny-battle/Tilemap/tilemap.png,CC0-1.0
006804.png,kenney_tiny-battle/Tilemap/tilemap.png,CC0-1.0
006805.png,kenney_tiny-battle/Tilemap/tilemap.png,CC0-1.0
006806.png,kenney_tiny-battle/Tilemap/tilemap.png,CC0-1.0
006807.png,kenney_tiny-battle/Tilemap/tilemap.png,CC0-1.0
006808.png,kenney_tiny-battle/Tilemap/tilemap.png,CC0-1.0
006809.png,kenney_tiny-battle/Tilemap/tilemap.png,CC0-1.0
006810.png,kenney_tiny-battle/Tilemap/tilemap.png,CC0-1.0
006811.png,kenney_tiny-battle/Tilemap/tilemap.png,CC0-1.0
006812.png,kenney_tiny-battle/Tilemap/tilemap.png,CC0-1.0
006813.png,kenney_tiny-battle/Tilemap/tilemap.png,CC0-1.0
006814.png,kenney_tiny-battle/Tilemap/tilemap.png,CC0-1.0
006815.png,kenney_tiny-battle/Tilemap/tilemap.png,CC0-1.0
006816.png,kenney_tiny-battle/Tilemap/tilemap.png,CC0-1.0
006817.png,kenney_tiny-battle/Tilemap/tilemap.png,CC0-1.0
006818.png,kenney_tiny-battle/Tilemap/tilemap.png,CC0-1.0
006819.png,kenney_tiny-battle/Tilemap/tilemap.png,CC0-1.0
006820.png,kenney_tiny-battle/Tilemap/tilemap.png,CC0-1.0
006821.png,kenney_tiny-battle/Tilemap/tilemap.png,CC0-1.0
006822.png,kenney_tiny-battle/Tilemap/tilemap.png,CC0-1.0
006823.png,kenney_tiny-battle/Tilemap/tilemap.png,CC0-1.0
006824.png,kenney_tiny-battle/Tilemap/tilemap.png,CC0-1.0
006825.png,kenney_tiny-battle/Tilemap/tilemap.png,CC0-1.0
006826.png,kenney_tiny-battle/Tilemap/tilemap.png,CC0-1.0
006827.png,kenney_tiny-battle/Tilemap/tilemap.png,CC0-1.0
006828.png,kenney_tiny-battle/Tilemap/tilemap.png,CC0-1.0
006829.png,kenney_tiny-battle/Tilemap/tilemap.png,CC0-1.0
006830.png,kenney_tiny-battle/Tilemap/tilemap.png,CC0-1.0
006831.png,kenney_tiny-battle/Tilemap/tilemap.png,CC0-1.0
006832.png,kenney_tiny-battle/Tilemap/tilemap.png,CC0-1.0
006833.png,kenney_tiny-battle/Tilemap/tilemap.png,CC0-1.0
006834.png,kenney_tiny-battle/Tilemap/tilemap.png,CC0-1.0
006835.png,kenney_tiny-battle/Tilemap/tilemap.png,CC0-1.0
006836.png,kenney_tiny-battle/Tilemap/tilemap.png,CC0-1.0
006837.png,kenney_tiny-battle/Tilemap/tilemap.png,CC0-1.0
006838.png,kenney_tiny-battle/Tilemap/tilemap.png,CC0-1.0
006839.png,kenney_tiny-battle/Tilemap/tilemap.png,CC0-1.0
006840.png,kenney_tiny-battle/Tilemap/tilemap.png,CC0-1.0
006841.png,kenney_tiny-battle/Tilemap/tilemap.png,CC0-1.0
006842.png,kenney_tiny-battle/Tilemap/tilemap.png,CC0-1.0
006843.png,kenney_tiny-battle/Tilemap/tilemap.png,CC0-1.0
006844.png,kenney_tiny-battle/Tilemap/tilemap.png,CC0-1.0
006845.png,kenney_tiny-battle/Tilemap/tilemap.png,CC0-1.0
006846.png,kenney_tiny-battle/Tilemap/tilemap.png,CC0-1.0
006847.png,kenney_tiny-battle/Tilemap/tilemap.png,CC0-1.0
006848.png,kenney_tiny-battle/Tilemap/tilemap.png,CC0-1.0
006849.png,kenney_tiny-battle/Tilemap/tilemap.png,CC0-1.0
006850.png,kenney_tiny-battle/Tilemap/tilemap.png,CC0-1.0
006851.png,kenney_tiny-battle/Tilemap/tilemap.png,CC0-1.0
006852.png,kenney_tiny-battle/Tilemap/tilemap.png,CC0-1.0
006853.png,kenney_tiny-battle/Tilemap/tilemap.png,CC0-1.0
006854.png,kenney_tiny-battle/Tilemap/tilemap.png,CC0-1.0
006855.png,kenney_tiny-battle/Tilemap/tilemap.png,CC0-1.0
006856.png,kenney_tiny-battle/Tilemap/tilemap.png,CC0-1.0
006857.png,kenney_tiny-battle/Tilemap/tilemap.png,CC0-1.0
006858.png,kenney_tiny-battle/Tilemap/tilemap.png,CC0-1.0
006859.png,kenney_tiny-battle/Tilemap/tilemap.png,CC0-1.0
006860.png,kenney_tiny-battle/Tilemap/tilemap.png,CC0-1.0
006861.png,kenney_tiny-battle/Tilemap/tilemap.png,CC0-1.0
006862.png,kenney_tiny-battle/Tilemap/tilemap.png,CC0-1.0
006863.png,kenney_tiny-battle/Tilemap/tilemap.png,CC0-1.0
006864.png,kenney_tiny-battle/Tilemap/tilemap.png,CC0-1.0
006865.png,kenney_tiny-battle/Tilemap/tilemap.png,CC0-1.0
006866.png,kenney_tiny-battle/Tilemap/tilemap.png,CC0-1.0
006867.png,kenney_tiny-battle/Tilemap/tilemap.png,CC0-1.0
006868.png,kenney_tiny-battle/Tilemap/tilemap.png,CC0-1.0
006869.png,kenney_tiny-battle/Tilemap/tilemap.png,CC0-1.0
006870.png,kenney_tiny-battle/Tilemap/tilemap.png,CC0-1.0
006871.png,kenney_tiny-battle/Tilemap/tilemap.png,CC0-1.0
006872.png,kenney_tiny-battle/Tilemap/tilemap.png,CC0-1.0
006873.png,kenney_tiny-battle/Tilemap/tilemap.png,CC0-1.0
006874.png,kenney_tiny-battle/Tilemap/tilemap.png,CC0-1.0
006875.png,kenney_tiny-battle/Tilemap/tilemap.png,CC0-1.0
006876.png,kenney_tiny-battle/Tilemap/tilemap.png,CC0-1.0
006877.png,kenney_tiny-battle/Tilemap/tilemap.png,CC0-1.0
006878.png,kenney_tiny-battle/Tilemap/tilemap.png,CC0-1.0
006879.png,kenney_tiny-battle/Tilemap/tilemap.png,CC0-1.0
006880.png,kenney_tiny-battle/Tilemap/tilemap.png,CC0-1.0
006881.png,kenney_tiny-battle/Tilemap/tilemap.png,CC0-1.0
006882.png,kenney_tiny-battle/Tilemap/tilemap.png,CC0-1.0
006883.png,kenney_tiny-battle/Tilemap/tilemap.png,CC0-1.0
006884.png,kenney_tiny-battle/Tilemap/tilemap.png,CC0-1.0
006885.png,kenney_tiny-battle/Tilemap/tilemap.png,CC0-1.0
006886.png,kenney_tiny-battle/Tilemap/tilemap.png,CC0-1.0
006887.png,kenney_tiny-battle/Tilemap/tilemap.png,CC0-1.0
006888.png,kenney_tiny-battle/Tilemap/tilemap.png,CC0-1.0
006889.png,kenney_tiny-battle/Tilemap/tilemap.png,CC0-1.0
006890.png,kenney_tiny-battle/Tilemap/tilemap.png,CC0-1.0
006891.png,kenney_tiny-battle/Tilemap/tilemap.png,CC0-1.0
006892.png,kenney_tiny-battle/Tilemap/tilemap.png,CC0-1.0
006893.png,kenney_tiny-battle/Tilemap/tilemap.png,CC0-1.0
006894.png,kenney_tiny-battle/Tilemap/tilemap.png,CC0-1.0
006895.png,kenney_tiny-battle/Tilemap/tilemap.png,CC0-1.0
006896.png,kenney_tiny-battle/Tilemap/tilemap.png,CC0-1.0
006897.png,kenney_tiny-battle/Tilemap/tilemap.png,CC0-1.0
006898.png,kenney_tiny-battle/Tilemap/tilemap.png,CC0-1.0
006899.png,kenney_tiny-battle/Tilemap/tilemap.png,CC0-1.0
006900.png,kenney_tiny-battle/Tilemap/tilemap.png,CC0-1.0
006901.png,kenney_tiny-battle/Tilemap/tilemap.png,CC0-1.0
006902.png,kenney_tiny-battle/Tilemap/tilemap.png,CC0-1.0
006903.png,kenney_tiny-battle/Tilemap/tilemap.png,CC0-1.0
006904.png,kenney_tiny-battle/Tilemap/tilemap.png,CC0-1.0
006905.png,kenney_tiny-battle/Tilemap/tilemap.png,CC0-1.0
006906.png,kenney_tiny-battle/Tilemap/tilemap.png,CC0-1.0
006907.png,kenney_tiny-battle/Tilemap/tilemap_packed.png,CC0-1.0
006908.png,kenney_tiny-battle/Tilemap/tilemap_packed.png,CC0-1.0
006909.png,kenney_tiny-battle/Tilemap/tilemap_packed.png,CC0-1.0
006910.png,kenney_tiny-battle/Tilemap/tilemap_packed.png,CC0-1.0
006911.png,kenney_tiny-dungeon/Tilemap/tilemap.png,CC0-1.0
006912.png,kenney_tiny-dungeon/Tilemap/tilemap.png,CC0-1.0
006913.png,kenney_tiny-dungeon/Tilemap/tilemap.png,CC0-1.0
006914.png,kenney_tiny-dungeon/Tilemap/tilemap.png,CC0-1.0
006915.png,kenney_tiny-dungeon/Tilemap/tilemap.png,CC0-1.0
006916.png,kenney_tiny-dungeon/Tilemap/tilemap.png,CC0-1.0
006917.png,kenney_tiny-dungeon/Tilemap/tilemap.png,CC0-1.0
006918.png,kenney_tiny-dungeon/Tilemap/tilemap.png,CC0-1.0
006919.png,kenney_tiny-dungeon/Tilemap/tilemap.png,CC0-1.0
006920.png,kenney_tiny-dungeon/Tilemap/tilemap.png,CC0-1.0
006921.png,kenney_tiny-dungeon/Tilemap/tilemap.png,CC0-1.0
006922.png,kenney_tiny-dungeon/Tilemap/tilemap.png,CC0-1.0
006923.png,kenney_tiny-dungeon/Tilemap/tilemap.png,CC0-1.0
006924.png,kenney_tiny-dungeon/Tilemap/tilemap.png,CC0-1.0
006925.png,kenney_tiny-dungeon/Tilemap/tilemap.png,CC0-1.0
006926.png,kenney_tiny-dungeon/Tilemap/tilemap.png,CC0-1.0
006927.png,kenney_tiny-dungeon/Tilemap/tilemap.png,CC0-1.0
006928.png,kenney_tiny-dungeon/Tilemap/tilemap.png,CC0-1.0
006929.png,kenney_tiny-dungeon/Tilemap/tilemap.png,CC0-1.0
006930.png,kenney_tiny-dungeon/Tilemap/tilemap.png,CC0-1.0
006931.png,kenney_tiny-dungeon/Tilemap/tilemap.png,CC0-1.0
006932.png,kenney_tiny-dungeon/Tilemap/tilemap.png,CC0-1.0
006933.png,kenney_tiny-dungeon/Tilemap/tilemap.png,CC0-1.0
006934.png,kenney_tiny-dungeon/Tilemap/tilemap.png,CC0-1.0
006935.png,kenney_tiny-dungeon/Tilemap/tilemap.png,CC0-1.0
006936.png,kenney_tiny-dungeon/Tilemap/tilemap.png,CC0-1.0
006937.png,kenney_tiny-dungeon/Tilemap/tilemap.png,CC0-1.0
006938.png,kenney_tiny-dungeon/Tilemap/tilemap.png,CC0-1.0
006939.png,kenney_tiny-dungeon/Tilemap/tilemap.png,CC0-1.0
006940.png,kenney_tiny-dungeon/Tilemap/tilemap.png,CC0-1.0
006941.png,kenney_tiny-dungeon/Tilemap/tilemap.png,CC0-1.0
006942.png,kenney_tiny-dungeon/Tilemap/tilemap.png,CC0-1.0
006943.png,kenney_tiny-dungeon/Tilemap/tilemap.png,CC0-1.0
006944.png,kenney_tiny-dungeon/Tilemap/tilemap.png,CC0-1.0
006945.png,kenney_tiny-dungeon/Tilemap/tilemap.png,CC0-1.0
006946.png,kenney_tiny-dungeon/Tilemap/tilemap.png,CC0-1.0
006947.png,kenney_tiny-dungeon/Tilemap/tilemap.png,CC0-1.0
006948.png,kenney_tiny-dungeon/Tilemap/tilemap.png,CC0-1.0
006949.png,kenney_tiny-dungeon/Tilemap/tilemap.png,CC0-1.0
006950.png,kenney_tiny-dungeon/Tilemap/tilemap.png,CC0-1.0
006951.png,kenney_tiny-dungeon/Tilemap/tilemap.png,CC0-1.0
006952.png,kenney_tiny-dungeon/Tilemap/tilemap.png,CC0-1.0
006953.png,kenney_tiny-dungeon/Tilemap/tilemap.png,CC0-1.0
006954.png,kenney_tiny-dungeon/Tilemap/tilemap.png,CC0-1.0
006955.png,kenney_tiny-dungeon/Tilemap/tilemap.png,CC0-1.0
006956.png,kenney_tiny-dungeon/Tilemap/tilemap.png,CC0-1.0
006957.png,kenney_tiny-dungeon/Tilemap/tilemap.png,CC0-1.0
006958.png,kenney_tiny-dungeon/Tilemap/tilemap.png,CC0-1.0
006959.png,kenney_tiny-dungeon/Tilemap/tilemap.png,CC0-1.0
006960.png,kenney_tiny-dungeon/Tilemap/tilemap.png,CC0-1.0
006961.png,kenney_tiny-dungeon/Tilemap/tilemap.png,CC0-1.0
006962.png,kenney_tiny-dungeon/Tilemap/tilemap.png,CC0-1.0
006963.png,kenney_tiny-dungeon/Tilemap/tilemap.png,CC0-1.0
006964.png,kenney_tiny-dungeon/Tilemap/tilemap.png,CC0-1.0
006965.png,kenney_tiny-dungeon/Tilemap/tilemap.png,CC0-1.0
006966.png,kenney_tiny-dungeon/Tilemap/tilemap.png,CC0-1.0
006967.png,kenney_tiny-dungeon/Tilemap/tilemap.png,CC0-1.0
006968.png,kenney_tiny-dungeon/Tilemap/tilemap.png,CC0-1.0
006969.png,kenney_tiny-dungeon/Tilemap/tilemap.png,CC0-1.0
006970.png,kenney_tiny-dungeon/Tilemap/tilemap.png,CC0-1.0
006971.png,kenney_tiny-dungeon/Tilemap/tilemap.png,CC0-1.0
006972.png,kenney_tiny-dungeon/Tilemap/tilemap.png,CC0-1.0
006973.png,kenney_tiny-dungeon/Tilemap/tilemap.png,CC0-1.0
006974.png,kenney_tiny-dungeon/Tilemap/tilemap.png,CC0-1.0
006975.png,kenney_tiny-dungeon/Tilemap/tilemap.png,CC0-1.0
006976.png,kenney_tiny-dungeon/Tilemap/tilemap.png,CC0-1.0
006977.png,kenney_tiny-dungeon/Tilemap/tilemap.png,CC0-1.0
006978.png,kenney_tiny-dungeon/Tilemap/tilemap.png,CC0-1.0
006979.png,kenney_tiny-dungeon/Tilemap/tilemap.png,CC0-1.0
006980.png,kenney_tiny-dungeon/Tilemap/tilemap.png,CC0-1.0
006981.png,kenney_tiny-dungeon/Tilemap/tilemap.png,CC0-1.0
006982.png,kenney_tiny-dungeon/Tilemap/tilemap.png,CC0-1.0
006983.png,kenney_tiny-dungeon/Tilemap/tilemap.png,CC0-1.0
006984.png,kenney_tiny-dungeon/Tilemap/tilemap.png,CC0-1.0
006985.png,kenney_tiny-dungeon/Tilemap/tilemap.png,CC0-1.0
006986.png,kenney_tiny-dungeon/Tilemap/tilemap.png,CC0-1.0
006987.png,kenney_tiny-dungeon/Tilemap/tilemap.png,CC0-1.0
006988.png,kenney_tiny-dungeon/Tilemap/tilemap.png,CC0-1.0
006989.png,kenney_tiny-dungeon/Tilemap/tilemap.png,CC0-1.0
006990.png,kenney_tiny-dungeon/Tilemap/tilemap.png,CC0-1.0
006991.png,kenney_tiny-dungeon/Tilemap/tilemap.png,CC0-1.0
006992.png,kenney_tiny-dungeon/Tilemap/tilemap.png,CC0-1.0
006993.png,kenney_tiny-dungeon/Tilemap/tilemap.png,CC0-1.0
006994.png,kenney_tiny-dungeon/Tilemap/tilemap.png,CC0-1.0
006995.png,kenney_tiny-dungeon/Tilemap/tilemap.png,CC0-1.0
006996.png,kenney_tiny-dungeon/Tilemap/tilemap.png,CC0-1.0
006997.png,kenney_tiny-dungeon/Tilemap/tilemap.png,CC0-1.0
006998.png,kenney_tiny-dungeon/Tilemap/tilemap.png,CC0-1.0
006999.png,kenney_tiny-dungeon/Tilemap/tilemap.png,CC0-1.0
007000.png,kenney_tiny-dungeon/Tilemap/tilemap.png,CC0-1.0
007001.png,kenney_tiny-dungeon/Tilemap/tilemap.png,CC0-1.0
007002.png,kenney_tiny-dungeon/Tilemap/tilemap.png,CC0-1.0
007003.png,kenney_tiny-dungeon/Tilemap/tilemap.png,CC0-1.0
007004.png,kenney_tiny-dungeon/Tilemap/tilemap.png,CC0-1.0
007005.png,kenney_tiny-dungeon/Tilemap/tilemap.png,CC0-1.0
007006.png,kenney_tiny-dungeon/Tilemap/tilemap.png,CC0-1.0
007007.png,kenney_tiny-dungeon/Tilemap/tilemap.png,CC0-1.0
007008.png,kenney_tiny-dungeon/Tilemap/tilemap.png,CC0-1.0
007009.png,kenney_tiny-dungeon/Tilemap/tilemap.png,CC0-1.0
007010.png,kenney_tiny-dungeon/Tilemap/tilemap.png,CC0-1.0
007011.png,kenney_tiny-dungeon/Tilemap/tilemap.png,CC0-1.0
007012.png,kenney_tiny-dungeon/Tilemap/tilemap.png,CC0-1.0
007013.png,kenney_tiny-dungeon/Tilemap/tilemap.png,CC0-1.0
007014.png,kenney_tiny-dungeon/Tilemap/tilemap.png,CC0-1.0
007015.png,kenney_tiny-dungeon/Tilemap/tilemap.png,CC0-1.0
007016.png,kenney_tiny-dungeon/Tilemap/tilemap.png,CC0-1.0
007017.png,kenney_tiny-dungeon/Tilemap/tilemap.png,CC0-1.0
007018.png,kenney_tiny-dungeon/Tilemap/tilemap.png,CC0-1.0
007019.png,kenney_tiny-dungeon/Tilemap/tilemap.png,CC0-1.0
007020.png,kenney_tiny-dungeon/Tilemap/tilemap.png,CC0-1.0
007021.png,kenney_tiny-dungeon/Tilemap/tilemap.png,CC0-1.0
007022.png,kenney_tiny-dungeon/Tilemap/tilemap.png,CC0-1.0
007023.png,kenney_tiny-dungeon/Tilemap/tilemap.png,CC0-1.0
007024.png,kenney_tiny-dungeon/Tilemap/tilemap.png,CC0-1.0
007025.png,kenney_tiny-dungeon/Tilemap/tilemap.png,CC0-1.0
007026.png,kenney_tiny-dungeon/Tilemap/tilemap.png,CC0-1.0
007027.png,kenney_tiny-dungeon/Tilemap/tilemap.png,CC0-1.0
007028.png,kenney_tiny-dungeon/Tilemap/tilemap.png,CC0-1.0
007029.png,kenney_tiny-dungeon/Tilemap/tilemap.png,CC0-1.0
007030.png,kenney_tiny-dungeon/Tilemap/tilemap.png,CC0-1.0
007031.png,kenney_tiny-dungeon/Tilemap/tilemap.png,CC0-1.0
007032.png,kenney_tiny-dungeon/Tilemap/tilemap.png,CC0-1.0
007033.png,kenney_tiny-dungeon/Tilemap/tilemap.png,CC0-1.0
007034.png,kenney_tiny-dungeon/Tilemap/tilemap.png,CC0-1.0
007035.png,kenney_tiny-dungeon/Tilemap/tilemap.png,CC0-1.0
007036.png,kenney_tiny-dungeon/Tilemap/tilemap.png,CC0-1.0
007037.png,kenney_tiny-dungeon/Tilemap/tilemap_packed.png,CC0-1.0
007038.png,kenney_tiny-factory/Tilemap/tilemap.png,CC0-1.0
007039.png,kenney_tiny-factory/Tilemap/tilemap.png,CC0-1.0
007040.png,kenney_tiny-factory/Tilemap/tilemap.png,CC0-1.0
007041.png,kenney_tiny-factory/Tilemap/tilemap.png,CC0-1.0
007042.png,kenney_tiny-factory/Tilemap/tilemap.png,CC0-1.0
007043.png,kenney_tiny-factory/Tilemap/tilemap.png,CC0-1.0
007044.png,kenney_tiny-factory/Tilemap/tilemap.png,CC0-1.0
007045.png,kenney_tiny-factory/Tilemap/tilemap.png,CC0-1.0
007046.png,kenney_tiny-factory/Tilemap/tilemap.png,CC0-1.0
007047.png,kenney_tiny-factory/Tilemap/tilemap.png,CC0-1.0
007048.png,kenney_tiny-factory/Tilemap/tilemap.png,CC0-1.0
007049.png,kenney_tiny-factory/Tilemap/tilemap.png,CC0-1.0
007050.png,kenney_tiny-factory/Tilemap/tilemap.png,CC0-1.0
007051.png,kenney_tiny-factory/Tilemap/tilemap.png,CC0-1.0
007052.png,kenney_tiny-factory/Tilemap/tilemap.png,CC0-1.0
007053.png,kenney_tiny-factory/Tilemap/tilemap.png,CC0-1.0
007054.png,kenney_tiny-factory/Tilemap/tilemap.png,CC0-1.0
007055.png,kenney_tiny-factory/Tilemap/tilemap.png,CC0-1.0
007056.png,kenney_tiny-factory/Tilemap/tilemap.png,CC0-1.0
007057.png,kenney_tiny-factory/Tilemap/tilemap.png,CC0-1.0
007058.png,kenney_tiny-factory/Tilemap/tilemap.png,CC0-1.0
007059.png,kenney_tiny-factory/Tilemap/tilemap.png,CC0-1.0
007060.png,kenney_tiny-factory/Tilemap/tilemap.png,CC0-1.0
007061.png,kenney_tiny-factory/Tilemap/tilemap.png,CC0-1.0
007062.png,kenney_tiny-factory/Tilemap/tilemap.png,CC0-1.0
007063.png,kenney_tiny-factory/Tilemap/tilemap.png,CC0-1.0
007064.png,kenney_tiny-factory/Tilemap/tilemap.png,CC0-1.0
007065.png,kenney_tiny-factory/Tilemap/tilemap.png,CC0-1.0
007066.png,kenney_tiny-factory/Tilemap/tilemap.png,CC0-1.0
007067.png,kenney_tiny-factory/Tilemap/tilemap.png,CC0-1.0
007068.png,kenney_tiny-factory/Tilemap/tilemap.png,CC0-1.0
007069.png,kenney_tiny-factory/Tilemap/tilemap.png,CC0-1.0
007070.png,kenney_tiny-factory/Tilemap/tilemap.png,CC0-1.0
007071.png,kenney_tiny-factory/Tilemap/tilemap.png,CC0-1.0
007072.png,kenney_tiny-factory/Tilemap/tilemap.png,CC0-1.0
007073.png,kenney_tiny-factory/Tilemap/tilemap.png,CC0-1.0
007074.png,kenney_tiny-factory/Tilemap/tilemap.png,CC0-1.0
007075.png,kenney_tiny-factory/Tilemap/tilemap.png,CC0-1.0
007076.png,kenney_tiny-factory/Tilemap/tilemap.png,CC0-1.0
007077.png,kenney_tiny-factory/Tilemap/tilemap.png,CC0-1.0
007078.png,kenney_tiny-factory/Tilemap/tilemap.png,CC0-1.0
007079.png,kenney_tiny-factory/Tilemap/tilemap.png,CC0-1.0
007080.png,kenney_tiny-factory/Tilemap/tilemap.png,CC0-1.0
007081.png,kenney_tiny-factory/Tilemap/tilemap.png,CC0-1.0
007082.png,kenney_tiny-factory/Tilemap/tilemap.png,CC0-1.0
007083.png,kenney_tiny-factory/Tilemap/tilemap.png,CC0-1.0
007084.png,kenney_tiny-factory/Tilemap/tilemap.png,CC0-1.0
007085.png,kenney_tiny-factory/Tilemap/tilemap.png,CC0-1.0
007086.png,kenney_tiny-factory/Tilemap/tilemap.png,CC0-1.0
007087.png,kenney_tiny-factory/Tilemap/tilemap.png,CC0-1.0
007088.png,kenney_tiny-factory/Tilemap/tilemap.png,CC0-1.0
007089.png,kenney_tiny-factory/Tilemap/tilemap.png,CC0-1.0
007090.png,kenney_tiny-factory/Tilemap/tilemap.png,CC0-1.0
007091.png,kenney_tiny-factory/Tilemap/tilemap.png,CC0-1.0
007092.png,kenney_tiny-factory/Tilemap/tilemap.png,CC0-1.0
007093.png,kenney_tiny-factory/Tilemap/tilemap.png,CC0-1.0
007094.png,kenney_tiny-factory/Tilemap/tilemap.png,CC0-1.0
007095.png,kenney_tiny-factory/Tilemap/tilemap.png,CC0-1.0
007096.png,kenney_tiny-factory/Tilemap/tilemap.png,CC0-1.0
007097.png,kenney_tiny-factory/Tilemap/tilemap.png,CC0-1.0
007098.png,kenney_tiny-factory/Tilemap/tilemap.png,CC0-1.0
007099.png,kenney_tiny-factory/Tilemap/tilemap.png,CC0-1.0
007100.png,kenney_tiny-factory/Tilemap/tilemap.png,CC0-1.0
007101.png,kenney_tiny-factory/Tilemap/tilemap.png,CC0-1.0
007102.png,kenney_tiny-factory/Tilemap/tilemap.png,CC0-1.0
007103.png,kenney_tiny-factory/Tilemap/tilemap.png,CC0-1.0
007104.png,kenney_tiny-factory/Tilemap/tilemap.png,CC0-1.0
007105.png,kenney_tiny-factory/Tilemap/tilemap.png,CC0-1.0
007106.png,kenney_tiny-factory/Tilemap/tilemap.png,CC0-1.0
007107.png,kenney_tiny-factory/Tilemap/tilemap.png,CC0-1.0
007108.png,kenney_tiny-factory/Tilemap/tilemap.png,CC0-1.0
007109.png,kenney_tiny-factory/Tilemap/tilemap.png,CC0-1.0
007110.png,kenney_tiny-factory/Tilemap/tilemap.png,CC0-1.0
007111.png,kenney_tiny-factory/Tilemap/tilemap.png,CC0-1.0
007112.png,kenney_tiny-factory/Tilemap/tilemap.png,CC0-1.0
007113.png,kenney_tiny-factory/Tilemap/tilemap.png,CC0-1.0
007114.png,kenney_tiny-factory/Tilemap/tilemap.png,CC0-1.0
007115.png,kenney_tiny-factory/Tilemap/tilemap.png,CC0-1.0
007116.png,kenney_tiny-factory/Tilemap/tilemap.png,CC0-1.0
007117.png,kenney_tiny-factory/Tilemap/tilemap.png,CC0-1.0
007118.png,kenney_tiny-factory/Tilemap/tilemap.png,CC0-1.0
007119.png,kenney_tiny-factory/Tilemap/tilemap.png,CC0-1.0
007120.png,kenney_tiny-factory/Tilemap/tilemap.png,CC0-1.0
007121.png,kenney_tiny-factory/Tilemap/tilemap.png,CC0-1.0
007122.png,kenney_tiny-factory/Tilemap/tilemap.png,CC0-1.0
007123.png,kenney_tiny-factory/Tilemap/tilemap.png,CC0-1.0
007124.png,kenney_tiny-factory/Tilemap/tilemap.png,CC0-1.0
007125.png,kenney_tiny-factory/Tilemap/tilemap.png,CC0-1.0
007126.png,kenney_tiny-factory/Tilemap/tilemap.png,CC0-1.0
007127.png,kenney_tiny-factory/Tilemap/tilemap.png,CC0-1.0
007128.png,kenney_tiny-factory/Tilemap/tilemap.png,CC0-1.0
007129.png,kenney_tiny-factory/Tilemap/tilemap.png,CC0-1.0
007130.png,kenney_tiny-factory/Tilemap/tilemap.png,CC0-1.0
007131.png,kenney_tiny-factory/Tilemap/tilemap.png,CC0-1.0
007132.png,kenney_tiny-factory/Tilemap/tilemap.png,CC0-1.0
007133.png,kenney_tiny-factory/Tilemap/tilemap.png,CC0-1.0
007134.png,kenney_tiny-factory/Tilemap/tilemap.png,CC0-1.0
007135.png,kenney_tiny-factory/Tilemap/tilemap.png,CC0-1.0
007136.png,kenney_tiny-factory/Tilemap/tilemap.png,CC0-1.0
007137.png,kenney_tiny-factory/Tilemap/tilemap.png,CC0-1.0
007138.png,kenney_tiny-factory/Tilemap/tilemap.png,CC0-1.0
007139.png,kenney_tiny-factory/Tilemap/tilemap.png,CC0-1.0
007140.png,kenney_tiny-factory/Tilemap/tilemap.png,CC0-1.0
007141.png,kenney_tiny-factory/Tilemap/tilemap.png,CC0-1.0
007142.png,kenney_tiny-factory/Tilemap/tilemap.png,CC0-1.0
007143.png,kenney_tiny-factory/Tilemap/tilemap.png,CC0-1.0
007144.png,kenney_tiny-factory/Tilemap/tilemap.png,CC0-1.0
007145.png,kenney_tiny-factory/Tilemap/tilemap.png,CC0-1.0
007146.png,kenney_tiny-factory/Tilemap/tilemap.png,CC0-1.0
007147.png,kenney_tiny-factory/Tilemap/tilemap.png,CC0-1.0
007148.png,kenney_tiny-factory/Tilemap/tilemap.png,CC0-1.0
007149.png,kenney_tiny-factory/Tilemap/tilemap.png,CC0-1.0
007150.png,kenney_tiny-factory/Tilemap/tilemap.png,CC0-1.0
007151.png,kenney_tiny-factory/Tilemap/tilemap.png,CC0-1.0
007152.png,kenney_tiny-factory/Tilemap/tilemap.png,CC0-1.0
007153.png,kenney_tiny-factory/Tilemap/tilemap.png,CC0-1.0
007154.png,kenney_tiny-factory/Tilemap/tilemap.png,CC0-1.0
007155.png,kenney_tiny-factory/Tilemap/tilemap.png,CC0-1.0
007156.png,kenney_tiny-factory/Tilemap/tilemap.png,CC0-1.0
007157.png,kenney_tiny-factory/Tilemap/tilemap.png,CC0-1.0
007158.png,kenney_tiny-factory/Tilemap/tilemap.png,CC0-1.0
007159.png,kenney_tiny-factory/Tilemap/tilemap.png,CC0-1.0
007160.png,kenney_tiny-factory/Tilemap/tilemap.png,CC0-1.0
007161.png,kenney_tiny-factory/Tilemap/tilemap.png,CC0-1.0
007162.png,kenney_tiny-factory/Tilemap/tilemap.png,CC0-1.0
007163.png,kenney_tiny-factory/Tilemap/tilemap.png,CC0-1.0
007164.png,kenney_tiny-factory/Tilemap/tilemap.png,CC0-1.0
007165.png,kenney_tiny-factory/Tilemap/tilemap.png,CC0-1.0
007166.png,kenney_tiny-factory/Tilemap/tilemap.png,CC0-1.0
007167.png,kenney_tiny-factory/Tilemap/tilemap_packed.png,CC0-1.0
007168.png,kenney_tiny-factory/Tilemap/tilemap_packed.png,CC0-1.0
007169.png,kenney_tiny-factory/Tilemap/tilemap_packed.png,CC0-1.0
007170.png,kenney_tiny-factory/Tilemap/tilemap_packed.png,CC0-1.0
007171.png,kenney_tiny-factory/Tilemap/tilemap_packed.png,CC0-1.0
007172.png,kenney_tiny-farm/Tilemap/tilemap.png,CC0-1.0
007173.png,kenney_tiny-farm/Tilemap/tilemap.png,CC0-1.0
007174.png,kenney_tiny-farm/Tilemap/tilemap.png,CC0-1.0
007175.png,kenney_tiny-farm/Tilemap/tilemap.png,CC0-1.0
007176.png,kenney_tiny-farm/Tilemap/tilemap.png,CC0-1.0
007177.png,kenney_tiny-farm/Tilemap/tilemap.png,CC0-1.0
007178.png,kenney_tiny-farm/Tilemap/tilemap.png,CC0-1.0
007179.png,kenney_tiny-farm/Tilemap/tilemap.png,CC0-1.0
007180.png,kenney_tiny-farm/Tilemap/tilemap.png,CC0-1.0
007181.png,kenney_tiny-farm/Tilemap/tilemap.png,CC0-1.0
007182.png,kenney_tiny-farm/Tilemap/tilemap.png,CC0-1.0
007183.png,kenney_tiny-farm/Tilemap/tilemap.png,CC0-1.0
007184.png,kenney_tiny-farm/Tilemap/tilemap.png,CC0-1.0
007185.png,kenney_tiny-farm/Tilemap/tilemap.png,CC0-1.0
007186.png,kenney_tiny-farm/Tilemap/tilemap.png,CC0-1.0
007187.png,kenney_tiny-farm/Tilemap/tilemap.png,CC0-1.0
007188.png,kenney_tiny-farm/Tilemap/tilemap.png,CC0-1.0
007189.png,kenney_tiny-farm/Tilemap/tilemap.png,CC0-1.0
007190.png,kenney_tiny-farm/Tilemap/tilemap.png,CC0-1.0
007191.png,kenney_tiny-farm/Tilemap/tilemap.png,CC0-1.0
007192.png,kenney_tiny-farm/Tilemap/tilemap.png,CC0-1.0
007193.png,kenney_tiny-farm/Tilemap/tilemap.png,CC0-1.0
007194.png,kenney_tiny-farm/Tilemap/tilemap.png,CC0-1.0
007195.png,kenney_tiny-farm/Tilemap/tilemap.png,CC0-1.0
007196.png,kenney_tiny-farm/Tilemap/tilemap.png,CC0-1.0
007197.png,kenney_tiny-farm/Tilemap/tilemap.png,CC0-1.0
007198.png,kenney_tiny-farm/Tilemap/tilemap.png,CC0-1.0
007199.png,kenney_tiny-farm/Tilemap/tilemap.png,CC0-1.0
007200.png,kenney_tiny-farm/Tilemap/tilemap.png,CC0-1.0
007201.png,kenney_tiny-farm/Tilemap/tilemap.png,CC0-1.0
007202.png,kenney_tiny-farm/Tilemap/tilemap.png,CC0-1.0
007203.png,kenney_tiny-farm/Tilemap/tilemap.png,CC0-1.0
007204.png,kenney_tiny-farm/Tilemap/tilemap.png,CC0-1.0
007205.png,kenney_tiny-farm/Tilemap/tilemap.png,CC0-1.0
007206.png,kenney_tiny-farm/Tilemap/tilemap.png,CC0-1.0
007207.png,kenney_tiny-farm/Tilemap/tilemap.png,CC0-1.0
007208.png,kenney_tiny-farm/Tilemap/tilemap.png,CC0-1.0
007209.png,kenney_tiny-farm/Tilemap/tilemap.png,CC0-1.0
007210.png,kenney_tiny-farm/Tilemap/tilemap.png,CC0-1.0
007211.png,kenney_tiny-farm/Tilemap/tilemap.png,CC0-1.0
007212.png,kenney_tiny-farm/Tilemap/tilemap.png,CC0-1.0
007213.png,kenney_tiny-farm/Tilemap/tilemap.png,CC0-1.0
007214.png,kenney_tiny-farm/Tilemap/tilemap.png,CC0-1.0
007215.png,kenney_tiny-farm/Tilemap/tilemap.png,CC0-1.0
007216.png,kenney_tiny-farm/Tilemap/tilemap.png,CC0-1.0
007217.png,kenney_tiny-farm/Tilemap/tilemap.png,CC0-1.0
007218.png,kenney_tiny-farm/Tilemap/tilemap.png,CC0-1.0
007219.png,kenney_tiny-farm/Tilemap/tilemap.png,CC0-1.0
007220.png,kenney_tiny-farm/Tilemap/tilemap.png,CC0-1.0
007221.png,kenney_tiny-farm/Tilemap/tilemap.png,CC0-1.0
007222.png,kenney_tiny-farm/Tilemap/tilemap.png,CC0-1.0
007223.png,kenney_tiny-farm/Tilemap/tilemap.png,CC0-1.0
007224.png,kenney_tiny-farm/Tilemap/tilemap.png,CC0-1.0
007225.png,kenney_tiny-farm/Tilemap/tilemap.png,CC0-1.0
007226.png,kenney_tiny-farm/Tilemap/tilemap.png,CC0-1.0
007227.png,kenney_tiny-farm/Tilemap/tilemap.png,CC0-1.0
007228.png,kenney_tiny-farm/Tilemap/tilemap.png,CC0-1.0
007229.png,kenney_tiny-farm/Tilemap/tilemap.png,CC0-1.0
007230.png,kenney_tiny-farm/Tilemap/tilemap.png,CC0-1.0
007231.png,kenney_tiny-farm/Tilemap/tilemap.png,CC0-1.0
007232.png,kenney_tiny-farm/Tilemap/tilemap.png,CC0-1.0
007233.png,kenney_tiny-farm/Tilemap/tilemap.png,CC0-1.0
007234.png,kenney_tiny-farm/Tilemap/tilemap.png,CC0-1.0
007235.png,kenney_tiny-farm/Tilemap/tilemap.png,CC0-1.0
007236.png,kenney_tiny-farm/Tilemap/tilemap.png,CC0-1.0
007237.png,kenney_tiny-farm/Tilemap/tilemap.png,CC0-1.0
007238.png,kenney_tiny-farm/Tilemap/tilemap.png,CC0-1.0
007239.png,kenney_tiny-farm/Tilemap/tilemap.png,CC0-1.0
007240.png,kenney_tiny-farm/Tilemap/tilemap.png,CC0-1.0
007241.png,kenney_tiny-farm/Tilemap/tilemap.png,CC0-1.0
007242.png,kenney_tiny-farm/Tilemap/tilemap.png,CC0-1.0
007243.png,kenney_tiny-farm/Tilemap/tilemap.png,CC0-1.0
007244.png,kenney_tiny-farm/Tilemap/tilemap.png,CC0-1.0
007245.png,kenney_tiny-farm/Tilemap/tilemap.png,CC0-1.0
007246.png,kenney_tiny-farm/Tilemap/tilemap.png,CC0-1.0
007247.png,kenney_tiny-farm/Tilemap/tilemap.png,CC0-1.0
007248.png,kenney_tiny-farm/Tilemap/tilemap.png,CC0-1.0
007249.png,kenney_tiny-farm/Tilemap/tilemap.png,CC0-1.0
007250.png,kenney_tiny-farm/Tilemap/tilemap.png,CC0-1.0
007251.png,kenney_tiny-farm/Tilemap/tilemap.png,CC0-1.0
007252.png,kenney_tiny-farm/Tilemap/tilemap.png,CC0-1.0
007253.png,kenney_tiny-farm/Tilemap/tilemap.png,CC0-1.0
007254.png,kenney_tiny-farm/Tilemap/tilemap.png,CC0-1.0
007255.png,kenney_tiny-farm/Tilemap/tilemap.png,CC0-1.0
007256.png,kenney_tiny-farm/Tilemap/tilemap.png,CC0-1.0
007257.png,kenney_tiny-farm/Tilemap/tilemap.png,CC0-1.0
007258.png,kenney_tiny-farm/Tilemap/tilemap.png,CC0-1.0
007259.png,kenney_tiny-farm/Tilemap/tilemap.png,CC0-1.0
007260.png,kenney_tiny-farm/Tilemap/tilemap.png,CC0-1.0
007261.png,kenney_tiny-farm/Tilemap/tilemap.png,CC0-1.0
007262.png,kenney_tiny-farm/Tilemap/tilemap.png,CC0-1.0
007263.png,kenney_tiny-farm/Tilemap/tilemap.png,CC0-1.0
007264.png,kenney_tiny-farm/Tilemap/tilemap.png,CC0-1.0
007265.png,kenney_tiny-farm/Tilemap/tilemap.png,CC0-1.0
007266.png,kenney_tiny-farm/Tilemap/tilemap.png,CC0-1.0
007267.png,kenney_tiny-farm/Tilemap/tilemap.png,CC0-1.0
007268.png,kenney_tiny-farm/Tilemap/tilemap.png,CC0-1.0
007269.png,kenney_tiny-farm/Tilemap/tilemap.png,CC0-1.0
007270.png,kenney_tiny-farm/Tilemap/tilemap.png,CC0-1.0
007271.png,kenney_tiny-farm/Tilemap/tilemap.png,CC0-1.0
007272.png,kenney_tiny-farm/Tilemap/tilemap.png,CC0-1.0
007273.png,kenney_tiny-farm/Tilemap/tilemap.png,CC0-1.0
007274.png,kenney_tiny-farm/Tilemap/tilemap.png,CC0-1.0
007275.png,kenney_tiny-farm/Tilemap/tilemap.png,CC0-1.0
007276.png,kenney_tiny-farm/Tilemap/tilemap.png,CC0-1.0
007277.png,kenney_tiny-farm/Tilemap/tilemap.png,CC0-1.0
007278.png,kenney_tiny-farm/Tilemap/tilemap.png,CC0-1.0
007279.png,kenney_tiny-farm/Tilemap/tilemap.png,CC0-1.0
007280.png,kenney_tiny-farm/Tilemap/tilemap.png,CC0-1.0
007281.png,kenney_tiny-farm/Tilemap/tilemap.png,CC0-1.0
007282.png,kenney_tiny-farm/Tilemap/tilemap.png,CC0-1.0
007283.png,kenney_tiny-farm/Tilemap/tilemap.png,CC0-1.0
007284.png,kenney_tiny-farm/Tilemap/tilemap.png,CC0-1.0
007285.png,kenney_tiny-farm/Tilemap/tilemap.png,CC0-1.0
007286.png,kenney_tiny-farm/Tilemap/tilemap.png,CC0-1.0
007287.png,kenney_tiny-farm/Tilemap/tilemap.png,CC0-1.0
007288.png,kenney_tiny-farm/Tilemap/tilemap.png,CC0-1.0
007289.png,kenney_tiny-farm/Tilemap/tilemap.png,CC0-1.0
007290.png,kenney_tiny-farm/Tilemap/tilemap.png,CC0-1.0
007291.png,kenney_tiny-farm/Tilemap/tilemap.png,CC0-1.0
007292.png,kenney_tiny-farm/Tilemap/tilemap.png,CC0-1.0
007293.png,kenney_tiny-farm/Tilemap/tilemap.png,CC0-1.0
007294.png,kenney_tiny-farm/Tilemap/tilemap.png,CC0-1.0
007295.png,kenney_tiny-farm/Tilemap/tilemap.png,CC0-1.0
007296.png,kenney_tiny-farm/Tilemap/tilemap_packed.png,CC0-1.0
007297.png,kenney_tiny-farm/Tilemap/tilemap_packed.png,CC0-1.0
007298.png,kenney_tiny-farm/Tilemap/tilemap_packed.png,CC0-1.0
007299.png,kenney_tiny-farm/Tilemap/tilemap_packed.png,CC0-1.0
007300.png,kenney_tiny-farm/Tilemap/tilemap_packed.png,CC0-1.0
007301.png,kenney_tiny-farm/Tilemap/tilemap_packed.png,CC0-1.0
007302.png,kenney_tiny-farm/Tilemap/tilemap_packed.png,CC0-1.0
007303.png,kenney_tiny-ski/Tilemap/tilemap.png,CC0-1.0
007304.png,kenney_tiny-ski/Tilemap/tilemap.png,CC0-1.0
007305.png,kenney_tiny-ski/Tilemap/tilemap.png,CC0-1.0
007306.png,kenney_tiny-ski/Tilemap/tilemap.png,CC0-1.0
007307.png,kenney_tiny-ski/Tilemap/tilemap.png,CC0-1.0
007308.png,kenney_tiny-ski/Tilemap/tilemap.png,CC0-1.0
007309.png,kenney_tiny-ski/Tilemap/tilemap.png,CC0-1.0
007310.png,kenney_tiny-ski/Tilemap/tilemap.png,CC0-1.0
007311.png,kenney_tiny-ski/Tilemap/tilemap.png,CC0-1.0
007312.png,kenney_tiny-ski/Tilemap/tilemap.png,CC0-1.0
007313.png,kenney_tiny-ski/Tilemap/tilemap.png,CC0-1.0
007314.png,kenney_tiny-ski/Tilemap/tilemap.png,CC0-1.0
007315.png,kenney_tiny-ski/Tilemap/tilemap.png,CC0-1.0
007316.png,kenney_tiny-ski/Tilemap/tilemap.png,CC0-1.0
007317.png,kenney_tiny-ski/Tilemap/tilemap.png,CC0-1.0
007318.png,kenney_tiny-ski/Tilemap/tilemap.png,CC0-1.0
007319.png,kenney_tiny-ski/Tilemap/tilemap.png,CC0-1.0
007320.png,kenney_tiny-ski/Tilemap/tilemap.png,CC0-1.0
007321.png,kenney_tiny-ski/Tilemap/tilemap.png,CC0-1.0
007322.png,kenney_tiny-ski/Tilemap/tilemap.png,CC0-1.0
007323.png,kenney_tiny-ski/Tilemap/tilemap.png,CC0-1.0
007324.png,kenney_tiny-ski/Tilemap/tilemap.png,CC0-1.0
007325.png,kenney_tiny-ski/Tilemap/tilemap.png,CC0-1.0
007326.png,kenney_tiny-ski/Tilemap/tilemap.png,CC0-1.0
007327.png,kenney_tiny-ski/Tilemap/tilemap.png,CC0-1.0
007328.png,kenney_tiny-ski/Tilemap/tilemap.png,CC0-1.0
007329.png,kenney_tiny-ski/Tilemap/tilemap.png,CC0-1.0
007330.png,kenney_tiny-ski/Tilemap/tilemap.png,CC0-1.0
007331.png,kenney_tiny-ski/Tilemap/tilemap.png,CC0-1.0
007332.png,kenney_tiny-ski/Tilemap/tilemap.png,CC0-1.0
007333.png,kenney_tiny-ski/Tilemap/tilemap.png,CC0-1.0
007334.png,kenney_tiny-ski/Tilemap/tilemap.png,CC0-1.0
007335.png,kenney_tiny-ski/Tilemap/tilemap.png,CC0-1.0
007336.png,kenney_tiny-ski/Tilemap/tilemap.png,CC0-1.0
007337.png,kenney_tiny-ski/Tilemap/tilemap.png,CC0-1.0
007338.png,kenney_tiny-ski/Tilemap/tilemap.png,CC0-1.0
007339.png,kenney_tiny-ski/Tilemap/tilemap.png,CC0-1.0
007340.png,kenney_tiny-ski/Tilemap/tilemap.png,CC0-1.0
007341.png,kenney_tiny-ski/Tilemap/tilemap.png,CC0-1.0
007342.png,kenney_tiny-ski/Tilemap/tilemap.png,CC0-1.0
007343.png,kenney_tiny-ski/Tilemap/tilemap.png,CC0-1.0
007344.png,kenney_tiny-ski/Tilemap/tilemap.png,CC0-1.0
007345.png,kenney_tiny-ski/Tilemap/tilemap.png,CC0-1.0
007346.png,kenney_tiny-ski/Tilemap/tilemap.png,CC0-1.0
007347.png,kenney_tiny-ski/Tilemap/tilemap.png,CC0-1.0
007348.png,kenney_tiny-ski/Tilemap/tilemap.png,CC0-1.0
007349.png,kenney_tiny-ski/Tilemap/tilemap.png,CC0-1.0
007350.png,kenney_tiny-ski/Tilemap/tilemap.png,CC0-1.0
007351.png,kenney_tiny-ski/Tilemap/tilemap.png,CC0-1.0
007352.png,kenney_tiny-ski/Tilemap/tilemap.png,CC0-1.0
007353.png,kenney_tiny-ski/Tilemap/tilemap.png,CC0-1.0
007354.png,kenney_tiny-ski/Tilemap/tilemap.png,CC0-1.0
007355.png,kenney_tiny-ski/Tilemap/tilemap.png,CC0-1.0
007356.png,kenney_tiny-ski/Tilemap/tilemap.png,CC0-1.0
007357.png,kenney_tiny-ski/Tilemap/tilemap.png,CC0-1.0
007358.png,kenney_tiny-ski/Tilemap/tilemap.png,CC0-1.0
007359.png,kenney_tiny-ski/Tilemap/tilemap.png,CC0-1.0
007360.png,kenney_tiny-ski/Tilemap/tilemap.png,CC0-1.0
007361.png,kenney_tiny-ski/Tilemap/tilemap.png,CC0-1.0
007362.png,kenney_tiny-ski/Tilemap/tilemap.png,CC0-1.0
007363.png,kenney_tiny-ski/Tilemap/tilemap.png,CC0-1.0
007364.png,kenney_tiny-ski/Tilemap/tilemap.png,CC0-1.0
007365.png,kenney_tiny-ski/Tilemap/tilemap.png,CC0-1.0
007366.png,kenney_tiny-ski/Tilemap/tilemap.png,CC0-1.0
007367.png,kenney_tiny-ski/Tilemap/tilemap.png,CC0-1.0
007368.png,kenney_tiny-ski/Tilemap/tilemap.png,CC0-1.0
007369.png,kenney_tiny-ski/Tilemap/tilemap.png,CC0-1.0
007370.png,kenney_tiny-ski/Tilemap/tilemap.png,CC0-1.0
007371.png,kenney_tiny-ski/Tilemap/tilemap.png,CC0-1.0
007372.png,kenney_tiny-ski/Tilemap/tilemap.png,CC0-1.0
007373.png,kenney_tiny-ski/Tilemap/tilemap.png,CC0-1.0
007374.png,kenney_tiny-ski/Tilemap/tilemap.png,CC0-1.0
007375.png,kenney_tiny-ski/Tilemap/tilemap.png,CC0-1.0
007376.png,kenney_tiny-ski/Tilemap/tilemap.png,CC0-1.0
007377.png,kenney_tiny-ski/Tilemap/tilemap.png,CC0-1.0
007378.png,kenney_tiny-ski/Tilemap/tilemap.png,CC0-1.0
007379.png,kenney_tiny-ski/Tilemap/tilemap.png,CC0-1.0
007380.png,kenney_tiny-ski/Tilemap/tilemap.png,CC0-1.0
007381.png,kenney_tiny-ski/Tilemap/tilemap.png,CC0-1.0
007382.png,kenney_tiny-ski/Tilemap/tilemap.png,CC0-1.0
007383.png,kenney_tiny-ski/Tilemap/tilemap.png,CC0-1.0
007384.png,kenney_tiny-ski/Tilemap/tilemap.png,CC0-1.0
007385.png,kenney_tiny-ski/Tilemap/tilemap.png,CC0-1.0
007386.png,kenney_tiny-ski/Tilemap/tilemap.png,CC0-1.0
007387.png,kenney_tiny-ski/Tilemap/tilemap.png,CC0-1.0
007388.png,kenney_tiny-ski/Tilemap/tilemap.png,CC0-1.0
007389.png,kenney_tiny-ski/Tilemap/tilemap.png,CC0-1.0
007390.png,kenney_tiny-ski/Tilemap/tilemap.png,CC0-1.0
007391.png,kenney_tiny-ski/Tilemap/tilemap.png,CC0-1.0
007392.png,kenney_tiny-ski/Tilemap/tilemap.png,CC0-1.0
007393.png,kenney_tiny-ski/Tilemap/tilemap.png,CC0-1.0
007394.png,kenney_tiny-ski/Tilemap/tilemap.png,CC0-1.0
007395.png,kenney_tiny-ski/Tilemap/tilemap.png,CC0-1.0
007396.png,kenney_tiny-ski/Tilemap/tilemap.png,CC0-1.0
007397.png,kenney_tiny-ski/Tilemap/tilemap.png,CC0-1.0
007398.png,kenney_tiny-ski/Tilemap/tilemap.png,CC0-1.0
007399.png,kenney_tiny-ski/Tilemap/tilemap.png,CC0-1.0
007400.png,kenney_tiny-ski/Tilemap/tilemap.png,CC0-1.0
007401.png,kenney_tiny-ski/Tilemap/tilemap.png,CC0-1.0
007402.png,kenney_tiny-ski/Tilemap/tilemap.png,CC0-1.0
007403.png,kenney_tiny-ski/Tilemap/tilemap.png,CC0-1.0
007404.png,kenney_tiny-ski/Tilemap/tilemap.png,CC0-1.0
007405.png,kenney_tiny-ski/Tilemap/tilemap.png,CC0-1.0
007406.png,kenney_tiny-ski/Tilemap/tilemap.png,CC0-1.0
007407.png,kenney_tiny-ski/Tilemap/tilemap.png,CC0-1.0
007408.png,kenney_tiny-ski/Tilemap/tilemap.png,CC0-1.0
007409.png,kenney_tiny-ski/Tilemap/tilemap.png,CC0-1.0
007410.png,kenney_tiny-ski/Tilemap/tilemap.png,CC0-1.0
007411.png,kenney_tiny-ski/Tilemap/tilemap.png,CC0-1.0
007412.png,kenney_tiny-ski/Tilemap/tilemap.png,CC0-1.0
007413.png,kenney_tiny-ski/Tilemap/tilemap.png,CC0-1.0
007414.png,kenney_tiny-ski/Tilemap/tilemap.png,CC0-1.0
007415.png,kenney_tiny-ski/Tilemap/tilemap.png,CC0-1.0
007416.png,kenney_tiny-ski/Tilemap/tilemap.png,CC0-1.0
007417.png,kenney_tiny-ski/Tilemap/tilemap.png,CC0-1.0
007418.png,kenney_tiny-ski/Tilemap/tilemap_packed.png,CC0-1.0
007419.png,kenney_tiny-ski/Tilemap/tilemap_packed.png,CC0-1.0
007420.png,kenney_tiny-ski/Tilemap/tilemap_packed.png,CC0-1.0
007421.png,kenney_tiny-ski/Tilemap/tilemap_packed.png,CC0-1.0
007422.png,kenney_tiny-town/Tilemap/tilemap.png,CC0-1.0
007423.png,kenney_tiny-town/Tilemap/tilemap.png,CC0-1.0
007424.png,kenney_tiny-town/Tilemap/tilemap.png,CC0-1.0
007425.png,kenney_tiny-town/Tilemap/tilemap.png,CC0-1.0
007426.png,kenney_tiny-town/Tilemap/tilemap.png,CC0-1.0
007427.png,kenney_tiny-town/Tilemap/tilemap.png,CC0-1.0
007428.png,kenney_tiny-town/Tilemap/tilemap.png,CC0-1.0
007429.png,kenney_tiny-town/Tilemap/tilemap.png,CC0-1.0
007430.png,kenney_tiny-town/Tilemap/tilemap.png,CC0-1.0
007431.png,kenney_tiny-town/Tilemap/tilemap.png,CC0-1.0
007432.png,kenney_tiny-town/Tilemap/tilemap.png,CC0-1.0
007433.png,kenney_tiny-town/Tilemap/tilemap.png,CC0-1.0
007434.png,kenney_tiny-town/Tilemap/tilemap.png,CC0-1.0
007435.png,kenney_tiny-town/Tilemap/tilemap.png,CC0-1.0
007436.png,kenney_tiny-town/Tilemap/tilemap.png,CC0-1.0
007437.png,kenney_tiny-town/Tilemap/tilemap.png,CC0-1.0
007438.png,kenney_tiny-town/Tilemap/tilemap.png,CC0-1.0
007439.png,kenney_tiny-town/Tilemap/tilemap.png,CC0-1.0
007440.png,kenney_tiny-town/Tilemap/tilemap.png,CC0-1.0
007441.png,kenney_tiny-town/Tilemap/tilemap.png,CC0-1.0
007442.png,kenney_tiny-town/Tilemap/tilemap.png,CC0-1.0
007443.png,kenney_tiny-town/Tilemap/tilemap.png,CC0-1.0
007444.png,kenney_tiny-town/Tilemap/tilemap.png,CC0-1.0
007445.png,kenney_tiny-town/Tilemap/tilemap.png,CC0-1.0
007446.png,kenney_tiny-town/Tilemap/tilemap.png,CC0-1.0
007447.png,kenney_tiny-town/Tilemap/tilemap.png,CC0-1.0
007448.png,kenney_tiny-town/Tilemap/tilemap.png,CC0-1.0
007449.png,kenney_tiny-town/Tilemap/tilemap.png,CC0-1.0
007450.png,kenney_tiny-town/Tilemap/tilemap.png,CC0-1.0
007451.png,kenney_tiny-town/Tilemap/tilemap.png,CC0-1.0
007452.png,kenney_tiny-town/Tilemap/tilemap.png,CC0-1.0
007453.png,kenney_tiny-town/Tilemap/tilemap.png,CC0-1.0
007454.png,kenney_tiny-town/Tilemap/tilemap.png,CC0-1.0
007455.png,kenney_tiny-town/Tilemap/tilemap.png,CC0-1.0
007456.png,kenney_tiny-town/Tilemap/tilemap.png,CC0-1.0
007457.png,kenney_tiny-town/Tilemap/tilemap.png,CC0-1.0
007458.png,kenney_tiny-town/Tilemap/tilemap.png,CC0-1.0
007459.png,kenney_tiny-town/Tilemap/tilemap.png,CC0-1.0
007460.png,kenney_tiny-town/Tilemap/tilemap.png,CC0-1.0
007461.png,kenney_tiny-town/Tilemap/tilemap.png,CC0-1.0
007462.png,kenney_tiny-town/Tilemap/tilemap.png,CC0-1.0
007463.png,kenney_tiny-town/Tilemap/tilemap.png,CC0-1.0
007464.png,kenney_tiny-town/Tilemap/tilemap.png,CC0-1.0
007465.png,kenney_tiny-town/Tilemap/tilemap.png,CC0-1.0
007466.png,kenney_tiny-town/Tilemap/tilemap.png,CC0-1.0
007467.png,kenney_tiny-town/Tilemap/tilemap.png,CC0-1.0
007468.png,kenney_tiny-town/Tilemap/tilemap.png,CC0-1.0
007469.png,kenney_tiny-town/Tilemap/tilemap.png,CC0-1.0
007470.png,kenney_tiny-town/Tilemap/tilemap.png,CC0-1.0
007471.png,kenney_tiny-town/Tilemap/tilemap.png,CC0-1.0
007472.png,kenney_tiny-town/Tilemap/tilemap.png,CC0-1.0
007473.png,kenney_tiny-town/Tilemap/tilemap.png,CC0-1.0
007474.png,kenney_tiny-town/Tilemap/tilemap.png,CC0-1.0
007475.png,kenney_tiny-town/Tilemap/tilemap.png,CC0-1.0
007476.png,kenney_tiny-town/Tilemap/tilemap.png,CC0-1.0
007477.png,kenney_tiny-town/Tilemap/tilemap.png,CC0-1.0
007478.png,kenney_tiny-town/Tilemap/tilemap.png,CC0-1.0
007479.png,kenney_tiny-town/Tilemap/tilemap.png,CC0-1.0
007480.png,kenney_tiny-town/Tilemap/tilemap.png,CC0-1.0
007481.png,kenney_tiny-town/Tilemap/tilemap.png,CC0-1.0
007482.png,kenney_tiny-town/Tilemap/tilemap.png,CC0-1.0
007483.png,kenney_tiny-town/Tilemap/tilemap.png,CC0-1.0
007484.png,kenney_tiny-town/Tilemap/tilemap.png,CC0-1.0
007485.png,kenney_tiny-town/Tilemap/tilemap.png,CC0-1.0
007486.png,kenney_tiny-town/Tilemap/tilemap.png,CC0-1.0
007487.png,kenney_tiny-town/Tilemap/tilemap.png,CC0-1.0
007488.png,kenney_tiny-town/Tilemap/tilemap.png,CC0-1.0
007489.png,kenney_tiny-town/Tilemap/tilemap.png,CC0-1.0
007490.png,kenney_tiny-town/Tilemap/tilemap.png,CC0-1.0
007491.png,kenney_tiny-town/Tilemap/tilemap.png,CC0-1.0
007492.png,kenney_tiny-town/Tilemap/tilemap.png,CC0-1.0
007493.png,kenney_tiny-town/Tilemap/tilemap.png,CC0-1.0
007494.png,kenney_tiny-town/Tilemap/tilemap.png,CC0-1.0
007495.png,kenney_tiny-town/Tilemap/tilemap.png,CC0-1.0
007496.png,kenney_tiny-town/Tilemap/tilemap.png,CC0-1.0
007497.png,kenney_tiny-town/Tilemap/tilemap.png,CC0-1.0
007498.png,kenney_tiny-town/Tilemap/tilemap.png,CC0-1.0
007499.png,kenney_tiny-town/Tilemap/tilemap.png,CC0-1.0
007500.png,kenney_tiny-town/Tilemap/tilemap.png,CC0-1.0
007501.png,kenney_tiny-town/Tilemap/tilemap.png,CC0-1.0
007502.png,kenney_tiny-town/Tilemap/tilemap.png,CC0-1.0
007503.png,kenney_tiny-town/Tilemap/tilemap.png,CC0-1.0
007504.png,kenney_tiny-town/Tilemap/tilemap.png,CC0-1.0
007505.png,kenney_tiny-town/Tilemap/tilemap.png,CC0-1.0
007506.png,kenney_tiny-town/Tilemap/tilemap.png,CC0-1.0
007507.png,kenney_tiny-town/Tilemap/tilemap.png,CC0-1.0
007508.png,kenney_tiny-town/Tilemap/tilemap.png,CC0-1.0
007509.png,kenney_tiny-town/Tilemap/tilemap.png,CC0-1.0
007510.png,kenney_tiny-town/Tilemap/tilemap.png,CC0-1.0
007511.png,kenney_tiny-town/Tilemap/tilemap.png,CC0-1.0
007512.png,kenney_tiny-town/Tilemap/tilemap.png,CC0-1.0
007513.png,kenney_tiny-town/Tilemap/tilemap.png,CC0-1.0
007514.png,kenney_tiny-town/Tilemap/tilemap.png,CC0-1.0
007515.png,kenney_tiny-town/Tilemap/tilemap.png,CC0-1.0
007516.png,kenney_tiny-town/Tilemap/tilemap.png,CC0-1.0
007517.png,kenney_tiny-town/Tilemap/tilemap.png,CC0-1.0
007518.png,kenney_tiny-town/Tilemap/tilemap.png,CC0-1.0
007519.png,kenney_tiny-town/Tilemap/tilemap.png,CC0-1.0
007520.png,kenney_tiny-town/Tilemap/tilemap.png,CC0-1.0
007521.png,kenney_tiny-town/Tilemap/tilemap.png,CC0-1.0
007522.png,kenney_tiny-town/Tilemap/tilemap.png,CC0-1.0
007523.png,kenney_tiny-town/Tilemap/tilemap.png,CC0-1.0
007524.png,kenney_tiny-town/Tilemap/tilemap.png,CC0-1.0
007525.png,kenney_tiny-town/Tilemap/tilemap.png,CC0-1.0
007526.png,kenney_tiny-town/Tilemap/tilemap.png,CC0-1.0
007527.png,kenney_tiny-town/Tilemap/tilemap.png,CC0-1.0
007528.png,kenney_tiny-town/Tilemap/tilemap.png,CC0-1.0
007529.png,kenney_tiny-town/Tilemap/tilemap.png,CC0-1.0
007530.png,kenney_tiny-town/Tilemap/tilemap.png,CC0-1.0
007531.png,kenney_tiny-town/Tilemap/tilemap.png,CC0-1.0
007532.png,kenney_tiny-town/Tilemap/tilemap.png,CC0-1.0
007533.png,kenney_tiny-town/Tilemap/tilemap.png,CC0-1.0
007534.png,kenney_tiny-town/Tilemap/tilemap.png,CC0-1.0
007535.png,kenney_tiny-town/Tilemap/tilemap.png,CC0-1.0
007536.png,kenney_tiny-town/Tilemap/tilemap.png,CC0-1.0
007537.png,kenney_tiny-town/Tilemap/tilemap.png,CC0-1.0
007538.png,kenney_tiny-town/Tilemap/tilemap.png,CC0-1.0
007539.png,kenney_tiny-town/Tilemap/tilemap.png,CC0-1.0
007540.png,kenney_tiny-town/Tilemap/tilemap.png,CC0-1.0
007541.png,kenney_tiny-town/Tilemap/tilemap.png,CC0-1.0
007542.png,kenney_tiny-town/Tilemap/tilemap_packed.png,CC0-1.0
007543.png,kenney_tiny-town/Tilemap/tilemap_packed.png,CC0-1.0
007544.png,kenney_tiny-town/Tilemap/tilemap_packed.png,CC0-1.0
007545.png,kenney_tiny-town/Tilemap/tilemap_packed.png,CC0-1.0
007546.png,kenney_tiny-town/Tilemap/tilemap_packed.png,CC0-1.0
